id,theme,title,publisher,year,url,doc_type,relevance
FR-01,1. Fiscal risk & PPPs,Guidance Note for the Public-Private Partnerships Fiscal Risk Assessment Model (PFRAM) 2.0,IMF & World Bank Group (via PPIAF),2019,https://ppiaf.org/documents/5783,Guidance note,"Core method for quantifying fiscal costs, deficit/debt impact and contingent liabilities of a PPP or PPP portfolio; template for the toolkit's fiscal module."
FR-02,1. Fiscal risk & PPPs,Public-Private Partnerships Fiscal Risk Assessment Model (PFRAM): Version 2.0 (Excel tool),IMF & World Bank Group (via PPIAF),2019,https://ppiaf.org/documents/5782,Model/tool,"Excel tool the toolkit should mirror or interoperate with (questionnaire-style, portfolio-level, macro shocks)."
FR-03,1. Fiscal risk & PPPs,PFRAM 2.0 User Manual,IMF (Infrastructure Governance site),2019 (PFRAM 2.0 release),https://infrastructuregovern.imf.org/content/dam/PIMA/Forum/IGEUR/Resources/PFRAM%202.0%20User%20Manual.pdf,User manual,"Step-by-step input definitions (government payments, guarantees, termination) to align toolkit inputs with PFRAM."
FR-04,1. Fiscal risk & PPPs,A Framework for Disclosure in Public-Private Partnerships,World Bank / PPIAF / CoST (G20-endorsed),2015,https://ppp.worldbank.org/library/framework-disclosure-public-private-partnerships-2015,Framework/guidance,Standard for proactive pre-/post-procurement disclosure of PPP contracts and fiscal commitments; basis for a disclosure checklist.
FR-05,1. Fiscal risk & PPPs,"Guidance on PPP Contractual Provisions, 2019 Edition",World Bank (Allen & Overy; PPIAF-funded),2019,https://ppp.worldbank.org/public-private-partnership/sites/default/files/2021-03/Guidance%20on%20PPP%20Contractual%20Provisions_2019%20edition.pdf,Contract guidance,"Model drafting on force majeure, MAGA, change in law, termination payments, step-in and handback - the clauses that create contingent liabilities."
FR-06,1. Fiscal risk & PPPs,PPP Reference Guide Version 3.0,"World Bank Group, ADB, EBRD, GI Hub, IDB, IsDB, OECD, UNESCAP",2017,https://ppp.worldbank.org/public-private-partnership/sites/default/files/2024-08/PPP%20Reference%20Guide%20Version%203.pdf,Reference guide,"Covers fiscal commitments, budgeting for contingent liabilities, accounting and disclosure of PPP liabilities."
FR-07,1. Fiscal risk & PPPs,Controlling Aggregate Exposure to PPPs (PPP Knowledge Lab page on fiscal commitments and contingent liabilities),World Bank PPP Knowledge Lab / PPPLRC,n.d.,https://ppp.worldbank.org/public-private-partnership/controlling-aggregate-exposure-ppps,Web guidance,Examples of ceilings/rules limiting total PPP exposure (direct vs contingent) - input for portfolio caps in the toolkit.
FR-08,1. Fiscal risk & PPPs,Fiscal Transparency Code (2019),IMF (listed in FSB Compendium of Standards),2019,https://www.fsb.org/2019/01/fiscal-transparency-code/,International standard,Pillar III (fiscal risk analysis & management) requires disclosure and management of contingent liabilities incl. PPPs and SOEs.
FR-09,1. Fiscal risk & PPPs,Guidance Note on the Bank-Fund Debt Sustainability Framework for Low Income Countries,IMF & World Bank (IMF Policy Paper),2018,https://www.worldbank.org/content/dam/LIC%20DSF/Site%20File/assets/documentation/pp122617guidance-note-on-lic-dsf.pdf,Policy paper / guidance,"Defines debt thresholds and the contingent-liability stress test (SOE, PPP, financial) used to judge whether hydro liabilities breach fiscal space."
FR-10,1. Fiscal risk & PPPs,Supplement to 2018 Guidance Note on the Bank-Fund Debt Sustainability Framework for Low Income Countries,IMF & World Bank (IMF Policy Paper),2024,https://www.imf.org/en/Publications/Policy-Papers/Issues/2024/08/05/Supplement-to-2018-Guidance-Note-on-the-Bank-Fund-Debt-Sustainability-Framework-for-Low-553151,Policy paper,Latest operational updates to LIC-DSF practice; check before applying FR-09 parameters.
FR-11,1. Fiscal risk & PPPs,SOE Health Check Tool - User Guide,IMF Fiscal Affairs Department (Fiscal Risks Toolkit),n.d.,https://imf.org/-/media/Files/Topics/Fiscal/Fiscal-Risks/Tool/soe-health-check-user-guide.ashx,Tool user guide,"Ratio-based screening of utility (offtaker) profitability, liquidity and solvency - for the offtaker-credit module."
FR-12,1. Fiscal risk & PPPs,SOE Stress Test Tool - User Guide (Jan 2023),IMF Fiscal Affairs Department,2023,https://imf.org/-/media/Files/Topics/Fiscal/Fiscal-Risks/Tool/user-guide-soe-stt-jan-2023.ashx,Tool user guide,"Multi-year macro stress testing of SOEs (e.g., utility under drought / FX shock) to estimate when fiscal costs crystallise."
FR-13,1. Fiscal risk & PPPs,The Fiscal Costs of Contingent Liabilities: A New Dataset (WP/16/14),"Bova, Ruiz-Arranz, Toscani, Ture / IMF",2016,https://www.imf.org/en/Publications/WP/Issues/2016/12/31/The-Fiscal-Costs-of-Contingent-Liabilities-A-New-Dataset-43685,Working paper,Empirical frequency/cost of contingent-liability realisations (1990-2014) incl. PPPs and SOEs - calibrates fiscal-shock sizes.
FR-14,1. Fiscal risk & PPPs,Contingent Government Liabilities: A Hidden Risk for Fiscal Stability (PRWP 1989),Hana Polackova / World Bank,1998,https://ppp.worldbank.org/node/5741,Working paper,Origin of the fiscal risk matrix (direct/contingent x explicit/implicit) used to classify hydro PPP exposures.
FR-15,1. Fiscal risk & PPPs,Debt & Fiscal Risks Toolkit - Fiscal Risk,World Bank,n.d.,https://www.worldbank.org/en/programs/debt-toolkit/fiscal-risk,Toolkit portal,"Lists FRA, guarantee-management framework, credit rating stylised tool for public corporations, PFRAM, stochastic DSA, fiscal risk matrix."
FR-16,1. Fiscal risk & PPPs,Off the Books: Understanding and Mitigating the Fiscal Risks of Infrastructure,"Musacchio, Herrera Dappe, Ter-Minassian, Foster, Turkgulu / World Bank",2023,https://openknowledge.worldbank.org/handle/10986/39459,Book (flagship),"Quantifies fiscal risks from power SOEs, PPPs and direct provision; reform agenda (PIM, fiscal risk mgmt, SOE governance)."
FR-17,1. Fiscal risk & PPPs,Off the Books: Understanding and Mitigating the Fiscal Risks of the Power Sector (Live Wire 2023/128),World Bank Energy & Extractives GP,2023,https://openknowledge.worldbank.org/bitstreams/2f561ab9-3b26-4680-9b19-aed4dc6feee4/download,Knowledge note,"Power-sector specific evidence: SOE fiscal injections, budget under-execution, PPP renegotiation frequency."
FR-18,1. Fiscal risk & PPPs,Helping Countries Manage Fiscal Risks from Public Private Partnerships,IMF Institute/Capacity Development page,n.d.,https://www.imf.org/external/np/ins/english/capacity_countries_pf_global.htm,Web page,IMF capacity-development offer on PPP fiscal risk (PFRAM training) - for government user onboarding.
UT-01,2. Power utility viability,Making Power Affordable for Africa and Viable for Its Utilities,Masami Kojima & Chris Trimble / World Bank (AFREA),2016,https://openknowledge.worldbank.org/handle/10986/25091,Flagship report,39-country assessment of utility cost recovery; the reference for offtaker weakness that drives PPA payment risk.
UT-02,2. Power utility viability,Financial Viability of Electricity Sectors in Sub-Saharan Africa: Quasi-Fiscal Deficits and Hidden Costs (WPS7788),"Trimble, Kojima, Perez Arroyo, Mohammadzadeh / World Bank",2016,https://documents1.worldbank.org/curated/en/182071470748085038/pdf/WPS7788.pdf,Policy research working paper,"Defines QFD and benchmark efficiency (10% losses, 100% collection) - directly usable as default offtaker-efficiency parameters."
UT-03,2. Power utility viability,Rethinking Power Sector Reform in the Developing World,Vivien Foster & Anshul Rana / World Bank (Sustainable Infrastructure Series),2020,https://openknowledge.worldbank.org/entities/publication/1ed3a6de-0d51-5a4f-92c3-ea3bc034947b,Flagship report,"Evidence on which reforms (regulation, IPPs, unbundling) improved outcomes; frames realistic offtaker reform assumptions."
UT-04,2. Power utility viability,A new tool to measure - and help improve - the performance of Africa's electric utilities: The UPBEAT data platform,World Bank (Energy blog),n.d. (platform launched 2019-2020),https://blogs.worldbank.org/en/energy/new-tool-measure-and-help-improve-performance-africas-electric-utilities-upbeat-data,Blog/launch note,Introduces UPBEAT utility benchmarking (60 indicators) for offtaker due diligence.
UT-05,2. Power utility viability,Utility Performance and Behavior in Africa Today (UPBEAT) data platform,World Bank / APUA / AfDB,2019- (ongoing),https://utilityperformance.energydata.info/about/,Database,Utility-level financial/operational/governance indicators for 70+ SSA utilities - data feed for offtaker scoring.
UT-06,2. Power utility viability,Cost Recovery and Financial Viability of the Power Sector in Developing Countries: Insights from 15 Case Studies (WPS 9136),"Huenteler, Hankinson, Rosenthal, Balabanyan, Kochnakyan et al. / World Bank",2020,https://ideas.repec.org/p/wbk/wbrwps/9136.html,Policy research working paper,Shows tariffs rarely cover full cost and cost recovery often declines post-reform; supports tariff-path stress tests.
UT-07,2. Power utility viability,Cost Recovery and Financial Viability of the Power Sector in Developing Countries: A Literature Review (WPS 8287),Huenteler et al. / World Bank,2017,https://documents.worldbank.org/en/publication/documents-reports/documentdetail/896141513777558023/Cost-recovery-and-financial-viability-of-the-power-sector-in-developing-countries-a-literature-review,Policy research working paper,Literature base on cost-recovery definitions and measurement.
UT-08,2. Power utility viability,"Sub-Saharan Africa - Utilities Technical, Financial, and Tariff Databases (2016)",World Bank (hosted on openAFRICA),2016,https://open.africa/dataset/making-power-affordable-for-africa-and-viable-for-its-utilities,Dataset,Underlying country/utility data for UT-01/UT-02 to pre-populate country defaults.
UT-09,2. Power utility viability,How Africa's Electricity Providers Can Be Profitable and Still Make Electricity Affordable (press release),World Bank,2016,https://www.worldbank.org/en/news/press-release/2016/10/27/how-africas-electricity-providers-can-be-profitable-and-still-make-electricity-affordable,Press release,Plain-language summary of UT-01 findings for policy audiences.
HY-01,3. Hydropower,Renewable Power Generation Costs in 2024,IRENA,2025,https://www.irena.org/-/media/Files/IRENA/Agency/Publication/2025/Jul/IRENA_TEC_RPGC_in_2024_2025.pdf,Statistical report,"Primary source for hydro CAPEX, capacity factor, O&M and LCOE defaults, incl. Africa regional splits and WACC assumptions."
HY-02,3. Hydropower,2025 World Hydropower Outlook,International Hydropower Association (IHA),2025,https://www.hydropower.org/publications/2025-world-hydropower-outlook,Annual status report,Latest capacity/pipeline status; Africa additions and stalled pipeline context.
HY-03,3. Hydropower,Hydropower Sustainability Standard,Hydropower Sustainability Council / IHA,2021,https://hydrosustainability.org/standard,Certification standard,"ESG certification (Bronze/Silver/Gold) aligned with IFC PS, CBI green bonds and EU Taxonomy - bankability/E&S module."
HY-04,3. Hydropower,Hydropower Special Market Report: Analysis and Forecast to 2030,International Energy Agency (IEA),2021,https://www.iea.org/reports/hydropower-special-market-report,Market report,"Policy/economic barriers to hydro, 10-year forecasts, role of long-term revenue certainty."
HY-05,3. Hydropower,Directions in Hydropower: Scaling Up for Development (Water Working Notes No. 21),World Bank,2009,https://documents1.worldbank.org/curated/en/846331468333065380/pdf/490170NWP0Box31directionshydropower.pdf,Strategy note,WBG strategic framing for hydro incl. multipurpose projects and risk sharing.
HY-06,3. Hydropower,Leveraging Private Sector Solutions in Large Hydropower Projects,World Bank / ESMAP,2024,https://openknowledge.worldbank.org/server/api/core/bitstreams/fe010c7b-1276-4c4c-8c86-7ca960ca5e60/content,Report,"Most current WBG analysis of private participation, risk allocation, tenors/refinancing and DFI de-risking for large hydro."
HY-07,3. Hydropower,Operation and Maintenance Strategies for Hydropower: Handbook for Practitioners and Decision Makers,World Bank / ESMAP (with IHA; SECO-funded),2020,https://openknowledge.worldbank.org/handle/10986/33313,Handbook,O&M strategy framework and failure consequences - informs O&M cost and availability assumptions.
HY-08,3. Hydropower,Should we build more large dams? The actual costs of hydropower megaproject development,"Ansar, Flyvbjerg, Budzier, Lunn (Energy Policy, 2014; arXiv:1409.0002)",2014,https://arxiv.org/abs/1409.0002,Peer-reviewed article,"Reference-class data (245 dams, 65 countries) for cost and schedule overrun distributions."
HY-09,3. Hydropower,Should we build more large dams? (news summary),"Blavatnik School of Government, University of Oxford",2014,https://www.bsg.ox.ac.uk/news/should-we-build-more-large-dams,News summary,Institutional summary of HY-08; note it states +90% average overrun vs +96% in paper.
HY-10,3. Hydropower,"Risk, innovation, electricity infrastructure and construction cost overruns: Testing six hypotheses","Sovacool, Gilbert, Nugent (Energy 74:906-917)",2014,https://ideas.repec.org/a/eee/energy/v74y2014icp906-917.html,Peer-reviewed article,"Cross-technology overrun comparison (401 electricity projects, 57 countries) - hydro dams and nuclear have the largest/most frequent overruns; alternative reference class. Companion paper: 'An international comparative assessment of construction cost overruns for electricity infrastructure' (same authors, 2014)."
HY-11,3. Hydropower,What You Should Know About Megaprojects and Why: An Overview,Bent Flyvbjerg (Project Management Journal 45(2):6-19),2014,https://arxiv.org/pdf/1409.0003,Peer-reviewed article,'Iron law of megaprojects' and optimism bias - justifies reference-class uplifts in the toolkit.
HY-12,3. Hydropower,Supporting Hydropower in Africa (IFC factsheet),IFC,2023,https://www.ifc.org/content/dam/ifc/doc/2023-delta/infra-factsheet-hydropower-2023.pdf,Factsheet,"IFC co-development (InfraVentures-type) and arranging role on Nachtigal, Bujagali, Kinguele Aval, Mpatamanga."
HY-13,3. Hydropower,Cameroon - Lom Pangar Hydropower Project (World Bank project document),World Bank,n.d. (see document),https://documents1.worldbank.org/curated/en/625471579097390098/pdf/Cameroon-Lom-Pangar-Hydropower-Project.pdf,Project document,Public regulating-dam precedent that enabled the private Nachtigal IPP downstream - model for public/private split of hydro assets.
HY-14,3. Hydropower,Africa added more than 4.5 GW of hydropower capacity in 2024 - report,Engineering News (Creamer Media) reporting IHA,2025,https://www.engineeringnews.co.za/article/africa-added-more-than-45-gw-of-hydropower-capacity-in-2024-report-2025-06-25,News (secondary),Secondary coverage of IHA 2025 Africa figures (use HY-02 as primary).
HY-15,3. Hydropower,Good Practice Note on Dam Safety,World Bank (ESF guidance),"n.d. (c. 2021, per document IDs)",https://www.worldbank.org/en/topic/watersupply/publication/good-practice-note-on-dam-safety-new-guidance-on-managing-risks-associated-with-dams,Good practice note,"Dam safety requirements (panels, hydrological/seismic risk) affecting capex, schedule and lender conditions."
PF-01,4. Project finance & risk mitigation,World Bank Guarantees Program,World Bank,n.d.,https://www.worldbank.org/en/programs/guarantees-program,Program page,Describes project-based (loan and payment) and policy-based guarantees - IBRD/IDA instruments for offtaker payment risk.
PF-02,4. Project finance & risk mitigation,IBRD Financial Products - Credit Enhancement,World Bank Treasury,n.d.,https://treasury.worldbank.org/en/about/unit/treasury/ibrd-financial-products/creditenhancement,Product page,Terms/structure of IBRD guarantees; note these are counter-guaranteed by the sovereign (a contingent liability to capture).
PF-03,4. Project finance & risk mitigation,Non-Honoring of Sovereign Financial Obligations (NHSFO) / Non-honoring of public debt,MIGA,n.d.,https://www.miga.org/product/non-honoring-public-debt,Product page,MIGA cover paying on sovereign/SOE non-payment without arbitral award (vs Breach of Contract which needs an award).
PF-04,4. Project finance & risk mitigation,Regional Liquidity Support Facility (RLSF),"African Trade & Investment Development Insurance (ATIDI), KfW, Norad",2017- (ongoing),https://www.atidi.africa/our-solutions/energy-solutions/regional-liquidity-support-facility-rlsf/,Product page,Cash-collateralised liquidity cover for IPP revenue shortfalls from state utilities - alternative to sovereign LC/escrow.
PF-05,4. Project finance & risk mitigation,RLSF Annual Report 2023,ATIDI,2025 (published),https://www.atidi.africa/wp-content/uploads/2025/02/RLSF-Annual-Report-2023.pdf,Annual report,Portfolio and claims track record of RLSF.
PF-06,4. Project finance & risk mitigation,Madagascar: African Development Bank approves guarantee of $100 million to hydropower project (Sahofika PRG),African Development Bank (press release),n.d.,https://afdb.africa-newsroom.com/press/madagascar-african-development-bank-approves-guarantee-of-100-million-to-hydropower-project-to-benefit-over-2-million-people,Press release,AfDB PRG backing JIRAMA payment obligations for 205 MW Sahofika hydro IPP - precedent for AfDB/ADF PRG use.
PF-07,4. Project finance & risk mitigation,Understanding Power Purchase Agreements (2nd ed.),Power Africa / US DoC CLDP,n.d. (2nd ed.),https://cldp.doc.gov/sites/default/files/Understanding_Power_Purchase_Agreements.pdf,Handbook,"PPA structures (capacity/energy charges, deemed energy, termination, hydrology risk) - basis for PPA term sheet module."
PF-08,4. Project finance & risk mitigation,Understanding Power Project Financing,Power Africa / CLDP / African Legal Support Facility,2016,https://cldp.doc.gov/sites/default/files/UnderstandingPowerProjectFinancing.pdf,Handbook,"Credit enhancement, security package, lender requirements for African power IPPs."
PF-09,4. Project finance & risk mitigation,Understanding Power Project Financing Handbook (2nd edition),Power Africa / CLDP / ALSF,2024/2025,https://cldp.doc.gov/sites/default/files/2025-01/Understanding%20Power%20Project%20Financing%20Handbook%20%282nd%20edition%29%201.1.2025%20.pdf,Handbook,Updated edition of PF-08.
PF-10,4. Project finance & risk mitigation,African Legal Support Facility launch energy project financing resource handbook,African Development Bank / ALSF,2016,https://www.afdb.org/en/news-and-events/african-legal-support-facility-launch-energy-project-financing-resource-handbook-15758,News release,ALSF role in advising governments on PPA/financing negotiations.
PF-11,4. Project finance & risk mitigation,"Project Appraisal Document: Nachtigal Hydropower Project, Cameroon (IBRD Payment & Loan Guarantees; Report No. 122876-CM)",World Bank,2018,https://ewsdata.rightsindevelopment.org/files/documents/34/WB-P157734_j0tmCq4.pdf,Project appraisal document,"Best-documented African hydro IPP financing: gearing, tenors, DSCR, contingency, guarantees - calibration case."
PF-12,4. Project finance & risk mitigation,Nachtigal Hydropower Project (P157734) - Project Information Document / ISDS (Appraisal stage),World Bank,2018,https://ewsdata.rightsindevelopment.org/files/documents/34/WB-P157734_74j7EyL.pdf,Project information document,"Companion to PF-11 (guarantee instruments, safeguards)."
PF-13,4. Project finance & risk mitigation,Enhancing the attractiveness of private investment in hydropower in Africa,Alain Ebobisse (Africa50) & Amadou Hott (AfDB) / Brookings Africa in Focus,2018,https://www.brookings.edu/articles/enhancing-the-attractiveness-of-private-investment-in-hydropower-in-africa,Policy blog/article,Tenor mismatch problem; proposes 25-30 yr tenors to cut tariffs ~20%.
PF-14,4. Project finance & risk mitigation,Financing Clean Energy in Africa,IEA & African Development Bank,2023,https://www.iea.org/reports/financing-clean-energy-in-africa/executive-summary,Report,Cost-of-capital premium for African utility-scale projects - WACC default rationale.
PF-15,4. Project finance & risk mitigation,Scaling Solar - The Complete Package,IFC / World Bank Group (copy hosted by CCREEE),n.d.,https://cekh.ccreee.org/wp-content/uploads/2021/12/Scaling-Solar-The-Complete-Package.pdf,Program brochure,Standardised RFP/PPA/government support agreement + bundled guarantees - template for a 'Scaling Hydro'-style standardisation.
TX-01,5. Transmission,Linking Up: Public-Private Partnerships in Power Transmission in Africa,World Bank / PPIAF,2017,https://openknowledge.worldbank.org/handle/10986/26842,Report,Independent Power Transmission (IPT) model and 10 steps for private transmission - for evacuation-line structuring.
TX-02,5. Transmission,How to boost private sector investment in Africa's transmission sector (press release on Linking Up),World Bank,2017,https://www.worldbank.org/en/news/press-release/2017/06/06/how-to-boost-private-sector-investment-in-africas-transmission-sector,Press release,Summary of TX-01.
TX-03,5. Transmission,SAPP Pool Plan 2017 - Main Volume,Southern African Power Pool,2017,https://www.zesco.co.zm/assets/documents/sapp_documents/SAPP_Pool_Plan_2017_Main_Volume.pdf,Regional master plan,Regional least-cost generation/transmission plan to 2040; hydro capex assumptions for SADC.
TX-04,5. Transmission,EAPP Regional Power System Master Plan 2014 - Volume I: Main Report,Eastern Africa Power Pool (Ea Energy Analyses / Energinet),2014,https://www.ea-energianalyse.dk/wp-content/uploads/2020/02/1332_eapp_master_plan_2014_volume_1_main_report.pdf,Regional master plan,Candidate interconnector costs per km by voltage (feasibility-study based) - transmission cost defaults for East Africa.
TX-05,5. Transmission,ECOWAS Master Plan for the Development of Regional Power Generation and Transmission Infrastructure 2019-2033 (Vol. 0 Synthesis),West African Power Pool (WAPP),2018 (final report Dec 2018),https://www.ecowapp.org/sites/default/files/volume_0.pdf,Regional master plan,"WAPP priority projects (75 projects, US$36.4bn) - regional demand/anchor-offtake context for West African hydro."
TX-06,5. Transmission,Southern African Power Pool: Planning and Prospects for Renewable Energy,IRENA,2013,https://www.irena.org/-/media/Files/IRENA/Agency/Publication/2013/SAPP.pdf,Planning study,T&D cost/loss assumptions and interconnector cost table for SAPP.
TX-07,5. Transmission,West African Power Pool: Planning and Prospects for Renewable Energy,IRENA,2013,https://www.irena.org/-/media/Files/IRENA/Agency/Publication/2013/WAPP.pdf,Planning study,WAPP counterpart to TX-06 for T&D cost/loss assumptions.
TX-08,5. Transmission,Africa Clean Energy Corridor: Analysis of Infrastructure for Renewable Power in Eastern and Southern Africa,IRENA,2015,https://www.irena.org/-/media/Files/IRENA/Agency/Publication/2015/IRENA_Africa_CEC_infrastructure_2015.pdf,Planning study,EAPP-SAPP corridor transmission needs and hydro-dependence of the corridor.
TX-09,5. Transmission,Planning and prospects for renewable power: Eastern and Southern Africa,IRENA,2021,https://irena.org/Publications/2021/Apr/Planning-and-prospects-for-renewable-power-Eastern-and-Southern-Africa,Planning study,Updated least-cost expansion for EAPP/SAPP incl. hydro and transmission.
TX-10,5. Transmission,More than 70 regional infrastructure projects lined up for second phase of PIDA (PIDA PAP 2 press release),African Union Commission,n.d. (PAP2 period 2021-2030),https://au.int/sites/default/files/pressreleases/39590-pr-pr_136-_more_than_70_regional_infrastructure_projects_lined_up_for_second_phase_of_program_for_infrastructure_development_program_pida.pdf,Press release,"PIDA PAP2 (71 projects, 2021-2030) - regional hydro/interconnector pipeline and corridor framing."
CL-01,6. Climate & hydrology,Hydropower Sector Climate Resilience Guide,IHA with EBRD and World Bank Group (KGGTF),2019,https://www.hydropower.org/news/new-guide-to-help-hydropower-build-resilience-to-climate-change,Technical guide (launch page),Six-phase climate screening/stress-test method - basis for hydrology scenario module (also listed at ppp.worldbank.org/node/4148).
CL-02,6. Climate & hydrology,Enhancing the Climate Resilience of Africa's Infrastructure: The Power and Water Sectors,"Cervigni, Liden, Neumann, Strzepek (eds.) / World Bank (Africa Development Forum)",2015,https://www.worldbank.org/content/dam/Worldbank/Feature%20Story/Africa/Conference%20Edition%20Enhancing%20Africas%20Infrastructure.pdf,Book,"Basin-level climate impacts on hydro revenues in Congo, Niger, Nile, Orange, Senegal, Volta, Zambezi - for hydrology haircut ranges."
CL-03,6. Climate & hydrology,Hydropower plans in eastern and southern Africa increase risk of concurrent climate-related electricity supply disruption,"Conway, Dalin, Landman, Osborn (Nature Energy 2:946-953)",2017,https://www.lse.ac.uk/granthaminstitute/publication/hydropower-plans-eastern-southern-africa-increase-risk-concurrent-climate-related-electricity-supply-disruption/,Peer-reviewed article,Quantifies basin concentration / correlated drought risk - argument for portfolio-level hydrology stress and regional trade.
CL-04,6. Climate & hydrology,Kariba Dam water allocation for electricity generation cut in half,The Energy Industry Times (news),2024,https://teitimes.com/post/kariba-dam-water-allocation-for-electricity-generation-cut-in-half,News (secondary),2023-24 El Nino drought case for hydrology stress calibration.
CL-05,6. Climate & hydrology,Zambia Warns It May Shut Operation at Its Biggest Dam by October,Bloomberg via BNN Bloomberg,2024,https://bnnbloomberg.ca/investing/2024/08/01/zambia-warns-it-may-shut-operation-at-its-biggest-dam-by-october,News (secondary),Extreme-drought tail case: near-zero output at Kariba; load shedding 12+ hrs/day.
CL-06,6. Climate & hydrology,Climate Toolkits for Infrastructure PPPs - Hydropower Sector,World Bank Group (PPIAF),2023,https://openknowledge.worldbank.org/bitstreams/5743a31b-98f9-48f6-9f91-68a2a08c22c3/download,Toolkit,"How to allocate physical climate risk (hydrology, floods) in hydro PPP contracts - links to FR-05 clauses."
DB-01,7. Debt & fiscal space,International Debt Report 2025: When relief isn't enough (data blog),World Bank Debt Statistics Team,2025,https://blogs.worldbank.org/en/opendata/international-debt-report-2025--when-relief-isn-t-enough---lmics,Report summary,Macro debt-service squeeze limiting sovereign capacity to back hydro PPAs/guarantees.
DB-02,7. Debt & fiscal space,International Debt Report - products page,World Bank,2025,https://www.worldbank.org/en/programs/debt-statistics/idr/products,Report/data portal,Access to full IDR 2025 and country tables.
DB-03,7. Debt & fiscal space,Zambia: Joint Bank-Fund Debt Sustainability Analysis (2024),IDA & IMF staff,2024,https://documents1.worldbank.org/curated/en/099081424145020012/pdf/BOSIB1e3b08a140881b0a31b0de6d561380.pdf,DSA,Shows a hydro-dependent utility (ZESCO) pulled into the sovereign DSA perimeter - the outcome Bankable Hydro aims to avoid.
DB-04,7. Debt & fiscal space,IMF Executive Board concludes 2025 Article IV consultation and completes 5th review under the ECF for Zambia (PR 25/276),IMF,2025,https://www.imf.org/en/News/Articles/2025/08/05/pr25276-imf-executive-board-concludes-2025-article-iv-con-and-completes-5th-review-ecf-zambia,Press release,Most recent Zambia programme status (drought-hit year).
DB-05,7. Debt & fiscal space,Ethiopia: IMF completes 3rd review under ECF arrangement and 2025 Article IV consultation (PR 25/234),IMF,2025,https://www.imf.org/en/News/Articles/2025/07/02/pr-25234-ethiopia-imf-completes-3rd-rev-under-ecf-arrang-and-2025-art-iv-consult,Press release,Debt restructuring context for EEP/GERD-related SOE debt.
DB-06,7. Debt & fiscal space,Ethiopia: 2025 Article IV / ECF review staff report (IMF Country Report),IMF,2025,https://www.imf.org/-/media/files/publications/cr/2025/english/1ethea2025001-print-pdf.pdf,IMF country report,"Includes joint DSA (risk rating, SOE debt treatment)."
DB-07,7. Debt & fiscal space,IMF Executive Board completes the fifth review under the ECF arrangement with Ghana (PR 25/429),IMF,2025,https://www.imf.org/en/news/articles/2025/12/17/pr-25429-ghana-imf-completes-the-fifth-review-under-the-ecf-arrangement,Press release,Ghana energy-sector shortfall: the canonical take-or-pay/IPP-arrears fiscal drain.
DB-08,7. Debt & fiscal space,Ghana: IMF Country Report No. 26/212,IMF,2026,https://www.imf.org/-/media/files/publications/cr/2026/english/1ghaea2026001.pdf,IMF country report,"Latest Ghana staff report/DSA (energy sector arrears, cash waterfall)."
DB-09,7. Debt & fiscal space,"Malawi: IMF Country Report (2025, No. 1)",IMF,2025,https://meetings.imf.org/-/media/Files/Publications/CR/2025/English/1mwiea2025001-source-pdf.ashx,IMF country report,Fiscal space for Mpatamanga-type hydro PPP support in a debt-distressed state.
DB-10,7. Debt & fiscal space,"Uganda: IMF Country Report (2026, No. 1)",IMF,2026,https://www.imf.org/-/media/files/publications/cr/2026/english/1ugaea2026001-source-pdf.pdf,IMF country report,Uganda DSA (Karuma/Isimba hydro debt service context).
DB-11,7. Debt & fiscal space,"Tanzania: IMF Country Report (2025, No. 1)",IMF,2025,https://meetings.imf.org/-/media/Files/Publications/CR/2025/English/1tzaea2025001-print-pdf.ashx,IMF country report,Tanzania DSA (Julius Nyerere HPP financing context).
DB-12,7. Debt & fiscal space,International Debt Report 2024: low- and middle-income countries (data blog),World Bank,2024,https://blogs.worldbank.org/en/opendata/international-debt-report-2024--low--and-middle-income-countries,Report summary,Prior-year comparison for DB-01.
