section,near_heading,table_no_in_section,columns,rows,longest_row_chars,longest_cell_chars,header,proposed_treatment
About this book,,1,4,6,158,93,Book | Subject | Central question | Status,Convert to a definition list or one short paragraph per row; keep the table only in print.
Introduction: how to read a PAYGo company,,1,4,13,129,60,Link | Question | What it passes on | Chapters,Convert to a definition list or one short paragraph per row; keep the table only in print.
"Chapter 1. The PAYGo business: retailer, utility like service provider and lender",1.1 Three businesses in one legal entity,1,4,6,146,49,Area | Retailer | Utility like service provider | Consumer lender,Convert to a definition list or one short paragraph per row; keep the table only in print.
Chapter 4. Product and price plan design,4.7 What the SolaraPay case shows,4,8,5,80,16,Tier | Cash price (KVS) | Implied APR | Tenor | Expected loss | LTV/CAC | Payback (months) | Unit IRR,"Convert to a stacked list: one block per row, the first column as a bold lead, the other columns as 'Header: value' lines (no information lost, reflows on any screen)."
Chapter 7. Portfolio KPIs and PAYGo PERFORM,7.2 The PAYGo PERFORM KPIs,1,4,5,219,87,KPI | What it measures | Formula | Type,Convert to a definition list or one short paragraph per row; keep the table only in print.
Chapter 7. Portfolio KPIs and PAYGo PERFORM,7.6 A monthly dashboard for lender reporting,2,4,13,200,101,Block | Metric | Definition note | Source sheet,Convert to a definition list or one short paragraph per row; keep the table only in print.
Chapter 9. Unit economics,9.3 An illustrative unit build,2,7,5,57,15,Period | Collections | Recoveries | RBF | Servicing | Net cash | Cumulative,"Keep as a table; shorten headers, drop or merge a column, or split by period/tier into two tables of at most 4 columns; numbers right aligned."
Chapter 9. Unit economics,9.6 The SolaraPay unit table,4,6,5,75,27,Tier | Expected loss | Lifetime contribution (KVS) | LTV/CAC | Payback (months) | Unit IRR,"Keep as a table; shorten headers, drop or merge a column, or split by period/tier into two tables of at most 4 columns; numbers right aligned."
"Chapter 10. Working capital, inventory and FX",10.1 The receivables book is the main investment,1,6,5,123,31,Year | Units sold | Amount financed (LCY m) | Year end receivables (LCY m) | Increase in receivables (LCY m) | Principal collected (LCY m),"Keep as a table; shorten headers, drop or merge a column, or split by period/tier into two tables of at most 4 columns; numbers right aligned."
"Chapter 10. Working capital, inventory and FX","10.3 Two currencies, one balance sheet",2,4,9,199,113,Item | Currency | How it is converted in the model | Type of FX effect,Convert to a definition list or one short paragraph per row; keep the table only in print.
"Chapter 10. Working capital, inventory and FX",10.7 SolaraPay: currency as the deciding variable,4,7,4,86,43,Case | Peak equity (USD m) | Y5 EBITDA margin | Y5 collection rate | Investor IRR | MOIC | Breach months,"Keep as a table; shorten headers, drop or merge a column, or split by period/tier into two tables of at most 4 columns; numbers right aligned."
"Chapter 11. Funding the book: equity, debt and receivables facilities",11.1 The funding stack by stage,1,4,4,171,75,Stage | Typical evidence available | Main sources of funds | What each source relies on,Convert to a definition list or one short paragraph per row; keep the table only in print.
"Chapter 11. Funding the book: equity, debt and receivables facilities",11.1 The funding stack by stage,2,8,9,389,113,Instrument | Cost | Tenor and repayment | Security | Currency | Who bears the credit risk | Cash flow effect | In the companion model,"Convert to a stacked list: one block per row, the first column as a bold lead, the other columns as 'Header: value' lines (no information lost, reflows on any screen)."
"Chapter 11. Funding the book: equity, debt and receivables facilities",11.5 A worked borrowing base,3,9,6,84,14,Tier | Current | 1 to 30 DPD | 31 to 90 DPD | Over 90 DPD | Gross | Eligible | Advance rate | Borrowing base,"Convert to a stacked list: one block per row, the first column as a bold lead, the other columns as 'Header: value' lines (no information lost, reflows on any screen)."
Chapter 12. Securitisation and off balance sheet structures,"12.2 Tranching, overcollateralisation and excess spread",1,5,4,84,34,Tranche | Amount (LCY m) | Share of pool | Subordination below the tranche | Illustrative coupon,"Keep as a table; shorten headers, drop or merge a column, or split by period/tier into two tables of at most 4 columns; numbers right aligned."
Chapter 14. Stress testing,14.3 Default results,2,6,3,85,30,Case | Peak equity (USD m) | Y5 EBITDA margin | Investor IRR | MOIC | Monthly covenant breach months,"Keep as a table; shorten headers, drop or merge a column, or split by period/tier into two tables of at most 4 columns; numbers right aligned."
Chapter 14. Stress testing,14.8 SolaraPay: the stress table,4,7,9,86,45,Case | Peak equity (USD m) | Y5 EBITDA margin | Y5 collection rate | Investor IRR | MOIC | Breach months,"Keep as a table; shorten headers, drop or merge a column, or split by period/tier into two tables of at most 4 columns; numbers right aligned."
Chapter 16. Case walk through: SolaraPay,16.1 The ask,1,6,5,54,27,Tier | Product | Cash price (KVS) | Implied APR | Tenor | Planned mix,"Convert to a stacked list: one block per row, the first column as a bold lead, the other columns as 'Header: value' lines (no information lost, reflows on any screen)."
Chapter 16. Case walk through: SolaraPay,16.3 What the data show,2,5,3,52,19,"Tier | Observed | Plan | Shortfall, points | Shortfall, relative","Keep as a table; shorten headers, drop or merge a column, or split by period/tier into two tables of at most 4 columns; numbers right aligned."
Chapter 16. Case walk through: SolaraPay,16.4 Recalibration,3,5,4,79,35,"Tier | Default hazard, plan | Calibrated | Collection on paying accounts, plan | Calibrated","Keep as a table; shorten headers, drop or merge a column, or split by period/tier into two tables of at most 4 columns; numbers right aligned."
Chapter 16. Case walk through: SolaraPay,16.5 Unit economics,4,6,5,69,27,Tier | Expected loss | Lifetime contribution (KVS) | LTV to CAC | Payback | Unit IRR,"Keep as a table; shorten headers, drop or merge a column, or split by period/tier into two tables of at most 4 columns; numbers right aligned."
Chapter 16. Case walk through: SolaraPay,16.6 Calibrated projections,5,6,8,55,30,Calibrated Base | Y1 | Y2 | Y3 | Y4 | Y5,"Keep as a table; shorten headers, drop or merge a column, or split by period/tier into two tables of at most 4 columns; numbers right aligned."
Chapter 16. Case walk through: SolaraPay,16.7 Stress tests,6,7,9,86,45,Case | Peak equity (USD m) | Y5 EBITDA margin | Y5 collection rate | Investor IRR | MOIC | Breach months,"Keep as a table; shorten headers, drop or merge a column, or split by period/tier into two tables of at most 4 columns; numbers right aligned."
Chapter 16. Case walk through: SolaraPay,16.10 Benchmarks,8,3,4,161,129,"Ratio, Year 5 | SolaraPay | Reference",Convert to a definition list or one short paragraph per row; keep the table only in print.
Annex A. PAYGo KPI dictionary,,1,3,5,308,213,KPI | Formula | Key rules,Convert to a definition list or one short paragraph per row; keep the table only in print.
Annex A. PAYGo KPI dictionary,,2,4,18,277,171,KPI | Definition used in the workbook | Level | Comment,Convert to a definition list or one short paragraph per row; keep the table only in print.
Annex D. Investor due diligence checklist,,1,3,8,241,132,Workstream | Key requests | Typical red flags,Convert to a definition list or one short paragraph per row; keep the table only in print.
Annex G. Sources and verification status,,1,5,12,1267,590,Ref. | Claim as used in the text | Source | Grade | Status,"Convert to a stacked list: one block per row, the first column as a bold lead, the other columns as 'Header: value' lines (no information lost, reflows on any screen)."
