film,locale,scene_id,kind,start_frame,start_tc,duration_frames,duration_sec,words,est_vo_sec,fits,narration
MoUTrap-Core,en,core.title,title-card,0,00:00.000,270,9.00,9,3.6,yes,"Bankable is not enough. Chapter one: the MoU trap."
MoUTrap-Core,en,core.nigeria,cold-open,270,00:09.000,1053,35.10,73,29.2,yes,"In July 2016, Nigeria's bulk electricity trader signed power purchase agreements with fourteen solar developers. The plants were to range from fifty to a hundred megawatts, and together add some one thousand one hundred and twenty-five megawatts to a grid known for its unreliability. The tariff was eleven and a half US cents per kilowatt hour, fixed for twenty years. The signing was widely celebrated. The target for first power was eighteen months."
MoUTrap-Core,en,core.flip,stat-flip,1323,00:44.100,683,22.77,46,18.4,yes,"Three years later, none of the fourteen had reached financial close. Ten of the front-runners had reportedly already paid development security bonds. In 2020, a specialist publication summed the programme up in a headline: one thousand one hundred and twenty-five megawatts promised, not one electron delivered."
MoUTrap-Core,en,core.tests,two-tests,2006,01:06.867,875,29.17,60,24.0,yes,"This book is built on two tests. The first is the lender's test: can the project repay its debt? The second is the state's test: can the power system and the public finances carry this project's obligations for twenty years or more? An MoU, and often the first contract that follows it, is signed before either test has been applied."
MoUTrap-Core,en,core.stages,stage-ladder,2881,01:36.033,834,27.80,57,22.8,yes,"Public debate runs three stages together. An MoU binds little in law, though it often grants exclusivity. A contract fixes tariff, term and obligations, conditional on the plant reaching operation. Financial close funds all of it, and the obligations become fixed for the life of the contract. The trap lies between the first stage and the third."
MoUTrap-Core,en,core.denominator,funnel,3715,02:03.833,1244,41.47,87,34.8,yes,"No one knows how many power MoUs African governments have signed, or what share reach financial close. McKinsey estimated that fewer than ten percent of African infrastructure projects reach close, and that eighty percent fail at the feasibility stage. Excluding South Africa, private power investment in sub-Saharan Africa between 1990 and 2013 came to eight point seven billion dollars, against needs of roughly forty point eight billion a year. This is the denominator problem: databases record the projects that closed. Nobody counts the ones that went nowhere."
MoUTrap-Core,en,core.layers,layers,4959,02:45.300,930,31.00,64,25.6,yes,"Four explanations circulate for why projects stall. The sponsor explanation blames the developer. The process explanation blames how the project was originated. The system explanation points to the plan, the grid and the buyer. The fiscal explanation points to the state's capacity to support. These are usually presented as competitors. They are better read as layers. The useful question is which layer binds first."
MoUTrap-Core,en,core.quaiboe,case-card,5889,03:16.300,1025,34.17,71,28.4,yes,"Qua Iboe removes the easiest explanation. Its sponsors were credible: an international oil major, a private-equity-owned infrastructure company, one of Nigeria's biggest industrial groups, and the national oil company. The World Bank approved a partial risk guarantee of up to a hundred and fifty million dollars in 2014. The project stalled all the same, and the public record points to the buyer and to the state's exposure, not to the sponsors."
MoUTrap-Core,en,core.actors,actor-table,6914,03:50.467,1559,51.97,110,44.0,yes,"The trap persists because of who gains and who pays at the moment of signature. Government gets a visible response to power shortages, at little immediate cost. Developers get an option, which can be sold. The utility is often not even a party. The lenders are not there yet. And the two parties that will carry the risk — the utility and the treasury — are absent or passive. A shortage of ministry capacity is part of the story, but it does not account for persistence. Countries with capable ministries sign weak MoUs too, because a signature is rewarded today and its cost is paid later, and by someone else."
MoUTrap-Core,en,core.exits,two-exits,8473,04:42.433,711,23.70,48,19.2,yes,"A commitment caught in the trap leaves it in one of two ways. It stalls, and the country loses time, money and options. Or it closes on terms fixed when the project was least tested, and the country inherits a liability. Both exits begin with the same omission."
MoUTrap-Core,en,core.ghana,case-card,9184,05:06.133,1176,39.20,82,32.8,yes,"Ghana shows where the second exit leads. Between 2014 and 2017, three emergency power producers were contracted without a competitive process, and the national distribution utility signed forty-three power purchase agreements through noncompetitive processes. Contracted plants were projected to create one thousand nine hundred megawatts of excess capacity by 2019. When Ghana launched its Energy Sector Recovery Programme, net sector arrears stood at two point seven five billion dollars. These contracts had satisfied their lenders. Taken together, they failed the state's test."
MoUTrap-Core,en,core.nachtigal,case-card,10360,05:45.333,1449,48.30,102,40.8,yes,"The case for MoUs is not a weak one. Some projects cannot be tendered at the outset, because nobody yet knows enough to write a tender. Cameroon's Nachtigal hydropower plant was developed under a joint development agreement, not a competitive tender, and reached financial close with a local currency tranche without precedent for the banks involved. But Nachtigal carries a warning. Within months of full commissioning in 2025, the press reported that its payment guarantee was largely drawn, and that the ministry of finance was seeking a bank facility to secure payments. A well structured project remains exposed to a weak buyer."
MoUTrap-Core,en,core.costs,cost-list,11809,06:33.633,779,25.97,53,21.2,yes,"The MoU trap has five costs, and usually only the first is counted. The power not delivered. The better projects blocked. The public attention consumed. The credibility lost when signed terms are reopened. And the liabilities created when trapped projects do close, under political pressure, on terms set when they were least tested."
MoUTrap-Core,en,core.remedies,remedy-list,12588,06:59.600,1258,41.93,88,35.2,yes,"If the trap exists because an MoU costs nothing at signature, and its risks fall on parties who are not in the room, the remedy is to bring both the cost and those parties forward. Filter at entry. Put a price on the option. Bring the risk bearers in early. And publish a register. Nigeria shows that pricing the option is not enough on its own. The trap has to be closed at every point where a project is tested, by the institution best placed to test it."
MoUTrap-Core,en,core.key,key-message,13846,07:41.533,943,31.43,65,26.0,yes,"An MoU costs almost nothing to sign, and can cost a great deal later — either as power that never arrives, or as a contract the system cannot carry. The trap persists because those who will bear the risk are absent when the commitment is made. Closing it means bringing the risk bearers, and the tests they would apply, to the start of the process."
MoUTrap-Core,fr,core.title,title-card,0,00:00.000,270,9.00,11,4.4,yes,"Bankable is not enough. Chapitre premier : le piège du MoU."
MoUTrap-Core,fr,core.nigeria,cold-open,270,00:09.000,1094,36.47,76,30.4,yes,"En juillet 2016, l'acheteur public d'électricité en gros du Nigeria a signé des contrats d'achat d'électricité avec quatorze développeurs solaires. Les centrales devaient aller de cinquante à cent mégawatts et ajouter ensemble quelque mille cent vingt-cinq mégawatts à un réseau reconnu pour son manque de fiabilité. Le tarif était de onze virgule cinq cents américains par kilowattheure, fixé pour vingt ans. La signature a été largement célébrée. L'objectif pour la première injection était de dix-huit mois."
MoUTrap-Core,fr,core.flip,stat-flip,1364,00:45.467,656,21.87,44,17.6,yes,"Trois ans plus tard, aucun des quatorze n'avait atteint le bouclage financier. Dix des mieux placés auraient déjà versé des cautions de développement. En 2020, une publication spécialisée résumait le programme en un titre : mille cent vingt-cinq mégawatts promis, pas un électron livré."
MoUTrap-Core,fr,core.tests,two-tests,2020,01:07.333,1012,33.73,70,28.0,yes,"Ce livre repose sur deux tests. Le premier est le test du prêteur : le projet peut-il rembourser sa dette ? Le second est le test de l'État : le système électrique et les finances publiques peuvent-ils porter les obligations de ce projet pendant vingt ans ou plus ? Un MoU, et souvent le premier contrat qui le suit, est signé avant que l'un ou l'autre test n'ait été appliqué."
MoUTrap-Core,fr,core.stages,stage-ladder,3032,01:41.067,902,30.07,62,24.8,yes,"Le débat public confond trois étapes. Un MoU engage peu en droit, même s'il accorde souvent une exclusivité. Un contrat fixe le tarif, la durée et les obligations, sous réserve de la mise en service. Le bouclage financier finance l'ensemble, et les obligations deviennent fermes pour toute la durée du contrat. Le piège se situe entre la première étape et la troisième."
MoUTrap-Core,fr,core.denominator,funnel,3934,02:11.133,1531,51.03,108,43.2,yes,"Personne ne sait combien de MoU électriques les gouvernements africains ont signés, ni quelle part atteint le bouclage financier. McKinsey estime que moins de dix pour cent des projets d'infrastructure africains y parviennent, et que quatre-vingts pour cent échouent au stade de la faisabilité. Hors Afrique du Sud, l'investissement privé dans la production électrique en Afrique subsaharienne entre 1990 et 2013 s'est élevé à huit virgule sept milliards de dollars, face à des besoins estimés à environ quarante virgule huit milliards par an. C'est le problème du dénominateur : les bases de données enregistrent les projets qui ont abouti. Personne ne compte ceux qui n'ont mené nulle part."
MoUTrap-Core,fr,core.layers,layers,5465,03:02.167,1107,36.90,77,30.8,yes,"Quatre explications circulent pour expliquer l'enlisement des projets. L'explication par le promoteur met en cause le développeur. L'explication par la procédure met en cause la manière dont le projet a été monté. L'explication par le système désigne le plan, le réseau et l'acheteur. L'explication budgétaire désigne la capacité de l'État à soutenir. On les présente d'ordinaire comme concurrentes. Il vaut mieux les lire comme des couches. La bonne question est de savoir laquelle est contraignante en premier."
MoUTrap-Core,fr,core.quaiboe,case-card,6572,03:39.067,1066,35.53,74,29.6,yes,"Qua Iboe écarte l'explication la plus facile. Ses promoteurs étaient crédibles : une major pétrolière internationale, une société d'infrastructures détenue par un grand fonds, l'un des plus grands groupes industriels nigérians, et la compagnie pétrolière nationale. La Banque mondiale a approuvé en 2014 une garantie partielle de risque pouvant atteindre cent cinquante millions de dollars. Le projet s'est enlisé malgré tout, et le dossier public désigne l'acheteur et l'exposition de l'État, non les promoteurs."
MoUTrap-Core,fr,core.actors,actor-table,7638,04:14.600,1641,54.70,116,46.4,yes,"Le piège persiste à cause de qui gagne et qui paie au moment de la signature. Le gouvernement obtient une réponse visible aux pénuries, à un coût immédiat faible. Les développeurs obtiennent une option, qui peut se revendre. La compagnie nationale n'est souvent même pas partie. Les prêteurs ne sont pas encore là. Et les deux parties qui porteront le risque, la compagnie nationale et le Trésor, sont absentes ou passives. Le manque de capacité des ministères fait partie de l'histoire, mais il n'explique pas la persistance. Des pays dotés de ministères compétents signent aussi de mauvais MoU, parce qu'une signature est récompensée aujourd'hui et que son coût est payé plus tard, et par quelqu'un d'autre."
MoUTrap-Core,fr,core.exits,two-exits,9279,05:09.300,752,25.07,51,20.4,yes,"Un engagement pris au piège en sort de deux manières. Il s'enlise, et le pays perd du temps, de l'argent et des options. Ou il aboutit à des conditions fixées lorsque le projet était le moins testé, et le pays hérite d'un engagement. Les deux sorties commencent par la même omission."
MoUTrap-Core,fr,core.ghana,case-card,10031,05:34.367,1258,41.93,88,35.2,yes,"Le Ghana montre où mène la seconde sortie. Entre 2014 et 2017, trois producteurs d'urgence ont été contractés sans mise en concurrence, et le distributeur national a signé quarante-trois contrats d'achat d'électricité par des procédures non concurrentielles. Les centrales contractées devaient créer mille neuf cents mégawatts de surcapacité à l'horizon 2019. Au lancement du Programme de redressement du secteur de l'énergie, les arriérés nets du secteur atteignaient deux virgule sept cinq milliards de dollars. Ces contrats avaient satisfait leurs prêteurs. Ensemble, ils ont échoué au test de l'État."
MoUTrap-Core,fr,core.nachtigal,case-card,11289,06:16.300,1737,57.90,123,49.2,yes,"L'argument en faveur des MoU n'est pas faible. Certains projets ne peuvent pas être mis en concurrence dès le départ, parce que personne n'en sait encore assez pour rédiger un appel d'offres. La centrale hydroélectrique de Nachtigal, au Cameroun, a été développée dans le cadre d'un accord de développement conjoint, et non par appel d'offres, et a atteint le bouclage financier avec une tranche en monnaie locale sans précédent pour les banques concernées. Mais Nachtigal porte un avertissement. Quelques mois après sa mise en service complète en 2025, la presse rapportait que sa garantie de paiement était largement tirée, et que le ministère des Finances cherchait une ligne bancaire pour sécuriser les paiements. Un projet bien structuré reste exposé à un acheteur fragile."
MoUTrap-Core,fr,core.costs,cost-list,13026,07:14.200,806,26.87,55,22.0,yes,"Le piège du MoU a cinq coûts, et en général seul le premier est compté. L'électricité non livrée. Les meilleurs projets bloqués. L'attention publique consommée. La crédibilité perdue quand des termes signés sont rouverts. Et les engagements créés quand des projets piégés aboutissent, sous pression politique, à des conditions fixées lorsqu'ils étaient le moins testés."
MoUTrap-Core,fr,core.remedies,remedy-list,13832,07:41.067,1367,45.57,96,38.4,yes,"Si le piège existe parce qu'un MoU ne coûte rien à la signature et que ses risques pèsent sur des parties qui ne sont pas dans la salle, le remède consiste à avancer à la fois le coût et ces parties. Filtrer à l'entrée. Donner un prix à l'option. Faire entrer les porteurs de risque tôt. Et publier un registre. Le Nigeria montre que donner un prix à l'option ne suffit pas à soi seul. Le piège doit être refermé à chaque point où un projet est testé, par l'institution la mieux placée pour le tester."
MoUTrap-Core,fr,core.key,key-message,15199,08:26.633,1066,35.53,74,29.6,yes,"Un MoU ne coûte presque rien à signer et peut coûter très cher par la suite : soit sous la forme d'une électricité qui n'arrive jamais, soit sous celle d'un contrat que le système ne peut pas supporter. Le piège persiste parce que ceux qui en porteront le risque sont absents au moment où l'engagement est pris. Le refermer suppose d'amener les porteurs de risque, et les tests qu'ils appliqueraient, au début du processus."
MoUTrap-Ministers,en,min.title,title-card,0,00:00.000,240,8.00,13,5.2,yes,"Bankable is not enough. Module A, for ministers and cabinet: before you sign."
MoUTrap-Ministers,en,min.flip,stat-flip,240,00:08.000,779,25.97,53,21.2,yes,"In 2016 Nigeria signed power purchase agreements for one thousand one hundred and twenty-five megawatts of solar. Four years later, not one electron had been delivered. These were not memoranda of understanding. They were signed contracts, and most of the developers had put money down. They stopped where most African power commitments stop."
MoUTrap-Ministers,en,min.actors,actor-table,1019,00:33.967,1162,38.73,81,32.4,yes,"Consider who is at the table when you sign, and who is not. You get a visible response to power shortages, at little immediate cost. The developer gets an option, which can be sold. The utility is often not even a party. The treasury is usually not consulted until the terms are nearly settled. And the lenders, who will test the project hardest, arrive years later. The two parties who will actually pay for this commitment are not in the room."
MoUTrap-Ministers,en,min.exits,two-exits,2181,01:12.700,902,30.07,62,24.8,yes,"That omission leaves you with two outcomes, and you do not get to choose which. The project stalls, and the country loses time, money and options — and reopening signed terms raises the risk premium investors charge the whole country. Or the project closes, under political pressure, on terms fixed when it was least tested, and the country inherits a twenty-year liability."
MoUTrap-Ministers,en,min.ask,ask-card,3083,01:42.767,1244,41.47,87,34.8,yes,"Four things to require before the next signature. Publish a register of power MoUs, with status and expiry dates, and let lapsed options expire — this first step costs almost nothing. Require any MoU outside the least-cost plan to be tested against the plan before signature. Ensure the ministry of finance and the utility have seen any MoU that could create fixed payments or state support. And attach milestones, a sunset date, and where appropriate, development securities. Serious developers have little to fear from any of these."
MoUTrap-Ministers,en,min.key,key-message,4327,02:24.233,478,15.93,31,12.4,yes,"An MoU costs almost nothing to sign and can cost a great deal later. The trap persists because those who will bear the risk are absent when the commitment is made."
MoUTrap-Ministers,fr,min.title,title-card,0,00:00.000,300,10.00,18,7.2,yes,"Bankable is not enough. Module A, pour les ministres et les membres du gouvernement : avant de signer."
MoUTrap-Ministers,fr,min.flip,stat-flip,300,00:10.000,861,28.70,59,23.6,yes,"En 2016, le Nigeria a signé des contrats d'achat d'électricité pour mille cent vingt-cinq mégawatts de solaire. Quatre ans plus tard, pas un électron n'avait été livré. Ce n'étaient pas des protocoles d'accord. C'étaient des contrats signés, et la plupart des développeurs avaient engagé de l'argent. Ils se sont arrêtés là où s'arrêtent la plupart des engagements électriques africains."
MoUTrap-Ministers,fr,min.actors,actor-table,1161,00:38.700,1230,41.00,86,34.4,yes,"Considérez qui est à la table quand vous signez, et qui ne l'est pas. Vous obtenez une réponse visible aux pénuries, à un coût immédiat faible. Le développeur obtient une option, qui peut se revendre. La compagnie nationale n'est souvent même pas partie. Le Trésor n'est en général pas consulté avant que les termes soient presque arrêtés. Et les prêteurs, qui testeront le projet le plus durement, arrivent des années plus tard. Les deux parties qui paieront réellement cet engagement ne sont pas dans la salle."
MoUTrap-Ministers,fr,min.exits,two-exits,2391,01:19.700,984,32.80,68,27.2,yes,"Cette omission vous laisse deux issues, et vous ne choisissez pas laquelle. Le projet s'enlise, et le pays perd du temps, de l'argent et des options — et rouvrir des termes signés relève la prime de risque exigée de tout le pays. Ou le projet aboutit, sous pression politique, à des conditions fixées quand il était le moins testé, et le pays hérite d'un engagement de vingt ans."
MoUTrap-Ministers,fr,min.ask,ask-card,3375,01:52.500,1449,48.30,102,40.8,yes,"Quatre exigences avant la prochaine signature. Publier un registre des MoU électriques, avec leur statut et leur date d'expiration, et laisser les options caduques s'éteindre — ce premier pas ne coûte presque rien. Exiger que tout MoU hors du plan de moindre coût soit confronté à ce plan avant signature. S'assurer que le ministère des Finances et la compagnie nationale ont vu tout MoU pouvant créer des paiements fermes ou un soutien de l'État. Et assortir le MoU de jalons, d'une date d'extinction et, le cas échéant, de cautions de développement. Les développeurs sérieux n'ont pas grand-chose à craindre de ces exigences."
MoUTrap-Ministers,fr,min.key,key-message,4824,02:40.800,533,17.77,35,14.0,yes,"Un MoU ne coûte presque rien à signer et peut coûter très cher par la suite. Le piège persiste parce que ceux qui en porteront le risque sont absents au moment où l'engagement est pris."
MoUTrap-Finance,en,fin.title,title-card,0,00:00.000,259,8.63,15,6.0,yes,"Bankable is not enough. Module B, for ministries of finance and treasury: the state's test."
MoUTrap-Finance,en,fin.tests,two-tests,259,00:08.633,1422,47.40,100,40.0,yes,"Two tests decide whether a power contract survives. The lender's test asks whether the project can repay its debt. That test is applied rigorously, by banks and development finance institutions, at financial close. The state's test asks something different: can the power system and the public finances carry this project's obligations for twenty years or more? Only you can apply that test. Even where a development finance institution co-develops from the start, the ministry of finance tends to see the project only when its terms are nearly settled. The absence that matters most is the absence of the state's test."
MoUTrap-Finance,en,fin.ghana,case-card,1681,00:56.033,1422,47.40,100,40.0,yes,"Ghana shows what happens when only the lender's test is applied. Between 2014 and 2017, three emergency power producers were contracted without competition, and the national distribution utility signed forty-three power purchase agreements through noncompetitive processes. Contracted plants were projected to create one thousand nine hundred megawatts of excess capacity by 2019. When the Energy Sector Recovery Programme launched, net sector arrears stood at two point seven five billion dollars, and the country was reported to be paying more than five hundred million dollars a year for electricity it did not use. Every one of these contracts satisfied its lenders."
MoUTrap-Finance,en,fin.nachtigal,case-card,3103,01:43.433,1135,37.83,79,31.6,yes,"Nor is good structure a defence on its own. Cameroon's Nachtigal plant was developed under a joint development agreement with EDF, the IFC and the national utility, and reached financial close with a local currency tranche of unprecedented tenor. Within months of full commissioning in 2025, the press reported its payment guarantee was largely drawn, and that the ministry of finance was seeking a bank facility to secure payments. A well structured project remains exposed to a weak buyer."
MoUTrap-Finance,en,fin.ask,ask-card,4238,02:21.267,902,30.07,62,24.8,yes,"So: claim sight of every MoU that could lead to fixed payments or state support, at MoU stage, not when lenders arrive with term sheets. Size state support to fiscal space, not to what the term sheet requires. Treat a drawn payment guarantee as a systems failure, not a cash-flow event. And insist that the state's answer is made public at close."
MoUTrap-Finance,en,fin.key,key-message,5140,02:51.333,560,18.67,37,14.8,yes,"Many of the liabilities that arrive on your desk began in an MoU you were never shown. Closing the trap means bringing the risk bearers, and the tests they would apply, to the start of the process."
MoUTrap-Finance,fr,fin.title,title-card,0,00:00.000,314,10.47,19,7.6,yes,"Bankable is not enough. Module B, pour les ministères des Finances et le Trésor : le test de l'État."
MoUTrap-Finance,fr,fin.tests,two-tests,314,00:10.467,1559,51.97,110,44.0,yes,"Deux tests décident de la survie d'un contrat électrique. Le test du prêteur demande si le projet peut rembourser sa dette. Ce test est appliqué rigoureusement, par les banques et les institutions de financement du développement, au bouclage financier. Le test de l'État demande autre chose : le système électrique et les finances publiques peuvent-ils porter les obligations de ce projet pendant vingt ans ou plus ? Vous seuls pouvez appliquer ce test. Même lorsqu'une institution de financement du développement codéveloppe dès le départ, le ministère des Finances ne découvre le projet que lorsque ses termes sont presque arrêtés. L'absence qui compte le plus est celle du test de l'État."
MoUTrap-Finance,fr,fin.ghana,case-card,1873,01:02.433,1545,51.50,109,43.6,yes,"Le Ghana montre ce qui arrive quand seul le test du prêteur est appliqué. Entre 2014 et 2017, trois producteurs d'urgence ont été contractés sans mise en concurrence, et le distributeur national a signé quarante-trois contrats d'achat d'électricité par des procédures non concurrentielles. Les centrales contractées devaient créer mille neuf cents mégawatts de surcapacité à l'horizon 2019. Au lancement du Programme de redressement du secteur de l'énergie, les arriérés nets atteignaient deux virgule sept cinq milliards de dollars, et le pays versait, selon la presse, plus de cinq cents millions de dollars par an pour une électricité qu'il ne consommait pas. Chacun de ces contrats avait satisfait ses prêteurs."
MoUTrap-Finance,fr,fin.nachtigal,case-card,3418,01:53.933,1367,45.57,96,38.4,yes,"Une bonne structure n'est pas non plus une défense à elle seule. La centrale camerounaise de Nachtigal a été développée dans le cadre d'un accord de développement conjoint avec EDF, l'IFC et la compagnie nationale, et a atteint le bouclage financier avec une tranche en monnaie locale d'une maturité sans précédent. Quelques mois après sa mise en service complète en 2025, la presse rapportait que sa garantie de paiement était largement tirée, et que le ministère des Finances cherchait une ligne bancaire pour sécuriser les paiements. Un projet bien structuré reste exposé à un acheteur fragile."
MoUTrap-Finance,fr,fin.ask,ask-card,4785,02:39.500,1094,36.47,76,30.4,yes,"Donc : exigez de voir tout MoU pouvant entraîner des paiements fermes ou un soutien de l'État, au stade du MoU, et non quand les prêteurs arrivent avec leurs term sheets. Calibrez le soutien de l'État sur l'espace budgétaire, et non sur ce qu'exige la term sheet. Traitez une garantie de paiement tirée comme une défaillance du système, non comme un incident de trésorerie. Et exigez que la réponse de l'État soit rendue publique au bouclage."
MoUTrap-Finance,fr,fin.key,key-message,5879,03:15.967,560,18.67,37,14.8,yes,"Beaucoup des engagements qui arrivent sur votre bureau ont commencé dans un MoU qu'on ne vous a jamais montré. Refermer le piège suppose d'amener les porteurs de risque, et les tests qu'ils appliqueraient, au début du processus."
MoUTrap-Regulators,en,reg.title,title-card,0,00:00.000,259,8.63,15,6.0,yes,"Bankable is not enough. Module C, for regulators and procurement authorities: the benchmark you inherit."
MoUTrap-Regulators,en,reg.tariff,cold-open,259,00:08.633,1012,33.73,70,28.0,yes,"Nigeria's solar tariff was set administratively, before any competitive price discovery: eleven and a half US cents per kilowatt hour, fixed for twenty years. When solar costs fell, the government sought to cut it to around seven and a half cents. The programme stalled over the dispute. Not one of the fourteen projects reached financial close, and as late as 2023, analysts were still proposing ways out of the deadlock."
MoUTrap-Regulators,en,reg.layers,layers,1271,00:42.367,875,29.17,60,24.0,yes,"Four explanations circulate for why projects stall — the sponsor, the process, the system, and the state's fiscal capacity. They are layers, not rivals, and the useful question is which binds first. Yours is usually the second. A proposal brought by a developer and negotiated directly bypasses the planning, the price discovery and the scrutiny that a tender would impose."
MoUTrap-Regulators,en,reg.quote,quote,2146,01:11.533,478,15.93,31,12.4,yes,"The World Bank's own guidelines on unsolicited proposals warn that such projects often run into trouble, among other things by diverting public resources away from the strategic plans of the government."
MoUTrap-Regulators,en,reg.ask,ask-card,2624,01:27.467,916,30.53,63,25.2,yes,"Four things within your authority. Compete by default, and where a tender is genuinely impossible, say so on the record and explain why. Test every unsolicited proposal against the least-cost plan before any tariff is indicated. Treat an indicative tariff as a published benchmark, because that is what it becomes. And require milestones, sunset dates and development securities in the instruments you approve."
MoUTrap-Regulators,en,reg.key,key-message,3540,01:58.000,546,18.20,36,14.4,yes,"A tariff set before price discovery does not stay indicative. It becomes the benchmark the country must argue against for years, and when the state reopens it, investors raise the premium they charge on everything else."
MoUTrap-Regulators,fr,reg.title,title-card,0,00:00.000,328,10.93,20,8.0,yes,"Bankable is not enough. Module C, pour les régulateurs et les autorités de passation : la référence dont vous héritez."
MoUTrap-Regulators,fr,reg.tariff,cold-open,328,00:10.933,1053,35.10,73,29.2,yes,"Le tarif solaire nigérian a été fixé administrativement, avant toute découverte concurrentielle du prix : onze virgule cinq cents américains par kilowattheure, fixés pour vingt ans. Quand les coûts du solaire ont baissé, le gouvernement a cherché à le ramener à environ sept virgule cinq cents. Le programme s'est enlisé dans le différend. Aucun des quatorze projets n'a atteint le bouclage financier, et en 2023 encore, des analystes proposaient des issues au blocage."
MoUTrap-Regulators,fr,reg.layers,layers,1381,00:46.033,1053,35.10,73,29.2,yes,"Quatre explications circulent pour expliquer l'enlisement des projets : le promoteur, la procédure, le système, et la capacité budgétaire de l'État. Ce sont des couches, non des rivales, et la bonne question est de savoir laquelle est contraignante en premier. La vôtre est en général la deuxième. Une proposition apportée par un développeur et négociée de gré à gré contourne la planification, la formation du prix et le contrôle qu'un appel d'offres imposerait."
MoUTrap-Regulators,fr,reg.quote,quote,2434,01:21.133,492,16.40,32,12.8,yes,"Les propres lignes directrices de la Banque mondiale sur les offres spontanées avertissent que de tels projets rencontrent souvent des difficultés, notamment en détournant les ressources publiques des plans stratégiques du gouvernement."
MoUTrap-Regulators,fr,reg.ask,ask-card,2926,01:37.533,998,33.27,69,27.6,yes,"Quatre leviers qui relèvent de votre autorité. Mettre en concurrence par défaut, et là où un appel d'offres est réellement impossible, le dire officiellement et l'expliquer. Confronter toute offre spontanée au plan de moindre coût avant qu'un tarif ne soit indiqué. Traiter un tarif indicatif comme une référence publiée, car c'est ce qu'il devient. Et exiger jalons, dates d'extinction et cautions de développement dans les instruments que vous approuvez."
MoUTrap-Regulators,fr,reg.key,key-message,3924,02:10.800,615,20.50,41,16.4,yes,"Un tarif fixé avant toute mise en concurrence ne reste pas indicatif. Il devient la référence contre laquelle le pays devra argumenter pendant des années, et quand l'État le rouvre, les investisseurs relèvent la prime qu'ils exigent sur tout le reste."
MoUTrap-Developers,en,dev.title,title-card,0,00:00.000,273,9.10,16,6.4,yes,"Bankable is not enough. Module D, for developers and development partners: what counts as a pipeline."
MoUTrap-Developers,en,dev.stages,stage-ladder,273,00:09.100,847,28.23,58,23.2,yes,"Consider what you actually hold at each stage. An MoU binds little in law, but it often grants exclusivity — it is an option on a site or a resource, cheap to obtain, valuable to hold, and saleable. A contract fixes tariff, term and obligations, conditional on the plant reaching operation. Only financial close counts as a pipeline."
MoUTrap-Developers,en,dev.denominator,funnel,1120,00:37.333,1094,36.47,76,30.4,yes,"And the denominator is never published. Governments rarely publish the MoUs they sign, and developers have no reason to announce when one lapses. McKinsey estimated that fewer than ten percent of African infrastructure projects reach financial close, with eighty percent failing at the feasibility stage, and about thirty billion dollars of development costs sitting in that phase across the six largest markets. Development partners count MoUs as evidence of a pipeline. They are evidence of intent."
MoUTrap-Developers,en,dev.nachtigal,case-card,2214,01:13.800,1176,39.20,82,32.8,yes,"This is not an argument for banning MoUs. Some projects cannot be tendered at the outset, because nobody yet knows enough to write a tender. Cameroon's Nachtigal plant was developed under a joint development agreement with EDF, the IFC and the national utility, and reached financial close with a local currency tranche of unprecedented tenor. But within months of commissioning in 2025, its payment guarantee was reported largely drawn. How a project begins matters. It does not settle how it will end."
MoUTrap-Developers,en,dev.ask,ask-card,3390,01:53.000,1053,35.10,73,29.2,yes,"So, what to expect and what to measure. Developers: expect MoUs to carry milestones, sunset clauses and, where appropriate, development securities. Serious developers have little to fear from any of these. Expect exclusivity to be limited and time-boxed, because a site held by a sponsor who cannot finance it blocks one who could. Development partners: measure pipelines by the number of projects that pass both tests, not by the number of MoUs signed."
MoUTrap-Developers,en,dev.key,key-message,4443,02:28.100,574,19.13,38,15.2,yes,"A pipeline is not the number of MoUs signed. It is the number of projects that can pass the lender's test and the state's test — and the discipline that gets them there protects the serious developer most."
MoUTrap-Developers,fr,dev.title,title-card,0,00:00.000,328,10.93,20,8.0,yes,"Bankable is not enough. Module D, pour les développeurs et les partenaires au développement : ce qui compte comme portefeuille."
MoUTrap-Developers,fr,dev.stages,stage-ladder,328,00:10.933,930,31.00,64,25.6,yes,"Considérez ce que vous détenez réellement à chaque étape. Un MoU engage peu en droit, mais il accorde souvent une exclusivité : c'est une option sur un site ou une ressource, peu coûteuse à obtenir, précieuse à détenir, et revendable. Un contrat fixe le tarif, la durée et les obligations, sous réserve de la mise en service. Seul le bouclage financier compte comme portefeuille."
MoUTrap-Developers,fr,dev.denominator,funnel,1258,00:41.933,1299,43.30,91,36.4,yes,"Et le dénominateur n'est jamais publié. Les gouvernements publient rarement les MoU qu'ils signent, et les développeurs n'ont aucune raison d'annoncer qu'un MoU est devenu caduc. McKinsey estime que moins de dix pour cent des projets d'infrastructure africains atteignent le bouclage financier, que quatre-vingts pour cent échouent au stade de la faisabilité, et qu'environ trente milliards de dollars de coûts de développement sont immobilisés à ce stade dans les six plus grands marchés. Les partenaires au développement comptent les MoU comme la preuve d'un portefeuille. Ils sont la preuve d'une intention."
MoUTrap-Developers,fr,dev.nachtigal,case-card,2557,01:25.233,1518,50.60,107,42.8,yes,"Ce n'est pas un plaidoyer pour l'interdiction des MoU. Certains projets ne peuvent pas être mis en concurrence dès le départ, parce que personne n'en sait encore assez pour rédiger un appel d'offres. La centrale camerounaise de Nachtigal a été développée dans le cadre d'un accord de développement conjoint avec EDF, l'IFC et la compagnie nationale, et a atteint le bouclage financier avec une tranche en monnaie locale d'une maturité sans précédent. Mais quelques mois après sa mise en service en 2025, sa garantie de paiement était signalée largement tirée. La manière dont un projet commence compte. Elle ne décide pas de la manière dont il finira."
MoUTrap-Developers,fr,dev.ask,ask-card,4075,02:15.833,1313,43.77,92,36.8,yes,"Alors, ce qu'il faut attendre et ce qu'il faut mesurer. Développeurs : attendez-vous à ce que les MoU comportent des jalons, des clauses d'extinction et, le cas échéant, des cautions de développement. Les développeurs sérieux n'ont pas grand-chose à en craindre. Attendez-vous à une exclusivité limitée et bornée dans le temps, car un site détenu par un promoteur incapable de le financer le bloque pour celui qui le pourrait. Partenaires au développement : mesurez les portefeuilles au nombre de projets qui passent les deux tests, et non au nombre de MoU signés."
MoUTrap-Developers,fr,dev.key,key-message,5388,02:59.600,642,21.40,43,17.2,yes,"Un portefeuille ne se mesure pas au nombre de MoU signés. Il se mesure au nombre de projets capables de passer le test du prêteur et le test de l'État — et la discipline qui les y mène protège d'abord le développeur sérieux."
