arrondissement_id,arrondissement_nom,surface_classee_ha,foret_arboree_ha,arbustes_ha,prairie_savane_herbacee_ha,cultures_ha,bati_ha,sol_nu_vegetation_clairsemee_ha,neige_glace_ha,eau_permanente_ha,zone_humide_herbacee_ha,mangroves_ha,mousses_lichens_ha,non_classe_nodata_ha,part_foret_arboree_pct,part_cultures_pct,part_bati_pct,source
9386221B77010589979362,Mbonge,80274.3,75474.5,425.1,3868.0,2.1,337.0,158.1,0.0,7.0,2.6,0.0,0.0,0.0,94.02,0.0,0.42,ESA_WORLDCOVER_2021_V200
9386221B82819198957904,Magba,117419.2,60383.5,8239.3,41325.5,710.6,494.1,63.8,0.0,4557.1,1645.3,0.0,0.0,0.0,51.43,0.61,0.42,ESA_WORLDCOVER_2021_V200
9386221B94264369685837,Mélong,58975.3,46407.1,16.2,11292.8,437.8,802.4,7.5,0.0,5.9,5.7,0.0,0.0,0.0,78.69,0.74,1.36,ESA_WORLDCOVER_2021_V200
9386221B74025270926471,Fokoué,16906.8,9177.1,15.6,7224.0,187.6,302.0,0.2,0.0,0.2,0.0,0.0,0.0,0.0,54.28,1.11,1.79,ESA_WORLDCOVER_2021_V200
9386221B93864141471804,Bibemi,256610.2,6477.3,98312.9,63706.2,81979.9,718.0,270.2,0.0,3520.5,1625.2,0.0,0.0,0.0,2.52,31.95,0.28,ESA_WORLDCOVER_2021_V200
9386221B27912146401862,Fonfuka,70697.7,21013.9,297.9,48017.3,1251.0,105.2,10.0,0.0,2.3,0.1,0.0,0.0,0.0,29.72,1.77,0.15,ESA_WORLDCOVER_2021_V200
9386221B79899623199002,Nwa,144417.9,74604.6,2214.0,64116.2,2879.9,402.6,43.4,0.0,70.3,86.8,0.0,0.0,0.0,51.66,1.99,0.28,ESA_WORLDCOVER_2021_V200
9386221B33515010482661,Ambam,245230.5,242911.3,0.1,1311.7,0.0,631.0,72.2,0.0,303.0,1.3,0.0,0.0,0.0,99.05,0.0,0.26,ESA_WORLDCOVER_2021_V200
9386221B52857545604026,Baschéo,104933.8,5492.1,48348.8,24529.3,26333.5,162.1,41.1,0.0,0.1,27.0,0.0,0.0,0.0,5.23,25.1,0.15,ESA_WORLDCOVER_2021_V200
9386221B78668613240419,Ngoura,171894.5,104867.1,35125.5,31485.0,8.6,246.1,101.5,0.0,60.0,0.6,0.0,0.0,0.0,61.01,0.01,0.14,ESA_WORLDCOVER_2021_V200
9386221B24523978405317,Dir,491164.5,328904.7,149606.6,12073.3,266.7,266.3,20.6,0.0,8.1,18.3,0.0,0.0,0.0,66.96,0.05,0.05,ESA_WORLDCOVER_2021_V200
9386221B41960338837393,Fundong,41216.3,22658.2,29.3,16288.5,1835.2,404.8,0.3,0.0,0.0,0.0,0.0,0.0,0.0,54.97,4.45,0.98,ESA_WORLDCOVER_2021_V200
9386221B4855998486519,Mayo-Oulo,139485.1,15382.9,43293.7,49510.5,30547.9,657.5,63.8,0.0,21.4,7.4,0.0,0.0,0.0,11.03,21.9,0.47,ESA_WORLDCOVER_2021_V200
9386221B27766107417226,Bandja,21346.1,16383.0,4.6,4078.6,291.2,586.6,2.2,0.0,0.0,0.0,0.0,0.0,0.0,76.75,1.36,2.75,ESA_WORLDCOVER_2021_V200
9386221B81292069967457,Bangangté,82874.5,41561.3,2499.6,33793.0,2778.1,2016.5,54.8,0.0,171.0,0.2,0.0,0.0,0.0,50.15,3.35,2.43,ESA_WORLDCOVER_2021_V200
9386221B89274956330401,Bikok,45841.9,43505.8,0.0,1892.1,0.3,351.3,39.2,0.0,53.1,0.0,0.0,0.0,0.0,94.9,0.0,0.77,ESA_WORLDCOVER_2021_V200
9386221B74669662055671,Mbankomo,44505.8,40220.6,0.0,2871.0,0.9,1368.8,44.5,0.0,0.0,0.0,0.0,0.0,0.0,90.37,0.0,3.08,ESA_WORLDCOVER_2021_V200
9386221B10065718607092,Malentouen,108438.8,68179.1,1902.6,36889.7,238.5,731.1,13.9,0.0,483.6,0.4,0.0,0.0,0.0,62.87,0.22,0.67,ESA_WORLDCOVER_2021_V200
9386221B71813555449952,Benakuma,95650.2,77764.8,1197.9,16406.8,1.0,66.7,24.6,0.0,186.9,1.3,0.0,0.0,0.0,81.3,0.0,0.07,ESA_WORLDCOVER_2021_V200
9386221B49027895017551,Touboro,1006224.7,448277.8,318679.4,93672.2,142767.2,1855.5,435.6,0.0,447.8,89.2,0.0,0.0,0.0,44.55,14.19,0.18,ESA_WORLDCOVER_2021_V200
9386221B8295787720899,Santchou,36252.7,30031.5,63.2,5385.1,231.8,528.7,3.9,0.0,4.1,4.4,0.0,0.0,0.0,82.84,0.64,1.46,ESA_WORLDCOVER_2021_V200
9386221B16560289387491,Zhoa,209806.7,142143.6,7513.4,58127.4,892.5,324.6,194.2,0.0,483.8,127.2,0.0,0.0,0.0,67.75,0.43,0.15,ESA_WORLDCOVER_2021_V200
9386221B93171671675952,Nitoukou,17091.7,14062.5,0.5,2928.1,1.8,98.2,0.5,0.0,0.0,0.0,0.0,0.0,0.0,82.28,0.01,0.57,ESA_WORLDCOVER_2021_V200
9386221B82965334197463,Bengbis,225429.4,221298.5,0.1,2407.9,0.0,148.7,1189.6,0.0,376.6,8.1,0.0,0.0,0.0,98.17,0.0,0.07,ESA_WORLDCOVER_2021_V200
9386221B30051434650044,Baré,23706.4,22179.9,0.0,1294.1,6.0,219.4,1.4,0.0,5.6,0.0,0.0,0.0,0.0,93.56,0.03,0.93,ESA_WORLDCOVER_2021_V200
9386221B66377305480257,Nguti,185055.4,183875.7,1.3,948.0,0.1,198.1,8.5,0.0,23.6,0.1,0.0,0.0,0.0,99.36,0.0,0.11,ESA_WORLDCOVER_2021_V200
9386221B817394517114,Béka,165571.8,36987.1,57966.4,29953.8,35225.3,202.8,2451.0,0.0,1223.0,1562.3,0.0,0.0,0.0,22.34,21.27,0.12,ESA_WORLDCOVER_2021_V200
9386221B22071899137589,Bamenda II,17261.7,5508.0,5.6,9292.6,516.9,1909.1,9.2,0.0,20.4,0.0,0.0,0.0,0.0,31.91,2.99,11.06,ESA_WORLDCOVER_2021_V200
9386221B86637045345596,Ngoro,199086.9,156276.0,575.7,41052.6,46.8,499.2,40.0,0.0,589.1,7.5,0.0,0.0,0.0,78.5,0.02,0.25,ESA_WORLDCOVER_2021_V200
9386221B53910864133927,Nkolafamba,32947.5,28094.6,0.0,2152.5,0.1,2677.4,22.9,0.0,0.0,0.0,0.0,0.0,0.0,85.27,0.0,8.13,ESA_WORLDCOVER_2021_V200
9386221B83686298967433,Douala VI,39048.6,5230.2,2.6,302.4,17.2,271.0,21.6,0.0,5968.4,92.8,27142.5,0.0,0.0,13.39,0.04,0.69,ESA_WORLDCOVER_2021_V200
9386221B76047173440366,Galim,50446.6,8612.6,288.8,24747.3,9119.0,553.5,37.9,0.0,6171.8,915.7,0.0,0.0,0.0,17.07,18.08,1.1,ESA_WORLDCOVER_2021_V200
9386221B30079152631265,Nanga-Eboko,539680.3,468094.1,1848.7,64678.4,151.3,524.7,6.9,0.0,4354.9,21.3,0.0,0.0,0.0,86.74,0.03,0.1,ESA_WORLDCOVER_2021_V200
9386221B55011074826496,Kétté,194303.4,105205.8,66509.2,21940.9,3.4,475.4,59.8,0.0,108.9,0.0,0.0,0.0,0.0,54.15,0.0,0.24,ESA_WORLDCOVER_2021_V200
9386221B62771652118747,Kar-Hay,28665.8,146.4,1056.4,4201.0,23169.2,79.2,8.0,0.0,0.1,5.6,0.0,0.0,0.0,0.51,80.83,0.28,ESA_WORLDCOVER_2021_V200
9386221B14880096394558,Yokadouma,1284765.1,1280591.2,1.8,2807.0,0.0,842.4,4.2,0.0,518.5,0.0,0.0,0.0,0.0,99.68,0.0,0.07,ESA_WORLDCOVER_2021_V200
9386221B10584910060209,Belo,25105.7,15609.1,68.6,7121.3,1802.4,398.9,0.0,0.0,105.2,0.2,0.0,0.0,0.0,62.17,7.18,1.59,ESA_WORLDCOVER_2021_V200
9386221B74984703788986,Dziguilao,32711.7,63.9,570.7,6566.5,25462.5,31.6,15.1,0.0,0.5,0.8,0.0,0.0,0.0,0.2,77.84,0.1,ESA_WORLDCOVER_2021_V200
9386221B75151477977368,Logone-Birni,280722.0,840.8,26789.6,89744.4,48303.0,528.7,83.9,0.0,937.6,113493.9,0.0,0.0,0.0,0.3,17.21,0.19,ESA_WORLDCOVER_2021_V200
9386221B39826113805854,Mamfe,319941.0,317247.6,126.4,1233.3,0.6,943.4,241.5,0.0,121.4,26.7,0.0,0.0,0.0,99.16,0.0,0.29,ESA_WORLDCOVER_2021_V200
9386221B64770974028815,Mouloundou,994852.2,987374.2,73.1,1070.5,0.0,196.6,13.1,0.0,6120.6,4.0,0.0,0.0,0.0,99.25,0.0,0.02,ESA_WORLDCOVER_2021_V200
9386221B6080891067496,Mokolo,178369.9,3246.2,28451.7,93340.2,51172.6,1711.2,206.2,0.0,234.2,7.7,0.0,0.0,0.0,1.82,28.69,0.96,ESA_WORLDCOVER_2021_V200
9386221B75104218027540,Dikome-Balue,40472.5,40342.6,0.1,83.9,0.0,45.0,0.1,0.0,0.9,0.0,0.0,0.0,0.0,99.68,0.0,0.11,ESA_WORLDCOVER_2021_V200
9386221B95656062401724,Kaélé,131632.0,939.0,12579.6,73291.1,43690.7,896.4,233.5,0.0,0.9,0.8,0.0,0.0,0.0,0.71,33.19,0.68,ESA_WORLDCOVER_2021_V200
9386221B37954164953849,Akonolinga,284809.7,256631.8,6.0,22372.8,2.3,688.8,2.1,0.0,10.6,5095.3,0.0,0.0,0.0,90.11,0.0,0.24,ESA_WORLDCOVER_2021_V200
9386221B7911071193470,Ekondo-Titi,69596.7,56422.2,37.6,612.3,0.9,301.2,5.9,0.0,475.5,21.1,11720.1,0.0,0.0,81.07,0.0,0.43,ESA_WORLDCOVER_2021_V200
9386221B4287274397308,Ngambé-Tikar,690179.5,467239.3,20077.6,200075.4,453.4,267.6,113.3,0.0,1922.3,30.5,0.0,0.0,0.0,67.7,0.07,0.04,ESA_WORLDCOVER_2021_V200
9386221B27808303815769,Ngan'ha,207781.0,52052.2,91508.2,44453.1,19057.7,459.6,41.9,0.0,42.0,166.3,0.0,0.0,0.0,25.05,9.17,0.22,ESA_WORLDCOVER_2021_V200
9386221B6787106821282,Yingui,165782.4,165498.4,0.2,159.3,0.2,33.8,10.7,0.0,62.8,17.0,0.0,0.0,0.0,99.83,0.0,0.02,ESA_WORLDCOVER_2021_V200
9386221B83227007130233,Mbiame,69371.7,39413.0,980.4,26072.8,2740.6,152.6,10.0,0.0,1.3,0.9,0.0,0.0,0.0,56.81,3.95,0.22,ESA_WORLDCOVER_2021_V200
9386221B95759817871556,Banyo,506648.1,280788.1,61470.9,146521.8,16176.7,916.1,408.6,0.0,352.0,13.8,0.0,0.0,0.0,55.42,3.19,0.18,ESA_WORLDCOVER_2021_V200
9386221B45425107612408,Martap,462776.9,215870.2,210298.7,28719.4,7022.7,255.3,143.2,0.0,134.3,333.2,0.0,0.0,0.0,46.65,1.52,0.06,ESA_WORLDCOVER_2021_V200
9386221B13548901554044,Tombel,102934.0,101684.6,21.4,581.3,0.1,586.2,28.6,0.0,27.0,4.9,0.0,0.0,0.0,98.79,0.0,0.57,ESA_WORLDCOVER_2021_V200
9386221B385560552798,Yaoundé III,6816.0,3247.8,0.0,1095.2,0.1,2431.8,38.3,0.0,2.7,0.1,0.0,0.0,0.0,47.65,0.0,35.68,ESA_WORLDCOVER_2021_V200
9386221B61842396914424,Yaoundé IV,5880.0,1089.7,0.0,598.0,0.3,4140.5,51.0,0.0,0.5,0.0,0.0,0.0,0.0,18.53,0.0,70.42,ESA_WORLDCOVER_2021_V200
9386221B19712168109098,Tabati,960075.9,625649.4,234623.2,73124.8,5555.3,1101.1,372.9,0.0,11736.2,7913.1,0.0,0.0,0.0,65.17,0.58,0.11,ESA_WORLDCOVER_2021_V200
9386221B57757990262555,Pitoa,153861.5,3532.5,51040.1,32523.7,64867.4,1049.8,258.9,0.0,176.4,412.6,0.0,0.0,0.0,2.3,42.16,0.68,ESA_WORLDCOVER_2021_V200
9386221B32496835290273,Rey-Bouba,882163.6,67383.8,395740.8,242285.8,142201.8,560.0,450.8,0.0,22884.2,10656.4,0.0,0.0,0.0,7.64,16.12,0.06,ESA_WORLDCOVER_2021_V200
9386221B58704710272868,Ayos,164958.8,150838.5,0.0,10802.1,0.5,393.0,2.2,0.0,3.2,2919.3,0.0,0.0,0.0,91.44,0.0,0.24,ESA_WORLDCOVER_2021_V200
9386221B80338140747406,Bafoussam I,14094.6,3622.9,52.2,6497.1,2154.3,1726.8,13.5,0.0,27.8,0.0,0.0,0.0,0.0,25.7,15.28,12.25,ESA_WORLDCOVER_2021_V200
9386221B20951962555395,Wum,30115.2,14260.1,428.0,14831.1,235.6,284.6,5.6,0.0,69.2,0.9,0.0,0.0,0.0,47.35,0.78,0.95,ESA_WORLDCOVER_2021_V200
9386221B25127746311543,Bokito,150923.9,75468.3,298.5,72481.5,101.6,557.3,46.7,0.0,1943.9,26.1,0.0,0.0,0.0,50.0,0.07,0.37,ESA_WORLDCOVER_2021_V200
9386221B97417747097064,Akwaya,368147.9,348532.5,806.0,18283.2,42.7,124.8,230.0,0.0,88.2,40.5,0.0,0.0,0.0,94.67,0.01,0.03,ESA_WORLDCOVER_2021_V200
9386221B29602702798924,Campo,275574.3,272842.1,2.4,1014.0,3.3,68.0,163.4,0.0,798.1,60.0,623.2,0.0,0.0,99.01,0.0,0.02,ESA_WORLDCOVER_2021_V200
9386221B43096066125495,Mboma,19483.1,17518.4,0.0,1844.2,0.0,120.4,0.0,0.0,0.0,0.0,0.0,0.0,0.0,89.92,0.0,0.62,ESA_WORLDCOVER_2021_V200
9386221B1059457996109,Nkondjock,96682.1,95422.5,0.1,905.6,3.8,278.4,18.3,0.0,51.2,2.1,0.0,0.0,0.0,98.7,0.0,0.29,ESA_WORLDCOVER_2021_V200
9386221B74476845624573,Njimom,70058.7,43200.6,5729.9,20434.4,259.8,389.8,25.2,0.0,18.6,0.2,0.0,0.0,0.0,61.66,0.37,0.56,ESA_WORLDCOVER_2021_V200
9386221B96388488143337,Bafoussam II,17846.4,5195.5,224.1,7526.2,3379.1,1501.4,3.0,0.0,17.0,0.2,0.0,0.0,0.0,29.11,18.93,8.41,ESA_WORLDCOVER_2021_V200
9386221B29514066115612,Deuk,144736.7,126435.9,1539.3,14990.5,9.8,184.9,23.6,0.0,1549.0,3.6,0.0,0.0,0.0,87.36,0.01,0.13,ESA_WORLDCOVER_2021_V200
9386221B82666420307712,Bétaré-Oya,1175412.5,766386.4,281528.4,114226.0,89.0,901.9,1915.5,0.0,9461.1,904.2,0.0,0.0,0.0,65.2,0.01,0.08,ESA_WORLDCOVER_2021_V200
9386221B20872293533927,Ndikiniméki,182504.0,176491.3,280.9,5362.2,3.7,349.0,2.6,0.0,9.9,4.4,0.0,0.0,0.0,96.71,0.0,0.19,ESA_WORLDCOVER_2021_V200
9386221B22697281755042,Ndélélé,198355.1,190390.9,153.3,6621.4,0.2,229.8,5.3,0.0,954.0,0.1,0.0,0.0,0.0,95.98,0.0,0.12,ESA_WORLDCOVER_2021_V200
9386221B70320783365301,Furu-Awa,118610.0,86710.5,3437.6,28000.8,39.1,28.3,73.7,0.0,256.1,64.0,0.0,0.0,0.0,73.11,0.03,0.02,ESA_WORLDCOVER_2021_V200
9386221B2109018232138,Douala IV,20399.8,6054.7,15.9,940.7,49.3,3213.1,47.0,0.0,2612.0,107.3,7359.7,0.0,0.0,29.68,0.24,15.75,ESA_WORLDCOVER_2021_V200
9386221B43590333993773,Djohong,247052.4,144357.4,84375.4,16358.3,1634.6,234.4,26.5,0.0,61.9,3.9,0.0,0.0,0.0,58.43,0.66,0.09,ESA_WORLDCOVER_2021_V200
9386221B7423024064033,Efoulan,85639.1,85091.9,0.0,416.9,0.0,130.2,0.1,0.0,0.0,0.0,0.0,0.0,0.0,99.36,0.0,0.15,ESA_WORLDCOVER_2021_V200
9386221B32586311123071,Goulfey,163881.8,1421.9,7663.7,135469.0,8215.9,581.8,5607.4,0.0,1790.8,3131.2,0.0,0.0,0.0,0.87,5.01,0.36,ESA_WORLDCOVER_2021_V200
9386221B48086632722257,Tchatibali,9673.5,10.2,357.2,1843.1,7458.0,1.7,3.0,0.0,0.0,0.4,0.0,0.0,0.0,0.11,77.1,0.02,ESA_WORLDCOVER_2021_V200
9386221B49690610034766,Bankim,244241.5,102602.0,15334.2,102550.3,2821.1,756.1,230.3,0.0,12992.8,6954.8,0.0,0.0,0.0,42.01,1.16,0.31,ESA_WORLDCOVER_2021_V200
9386221B24384451871957,Garoua-Boulaï,222124.8,154337.5,59054.5,7302.2,71.7,1261.4,25.0,0.0,68.8,3.9,0.0,0.0,0.0,69.48,0.03,0.57,ESA_WORLDCOVER_2021_V200
9386221B97848366185586,Kribi II,10446.9,8816.5,1.9,754.8,0.1,806.2,27.9,0.0,29.1,1.0,9.4,0.0,0.0,84.39,0.0,7.72,ESA_WORLDCOVER_2021_V200
9386221B52052898364822,Toko,149220.2,148999.6,0.0,166.8,0.1,42.8,0.2,0.0,10.2,0.5,0.0,0.0,0.0,99.85,0.0,0.03,ESA_WORLDCOVER_2021_V200
9386221B93246025819017,Yabassi,303147.3,292643.1,52.5,7951.8,23.1,403.2,56.2,0.0,868.5,1148.8,0.0,0.0,0.0,96.53,0.01,0.13,ESA_WORLDCOVER_2021_V200
9386221B59641412270036,Yoko,1568921.7,1259788.6,90294.8,217002.8,75.6,518.9,132.0,0.0,1038.6,70.3,0.0,0.0,0.0,80.3,0.0,0.03,ESA_WORLDCOVER_2021_V200
9386221B89412400808700,Lokoundjé,229118.5,223967.3,68.9,2551.9,1.9,351.4,111.6,0.0,1170.2,131.8,763.5,0.0,0.0,97.75,0.0,0.15,ESA_WORLDCOVER_2021_V200
9386221B67115727666707,Waza,247916.6,3750.8,77560.5,85607.5,28216.2,232.6,14.1,0.0,1.4,52533.4,0.0,0.0,0.0,1.51,11.38,0.09,ESA_WORLDCOVER_2021_V200
9386221B26431625132712,Pete-Bandjoun,14374.4,5916.7,49.2,3364.8,3373.7,1644.7,14.9,0.0,10.2,0.3,0.0,0.0,0.0,41.16,23.47,11.44,ESA_WORLDCOVER_2021_V200
9386221B6590721428979,Wina,9599.4,24.2,253.9,2740.9,6529.1,13.6,2.4,0.0,0.0,35.3,0.0,0.0,0.0,0.25,68.02,0.14,ESA_WORLDCOVER_2021_V200
9386221B68314986466248,Messock,263814.2,263213.2,0.1,188.9,0.0,88.7,4.4,0.0,318.9,0.0,0.0,0.0,0.0,99.77,0.0,0.03,ESA_WORLDCOVER_2021_V200
9386221B92648663236889,Mouanko,128098.8,100797.4,63.5,1467.0,41.6,123.4,97.1,0.0,9433.8,598.4,15476.6,0.0,0.0,78.69,0.03,0.1,ESA_WORLDCOVER_2021_V200
9386221B94928335677765,Bondjock,28396.0,27871.5,0.0,450.2,0.0,73.7,0.6,0.0,0.0,0.0,0.0,0.0,0.0,98.15,0.0,0.26,ESA_WORLDCOVER_2021_V200
9386221B80778369836459,Ma'an,398708.2,395595.9,0.1,1057.5,0.0,298.4,1097.5,0.0,656.6,2.2,0.0,0.0,0.0,99.22,0.0,0.07,ESA_WORLDCOVER_2021_V200
9386221B69502983306293,Batouri,371027.3,270301.4,37242.5,61608.0,15.2,1030.2,165.9,0.0,664.1,0.1,0.0,0.0,0.0,72.85,0.0,0.28,ESA_WORLDCOVER_2021_V200
9386221B13087768970477,Edzendouan,40350.0,32717.1,5.0,7557.0,0.8,70.1,0.0,0.0,0.0,0.1,0.0,0.0,0.0,81.08,0.0,0.17,ESA_WORLDCOVER_2021_V200
9386221B12871175619007,Lembe Yezoum,101815.5,91909.1,65.2,9657.5,87.9,89.9,5.9,0.0,0.0,0.0,0.0,0.0,0.0,90.27,0.09,0.09,ESA_WORLDCOVER_2021_V200
9386221B73831476099133,Mbouda,26081.1,9784.5,112.2,9461.9,5019.6,1667.2,18.5,0.0,11.6,5.6,0.0,0.0,0.0,37.52,19.25,6.39,ESA_WORLDCOVER_2021_V200
9386221B4723313213024,Ako,110067.9,99798.6,4282.1,5492.6,97.4,164.6,34.0,0.0,194.7,3.8,0.0,0.0,0.0,90.67,0.09,0.15,ESA_WORLDCOVER_2021_V200
9386221B20564328998936,Mozogo,27183.6,1766.8,5290.8,14756.1,5075.5,142.1,52.7,0.0,99.7,0.0,0.0,0.0,0.0,6.5,18.67,0.52,ESA_WORLDCOVER_2021_V200
9386221B15912043956147,Mudemba,185701.3,183162.7,3.6,929.9,5.4,138.9,19.3,0.0,417.4,72.9,951.2,0.0,0.0,98.63,0.0,0.07,ESA_WORLDCOVER_2021_V200
9386221B49652047441621,Bamusso,65815.4,41066.0,37.5,1049.2,0.4,139.6,17.1,0.0,1063.9,28.5,22413.2,0.0,0.0,62.4,0.0,0.21,ESA_WORLDCOVER_2021_V200
9386221B67921036823798,Batchenga,23373.5,12419.1,1.9,10469.4,3.4,232.1,33.8,0.0,213.1,0.6,0.0,0.0,0.0,53.13,0.01,0.99,ESA_WORLDCOVER_2021_V200
9386221B17595337609897,Hina,47444.3,2349.6,15069.2,22373.7,7316.0,288.0,47.6,0.0,0.2,0.0,0.0,0.0,0.0,4.95,15.42,0.61,ESA_WORLDCOVER_2021_V200
9386221B73476553425751,Konye,97703.0,96753.1,2.8,360.8,0.0,435.1,9.0,0.0,141.9,0.4,0.0,0.0,0.0,99.03,0.0,0.45,ESA_WORLDCOVER_2021_V200
9386221B66993756052315,Bamenda III,6962.1,1828.3,1.4,2461.6,782.7,1881.6,5.7,0.0,0.6,0.1,0.0,0.0,0.0,26.26,11.24,27.03,ESA_WORLDCOVER_2021_V200
9386221B24523767599714,Meyomessala,211898.8,203789.4,0.6,6779.4,1.7,676.0,526.8,0.0,123.5,1.5,0.0,0.0,0.0,96.17,0.0,0.32,ESA_WORLDCOVER_2021_V200
9386221B7073519614207,Ebolowa I,73471.2,72340.2,0.0,786.8,0.0,343.1,1.0,0.0,0.0,0.0,0.0,0.0,0.0,98.46,0.0,0.47,ESA_WORLDCOVER_2021_V200
9386221B39841753878206,Maroua II,4281.6,225.0,1010.5,2067.7,148.6,789.6,39.9,0.0,0.0,0.3,0.0,0.0,0.0,5.25,3.47,18.44,ESA_WORLDCOVER_2021_V200
9386221B5072173387856,Mindif,99519.6,414.5,23996.1,41164.8,33361.4,292.2,288.9,0.0,0.3,1.5,0.0,0.0,0.0,0.42,33.52,0.29,ESA_WORLDCOVER_2021_V200
9386221B34101725844769,Ndu,48026.4,18149.5,319.6,20008.6,8683.3,862.9,1.1,0.0,1.0,0.4,0.0,0.0,0.0,37.79,18.08,1.8,ESA_WORLDCOVER_2021_V200
9386221B86555112377323,Bélel,202996.6,95563.2,69547.3,31622.9,5827.1,345.5,4.6,0.0,21.7,64.4,0.0,0.0,0.0,47.08,2.87,0.17,ESA_WORLDCOVER_2021_V200
9386221B56423298576810,Galim-Tignère,180694.6,104338.2,13010.3,58304.2,4805.2,207.0,29.2,0.0,0.3,0.0,0.0,0.0,0.0,57.74,2.66,0.11,ESA_WORLDCOVER_2021_V200
9386221B18243073945100,Akoéman,66395.0,65653.4,0.0,626.7,0.0,114.8,0.1,0.0,0.0,0.0,0.0,0.0,0.0,98.88,0.0,0.17,ESA_WORLDCOVER_2021_V200
9386221B42608226924665,Bassamba,1136.7,810.8,0.5,211.1,15.7,98.0,0.5,0.0,0.0,0.0,0.0,0.0,0.0,71.33,1.38,8.63,ESA_WORLDCOVER_2021_V200
9386221B10114916038051,Eyumodjock,137258.6,136614.1,15.9,186.5,0.2,145.2,120.0,0.0,136.7,39.9,0.0,0.0,0.0,99.53,0.0,0.11,ESA_WORLDCOVER_2021_V200
9386221B37656642959733,Guéré,26623.7,80.6,3179.4,13433.5,9613.7,26.2,2.4,0.0,142.3,145.7,0.0,0.0,0.0,0.3,36.11,0.1,ESA_WORLDCOVER_2021_V200
9386221B23103159398534,Makary,117564.7,400.1,1649.3,101728.2,6209.4,730.3,2253.4,0.0,286.1,4308.1,0.0,0.0,0.0,0.34,5.28,0.62,ESA_WORLDCOVER_2021_V200
9386221B62336518359995,Meiganga,676113.1,510921.4,133475.7,26670.5,2918.4,1511.3,299.4,0.0,301.6,14.7,0.0,0.0,0.0,75.57,0.43,0.22,ESA_WORLDCOVER_2021_V200
9386221B82954047932439,Ntui,99367.6,70325.5,77.6,27290.4,35.9,604.9,15.8,0.0,1012.8,4.6,0.0,0.0,0.0,70.77,0.04,0.61,ESA_WORLDCOVER_2021_V200
9386221B12973403420020,Mintom,406299.8,404815.3,0.4,366.1,0.0,191.1,26.3,0.0,900.5,0.1,0.0,0.0,0.0,99.63,0.0,0.05,ESA_WORLDCOVER_2021_V200
9386221B6258875435792,Guémé,49604.3,339.4,13762.3,16685.3,16500.7,157.6,43.2,0.0,403.7,1712.0,0.0,0.0,0.0,0.68,33.26,0.32,ESA_WORLDCOVER_2021_V200
9386221B67742438381032,Bafia,23894.3,16001.7,38.7,6655.3,9.8,930.8,9.3,0.0,247.7,1.0,0.0,0.0,0.0,66.97,0.04,3.9,ESA_WORLDCOVER_2021_V200
9386221B13052337540758,Baham,7602.8,4470.3,0.0,1031.0,1073.8,1026.2,1.5,0.0,0.0,0.0,0.0,0.0,0.0,58.8,14.12,13.5,ESA_WORLDCOVER_2021_V200
9386221B20641552566497,Ebolowa II,199497.2,196742.5,0.0,1527.6,0.0,1211.5,7.0,0.0,8.5,0.0,0.0,0.0,0.0,98.62,0.0,0.61,ESA_WORLDCOVER_2021_V200
9386221B90023713674660,Widikum-Boffé,44060.1,40490.1,2.1,3402.8,0.4,162.4,1.4,0.0,0.9,0.0,0.0,0.0,0.0,91.9,0.0,0.37,ESA_WORLDCOVER_2021_V200
9386221B45326950687577,Kentzou,101403.3,51872.9,11518.1,37265.9,1.4,416.4,5.9,0.0,322.6,0.1,0.0,0.0,0.0,51.16,0.0,0.41,ESA_WORLDCOVER_2021_V200
9386221B63558016528388,Nyambaka,587502.6,241152.8,269687.0,57698.3,17447.9,547.6,90.1,0.0,118.3,760.6,0.0,0.0,0.0,41.05,2.97,0.09,ESA_WORLDCOVER_2021_V200
9386221B47531248617039,Yaoundé V,2585.0,329.5,0.0,122.5,0.0,2129.6,3.3,0.0,0.0,0.0,0.0,0.0,0.0,12.75,0.0,82.38,ESA_WORLDCOVER_2021_V200
9386221B21402585210419,Ouli,65908.0,47462.9,16514.0,1677.8,6.2,84.8,52.9,0.0,109.5,0.0,0.0,0.0,0.0,72.01,0.01,0.13,ESA_WORLDCOVER_2021_V200
9386221B93722401530066,Touloum,28857.1,105.1,632.0,6454.2,21118.4,32.1,4.6,0.0,0.2,510.4,0.0,0.0,0.0,0.36,73.18,0.11,ESA_WORLDCOVER_2021_V200
9386221B66316183416370,Sangmélima,193562.5,187684.5,0.0,4608.4,0.1,1239.4,29.4,0.0,0.4,0.4,0.0,0.0,0.0,96.96,0.0,0.64,ESA_WORLDCOVER_2021_V200
9386221B28277166506413,Bangem,57248.5,54080.6,33.2,2814.5,61.7,225.0,0.2,0.0,33.2,0.0,0.0,0.0,0.0,94.47,0.11,0.39,ESA_WORLDCOVER_2021_V200
9386221B54476981941176,Bamenda I,8746.0,3454.7,2.1,3649.1,925.4,711.2,3.4,0.0,0.0,0.0,0.0,0.0,0.0,39.5,10.58,8.13,ESA_WORLDCOVER_2021_V200
9386221B97708588482854,Kolofata,63105.2,444.6,3471.6,26580.2,31717.9,483.9,200.2,0.0,203.5,3.3,0.0,0.0,0.0,0.7,50.26,0.77,ESA_WORLDCOVER_2021_V200
9386221B6452785602175,Bafang,10692.3,8678.7,2.1,1418.7,14.1,574.9,3.8,0.0,0.0,0.0,0.0,0.0,0.0,81.17,0.13,5.38,ESA_WORLDCOVER_2021_V200
9386221B6377751179039,Mayo-Darlé,96599.1,53715.5,9661.3,29029.8,3944.3,207.0,31.2,0.0,9.2,0.9,0.0,0.0,0.0,55.61,4.08,0.21,ESA_WORLDCOVER_2021_V200
9386221B24752046114571,Mbengwi,46835.7,21507.9,20.2,24647.1,182.5,477.4,0.5,0.0,0.1,0.0,0.0,0.0,0.0,45.92,0.39,1.02,ESA_WORLDCOVER_2021_V200
9386221B16078017148885,Tokombéré,30964.3,1698.7,3236.5,15133.8,10551.4,259.5,71.1,0.0,13.4,0.0,0.0,0.0,0.0,5.49,34.08,0.84,ESA_WORLDCOVER_2021_V200
9386221B60241356719243,Nkongsamba II,2539.9,1649.2,13.1,558.7,1.9,316.2,0.8,0.0,0.0,0.0,0.0,0.0,0.0,64.93,0.07,12.45,ESA_WORLDCOVER_2021_V200
9386221B53888650456668,Tcholliré,1461283.2,512747.8,568703.1,299274.3,78425.3,1199.5,459.4,0.0,337.7,136.0,0.0,0.0,0.0,35.09,5.37,0.08,ESA_WORLDCOVER_2021_V200
9386221B33572677015820,Mbang,532468.2,528877.5,3.0,3036.0,0.4,242.4,1.3,0.0,306.9,0.7,0.0,0.0,0.0,99.33,0.0,0.05,ESA_WORLDCOVER_2021_V200
9386221B32858528046602,Kai-Kai,81014.5,1067.5,20535.6,28761.0,20385.7,208.6,34.2,0.0,600.1,9421.9,0.0,0.0,0.0,1.32,25.16,0.26,ESA_WORLDCOVER_2021_V200
9386221B96404990454766,Guidiguis,38535.6,70.1,762.4,10312.7,27149.2,190.1,48.0,0.0,0.0,3.2,0.0,0.0,0.0,0.18,70.45,0.49,ESA_WORLDCOVER_2021_V200
9386221B8479962630576,Garoua III,26056.0,1316.1,7478.1,4938.5,11379.9,297.9,39.4,0.0,384.5,221.6,0.0,0.0,0.0,5.05,43.67,1.14,ESA_WORLDCOVER_2021_V200
9386221B60612307829975,Foumbot,75955.5,27083.5,6044.2,37024.3,4357.4,1241.8,39.5,0.0,142.7,22.0,0.0,0.0,0.0,35.66,5.74,1.63,ESA_WORLDCOVER_2021_V200
9386221B4228377683115,Elig-Mfomo,20315.8,19300.6,0.0,643.3,0.0,371.4,0.5,0.0,0.0,0.0,0.0,0.0,0.0,95.0,0.0,1.83,ESA_WORLDCOVER_2021_V200
9386221B75894342225273,Mayo-Baléo,357956.9,243567.6,56554.6,50612.9,6499.0,247.7,463.3,0.0,11.5,0.3,0.0,0.0,0.0,68.04,1.82,0.07,ESA_WORLDCOVER_2021_V200
9386221B61437409238039,Makenene,70333.2,60469.5,175.4,9276.8,25.7,364.3,11.0,0.0,8.8,1.7,0.0,0.0,0.0,85.98,0.04,0.52,ESA_WORLDCOVER_2021_V200
9386221B22617176648961,Mbé,171694.7,108735.7,29886.9,22464.4,10141.5,367.4,87.7,0.0,9.7,1.5,0.0,0.0,0.0,63.33,5.91,0.21,ESA_WORLDCOVER_2021_V200
9386221B66919178729406,Misaje,81489.6,36709.6,1214.4,42288.1,1124.7,152.0,0.8,0.0,0.0,0.0,0.0,0.0,0.0,45.05,1.38,0.19,ESA_WORLDCOVER_2021_V200
9386221B19787450988767,Moutourwa,54515.4,273.7,2137.5,21530.2,30242.4,254.9,76.2,0.0,0.2,0.3,0.0,0.0,0.0,0.5,55.47,0.47,ESA_WORLDCOVER_2021_V200
9386221B37888289163945,Maroua I,36762.7,875.7,1130.7,13668.8,18729.2,1798.3,501.9,0.0,43.9,14.1,0.0,0.0,0.0,2.38,50.95,4.89,ESA_WORLDCOVER_2021_V200
9386221B58945663298382,Lomié,731306.3,729547.5,0.0,821.6,0.0,263.6,28.8,0.0,644.2,0.7,0.0,0.0,0.0,99.76,0.0,0.04,ESA_WORLDCOVER_2021_V200
9386221B408891228510,Yaoundé VI,2215.7,289.4,0.0,84.4,0.0,1832.9,8.0,0.0,1.0,0.0,0.0,0.0,0.0,13.06,0.0,82.72,ESA_WORLDCOVER_2021_V200
9386221B4734208437172,Bafut,48610.0,31734.7,51.8,16182.4,98.9,492.4,12.1,0.0,37.6,0.2,0.0,0.0,0.0,65.28,0.2,1.01,ESA_WORLDCOVER_2021_V200
9386221B75611895729261,Mbanga,45167.9,40963.2,527.7,2753.5,221.9,566.5,19.8,0.0,43.6,71.7,0.0,0.0,0.0,90.69,0.49,1.25,ESA_WORLDCOVER_2021_V200
9386221B82405604372605,Niété,100063.0,98908.4,30.4,798.9,0.3,323.9,0.6,0.0,0.1,0.4,0.0,0.0,0.0,98.85,0.0,0.32,ESA_WORLDCOVER_2021_V200
9386221B71446441287733,Lolodorf,96402.4,95961.0,0.0,217.1,0.0,209.9,12.2,0.0,2.2,0.0,0.0,0.0,0.0,99.54,0.0,0.22,ESA_WORLDCOVER_2021_V200
9386221B99383594947631,Nkambe,46992.2,11559.5,138.0,26782.8,7762.1,748.4,1.1,0.0,0.0,0.4,0.0,0.0,0.0,24.6,16.52,1.59,ESA_WORLDCOVER_2021_V200
9386221B5549911640036,Nkoteng,76250.8,41143.9,48.8,31246.2,2375.6,530.2,39.1,0.0,862.0,5.1,0.0,0.0,0.0,53.96,3.12,0.7,ESA_WORLDCOVER_2021_V200
9386221B87256972137423,Soa,27225.1,19391.1,0.0,5227.2,0.9,2564.5,41.0,0.0,0.3,0.0,0.0,0.0,0.0,71.23,0.0,9.42,ESA_WORLDCOVER_2021_V200
9386221B64959093504079,Dargala,38876.1,115.3,3529.4,13103.1,21813.6,140.2,150.0,0.0,3.0,21.6,0.0,0.0,0.0,0.3,56.11,0.36,ESA_WORLDCOVER_2021_V200
9386221B86425664382828,Kobdombo,28601.0,23719.4,0.9,2220.1,0.0,117.7,0.1,0.0,2.1,2540.6,0.0,0.0,0.0,82.93,0.0,0.41,ESA_WORLDCOVER_2021_V200
9386221B13524115596139,Kouoptamo,31243.1,9881.6,414.6,11981.7,5107.7,502.6,25.1,0.0,3010.2,319.6,0.0,0.0,0.0,31.63,16.35,1.61,ESA_WORLDCOVER_2021_V200
9386221B62243000391182,Moulvoudaye,113965.0,316.5,19683.8,37659.5,55372.0,130.6,8.1,0.0,0.0,794.6,0.0,0.0,0.0,0.28,48.59,0.11,ESA_WORLDCOVER_2021_V200
9386221B65701761886859,Djoum,544166.1,542194.6,0.0,1181.8,0.0,457.1,57.7,0.0,273.5,1.4,0.0,0.0,0.0,99.64,0.0,0.08,ESA_WORLDCOVER_2021_V200
9386221B79807514363005,Ngaoundal,371107.1,219383.0,121739.8,25728.0,1020.0,538.6,36.9,0.0,1482.2,1178.5,0.0,0.0,0.0,59.12,0.27,0.15,ESA_WORLDCOVER_2021_V200
9386221B83688438968911,Kontcha,39339.4,6518.7,25524.2,4405.7,2414.5,62.4,403.0,0.0,10.8,0.0,0.0,0.0,0.0,16.57,6.14,0.16,ESA_WORLDCOVER_2021_V200
9386221B72848385976679,Pétté,88014.9,3347.2,25162.5,35196.3,24069.4,126.9,4.0,0.0,0.0,108.5,0.0,0.0,0.0,3.8,27.35,0.14,ESA_WORLDCOVER_2021_V200
9386221B38813643560197,Njinikom,28083.6,21142.4,37.1,6323.3,333.8,225.7,11.8,0.0,8.8,0.6,0.0,0.0,0.0,75.28,1.19,0.8,ESA_WORLDCOVER_2021_V200
9386221B78963061859533,Soulèdé-Roua,24011.5,691.2,4759.5,14229.7,4151.7,126.3,29.9,0.0,23.3,0.0,0.0,0.0,0.0,2.88,17.29,0.53,ESA_WORLDCOVER_2021_V200
9386221B73164883386561,Mindourou,533863.3,532754.8,0.0,950.0,0.0,156.8,0.8,0.0,0.7,0.0,0.0,0.0,0.0,99.79,0.0,0.03,ESA_WORLDCOVER_2021_V200
9386221B62355710838031,Kousséri,14319.8,304.4,508.8,9212.9,2024.2,1511.8,86.5,0.0,419.9,251.2,0.0,0.0,0.0,2.13,14.14,10.56,ESA_WORLDCOVER_2021_V200
9386221B71016859337528,Massangam,220865.5,142999.9,18166.0,57664.7,793.9,554.7,10.5,0.0,673.9,2.0,0.0,0.0,0.0,64.75,0.36,0.25,ESA_WORLDCOVER_2021_V200
9386221B89727534765120,Esse,83890.2,74838.1,18.2,8749.1,0.8,272.5,11.4,0.0,0.0,0.0,0.0,0.0,0.0,89.21,0.0,0.32,ESA_WORLDCOVER_2021_V200
9386221B24588986307138,Meyomessi,124055.7,123120.6,0.0,703.3,0.0,227.7,4.0,0.0,0.0,0.0,0.0,0.0,0.0,99.25,0.0,0.18,ESA_WORLDCOVER_2021_V200
9386221B87764224122808,Poli,1004825.1,220015.3,388987.3,352592.4,39337.5,231.8,1984.7,0.0,1070.9,605.2,0.0,0.0,0.0,21.9,3.91,0.02,ESA_WORLDCOVER_2021_V200
9386221B36296170087254,Afanloum,25292.7,24536.3,0.0,731.2,0.2,24.9,0.1,0.0,0.0,0.0,0.0,0.0,0.0,97.01,0.0,0.1,ESA_WORLDCOVER_2021_V200
9386221B48792868038204,Angossas,40482.7,37449.1,4.0,2751.3,0.0,226.7,0.2,0.0,4.3,47.1,0.0,0.0,0.0,92.51,0.0,0.56,ESA_WORLDCOVER_2021_V200
9386221B15408498931793,Babadjou,19677.8,8943.8,1.0,5123.0,4568.3,1040.6,1.1,0.0,0.0,0.0,0.0,0.0,0.0,45.45,23.22,5.29,ESA_WORLDCOVER_2021_V200
9386221B98938135077748,Biwong-Bulu,97764.1,97279.9,0.0,344.8,0.0,138.8,0.6,0.0,0.0,0.0,0.0,0.0,0.0,99.5,0.0,0.14,ESA_WORLDCOVER_2021_V200
9386221B75147253795582,Douala V,16080.3,9488.9,17.0,1622.2,23.9,4549.7,39.9,0.0,215.2,21.5,102.0,0.0,0.0,59.01,0.15,28.29,ESA_WORLDCOVER_2021_V200
9386221B6439132868909,Fongo-Tongo,15150.0,5651.8,5.3,5934.5,3085.4,472.1,0.9,0.0,0.0,0.0,0.0,0.0,0.0,37.31,20.37,3.12,ESA_WORLDCOVER_2021_V200
9386221B20856421798014,Ngaoui,26658.5,11928.0,11210.3,2931.1,449.9,139.1,0.1,0.0,0.0,0.0,0.0,0.0,0.0,44.74,1.69,0.52,ESA_WORLDCOVER_2021_V200
9386221B29439611167518,Nsem,32043.5,27819.3,1.2,3526.4,2.3,88.9,0.3,0.0,605.0,0.0,0.0,0.0,0.0,86.82,0.01,0.28,ESA_WORLDCOVER_2021_V200
9386221B29116122691859,Zoétélé,108657.3,103318.5,1.0,4813.6,0.0,522.3,1.0,0.0,0.5,0.3,0.0,0.0,0.0,95.09,0.0,0.48,ESA_WORLDCOVER_2021_V200
9386221B59068819347143,Zina,110508.5,245.0,6203.4,29118.7,16347.4,148.6,11.9,0.0,785.4,57648.2,0.0,0.0,0.0,0.22,14.79,0.13,ESA_WORLDCOVER_2021_V200
9386221B18291950390240,Yaoundé VII,3530.6,1540.5,0.0,421.9,0.0,1511.7,20.3,0.0,36.2,0.0,0.0,0.0,0.0,43.63,0.0,42.82,ESA_WORLDCOVER_2021_V200
9386221B66762903352612,Yaoundé II,2295.6,1027.4,0.0,311.4,0.0,948.7,8.0,0.0,0.0,0.0,0.0,0.0,0.0,44.75,0.0,41.33,ESA_WORLDCOVER_2021_V200
9386221B56027412894684,Yaoundé I,5618.1,1669.2,0.0,783.0,0.8,3131.2,33.8,0.0,0.0,0.1,0.0,0.0,0.0,29.71,0.01,55.73,ESA_WORLDCOVER_2021_V200
9386221B77038757135535,Yagoua,76005.7,536.2,8032.4,31286.2,30432.1,621.0,86.3,0.0,1780.6,3230.9,0.0,0.0,0.0,0.71,40.04,0.82,ESA_WORLDCOVER_2021_V200
9386221B41994982310047,Wabane,25228.9,21097.1,55.9,3206.3,687.1,182.4,0.1,0.0,0.0,0.0,0.0,0.0,0.0,83.62,2.72,0.72,ESA_WORLDCOVER_2021_V200
9386221B66292272127124,Tubah,38889.9,16875.3,138.0,17833.5,2971.6,1040.6,3.3,0.0,16.5,11.1,0.0,0.0,0.0,43.39,7.64,2.68,ESA_WORLDCOVER_2021_V200
9386221B50142475459144,Touroua,109876.2,7250.0,34148.8,10851.9,53498.5,330.4,699.0,0.0,1587.6,1510.1,0.0,0.0,0.0,6.6,48.69,0.3,ESA_WORLDCOVER_2021_V200
9386221B97546443963729,Tonga,53290.8,48565.6,38.3,4346.3,35.9,293.4,10.0,0.0,1.2,0.0,0.0,0.0,0.0,91.13,0.07,0.55,ESA_WORLDCOVER_2021_V200
9386221B4961932619134,Tinto,121744.7,121170.2,26.1,336.1,0.1,178.9,25.6,0.0,5.4,2.4,0.0,0.0,0.0,99.53,0.0,0.15,ESA_WORLDCOVER_2021_V200
9386221B76747018247940,Tiko,46873.1,20327.3,218.2,6569.0,93.7,1022.1,4.2,0.0,3437.3,153.6,15047.8,0.0,0.0,43.37,0.2,2.18,ESA_WORLDCOVER_2021_V200
9386221B27682953548851,Somalomo,176270.0,175811.0,0.0,345.0,0.0,38.8,0.4,0.0,74.7,0.1,0.0,0.0,0.0,99.74,0.0,0.02,ESA_WORLDCOVER_2021_V200
9386221B73734183269269,Santa,53294.5,16041.2,18.8,27588.4,8371.8,1252.4,5.2,0.0,16.6,0.0,0.0,0.0,0.0,30.1,15.71,2.35,ESA_WORLDCOVER_2021_V200
9386221B27515073075422,Salapoumbé,550384.9,548427.9,9.0,736.1,0.5,191.2,5.5,0.0,1014.3,0.3,0.0,0.0,0.0,99.64,0.0,0.03,ESA_WORLDCOVER_2021_V200
9386221B53456133696336,Sa'a,50069.5,44888.1,0.1,3546.0,0.1,798.9,1.4,0.0,833.0,1.9,0.0,0.0,0.0,89.65,0.0,1.6,ESA_WORLDCOVER_2021_V200
9386221B99754301414299,Pouma,70421.8,69124.1,0.3,364.2,0.4,333.5,109.7,0.0,489.4,0.2,0.0,0.0,0.0,98.16,0.0,0.47,ESA_WORLDCOVER_2021_V200
9386221B82158937470673,Penka-Michel,26998.0,12872.1,14.7,7628.7,4956.8,1521.0,2.8,0.0,0.6,1.4,0.0,0.0,0.0,47.68,18.36,5.63,ESA_WORLDCOVER_2021_V200
9386221B67580120120564,Penja,26192.4,24724.7,61.6,954.6,23.6,397.4,16.0,0.0,0.0,14.4,0.0,0.0,0.0,94.4,0.09,1.52,ESA_WORLDCOVER_2021_V200
9386221B35442876083106,Oveng,178160.6,177893.2,0.0,204.9,0.0,62.0,0.2,0.0,0.3,0.0,0.0,0.0,0.0,99.85,0.0,0.03,ESA_WORLDCOVER_2021_V200
9386221B77875599033444,Ombessa,35932.2,18501.5,46.8,15789.7,85.2,511.9,31.7,0.0,959.5,5.9,0.0,0.0,0.0,51.49,0.24,1.42,ESA_WORLDCOVER_2021_V200
9386221B73833622274128,Olanguina,23004.7,21550.9,0.0,1390.3,4.1,59.4,0.0,0.0,0.0,0.0,0.0,0.0,0.0,93.68,0.02,0.26,ESA_WORLDCOVER_2021_V200
9386221B63067369284542,Olamzé,47712.4,46996.3,0.0,276.4,0.0,133.0,93.2,0.0,213.5,0.0,0.0,0.0,0.0,98.5,0.0,0.28,ESA_WORLDCOVER_2021_V200
9386221B26371273513281,Okala,57795.6,53727.9,0.0,2866.0,3.2,1140.8,29.3,0.0,28.4,0.1,0.0,0.0,0.0,92.96,0.01,1.97,ESA_WORLDCOVER_2021_V200
9386221B43764539734094,Obala,40060.0,32661.7,0.0,5751.2,0.1,1620.4,26.5,0.0,0.1,0.0,0.0,0.0,0.0,81.53,0.0,4.04,ESA_WORLDCOVER_2021_V200
9386221B28277455363944,Nyanon,52082.9,47182.3,8.9,3199.1,2.5,162.0,103.4,0.0,1418.0,6.7,0.0,0.0,0.0,90.59,0.0,0.31,ESA_WORLDCOVER_2021_V200
9386221B54304647872910,Nkum,26031.0,9633.9,10.1,11012.3,5008.5,363.5,0.1,0.0,1.9,0.6,0.0,0.0,0.0,37.01,19.24,1.4,ESA_WORLDCOVER_2021_V200
9386221B8269091336277,Nkor,31065.1,10744.6,82.3,16350.3,3703.8,184.1,0.0,0.0,0.0,0.0,0.0,0.0,0.0,34.59,11.92,0.59,ESA_WORLDCOVER_2021_V200
9386221B77491959623204,Nkong-Zem,21073.1,7573.4,5.7,6543.4,4800.5,2149.4,0.7,0.0,0.0,0.0,0.0,0.0,0.0,35.94,22.78,10.2,ESA_WORLDCOVER_2021_V200
9386221B619753199247,Nkongsamba III,4854.8,3567.8,18.4,850.4,0.7,417.0,0.5,0.0,0.0,0.0,0.0,0.0,0.0,73.49,0.01,8.59,ESA_WORLDCOVER_2021_V200
9386221B96447253023617,Nkongsamba I,15048.4,14784.2,0.0,158.1,0.0,103.2,3.0,0.0,0.0,0.0,0.0,0.0,0.0,98.24,0.0,0.69,ESA_WORLDCOVER_2021_V200
9386221B18747608346686,Nkol-Métet,47562.8,44206.8,1.3,3099.8,0.1,238.5,3.2,0.0,9.8,3.4,0.0,0.0,0.0,92.94,0.0,0.5,ESA_WORLDCOVER_2021_V200
9386221B63165166777879,Nijkwa,31388.0,21771.4,10.7,9508.3,23.0,74.5,0.0,0.0,0.0,0.0,0.0,0.0,0.0,69.36,0.07,0.24,ESA_WORLDCOVER_2021_V200
9386221B40010227149023,Ngwei,87616.7,85882.8,3.8,404.3,0.5,117.6,212.6,0.0,988.7,6.4,0.0,0.0,0.0,98.02,0.0,0.13,ESA_WORLDCOVER_2021_V200
9386221B67839957602205,Nguibassal,27907.7,27001.0,0.0,423.9,0.6,67.4,13.6,0.0,398.7,2.3,0.0,0.0,0.0,96.75,0.0,0.24,ESA_WORLDCOVER_2021_V200
9386221B10676195344752,Nguelemendouka,105787.2,93724.1,0.7,11847.3,0.1,205.3,0.0,0.0,0.2,9.5,0.0,0.0,0.0,88.6,0.0,0.19,ESA_WORLDCOVER_2021_V200
9386221B37676907577094,Nguélébok,148851.7,134914.7,44.9,13792.3,0.1,92.7,1.2,0.0,5.8,0.0,0.0,0.0,0.0,90.64,0.0,0.06,ESA_WORLDCOVER_2021_V200
9386221B65663858061851,Ngoyla,781715.3,778469.5,3.5,413.5,0.0,102.4,76.4,0.0,2648.7,1.3,0.0,0.0,0.0,99.58,0.0,0.01,ESA_WORLDCOVER_2021_V200
9386221B17458890045458,Ngoumou,25003.4,24076.9,0.0,647.4,0.0,278.6,0.6,0.0,0.0,0.0,0.0,0.0,0.0,96.29,0.0,1.11,ESA_WORLDCOVER_2021_V200
9386221B77960191185995,Ngoulémakong,69035.0,68027.4,0.0,803.3,0.0,199.4,4.8,0.0,0.0,0.0,0.0,0.0,0.0,98.54,0.0,0.29,ESA_WORLDCOVER_2021_V200
9386221B55259405982197,Ngong,263403.5,27900.9,127436.2,19589.2,87055.4,841.3,57.5,0.0,235.5,287.4,0.0,0.0,0.0,10.59,33.05,0.32,ESA_WORLDCOVER_2021_V200
9386221B50506655196067,Ngomedzap,66031.5,64606.5,0.0,962.2,0.0,386.8,39.9,0.0,36.1,0.0,0.0,0.0,0.0,97.84,0.0,0.59,ESA_WORLDCOVER_2021_V200
9386221B76190049410209,Ngog-Mapubi,27134.2,26498.7,0.0,361.1,0.0,228.0,46.3,0.0,0.0,0.1,0.0,0.0,0.0,97.66,0.0,0.84,ESA_WORLDCOVER_2021_V200
9386221B16773551692395,Ngaoundéré III,23759.1,2412.2,11314.2,4366.2,4889.7,488.8,10.7,0.0,1.1,276.2,0.0,0.0,0.0,10.15,20.58,2.06,ESA_WORLDCOVER_2021_V200
9386221B60959306764795,Ngaoundéré II,25713.4,1755.9,9663.2,8628.5,3475.2,1660.2,32.0,0.0,43.1,455.3,0.0,0.0,0.0,6.83,13.52,6.46,ESA_WORLDCOVER_2021_V200
9386221B41429831054042,Ngaoundéré I,32379.0,4702.2,13741.4,9018.5,3050.4,1757.2,33.9,0.0,30.9,44.5,0.0,0.0,0.0,14.52,9.42,5.43,ESA_WORLDCOVER_2021_V200
9386221B12377496581345,Ngambé,93734.1,93430.9,0.0,210.4,0.0,92.5,0.3,0.0,0.0,0.0,0.0,0.0,0.0,99.68,0.0,0.1,ESA_WORLDCOVER_2021_V200
9386221B68680045868620,Ndoukoula,50238.0,367.4,2792.0,25507.8,21061.1,169.6,164.4,0.0,144.3,31.5,0.0,0.0,0.0,0.73,41.92,0.34,ESA_WORLDCOVER_2021_V200
9386221B52857634221291,Ndop,35256.4,6467.5,93.0,13804.9,6122.9,982.9,24.2,0.0,3948.0,3813.0,0.0,0.0,0.0,18.34,17.37,2.79,ESA_WORLDCOVER_2021_V200
9386221B96867606026862,Ndom,67011.5,64159.3,0.3,2638.5,0.2,211.4,1.8,0.0,0.0,0.0,0.0,0.0,0.0,95.74,0.0,0.32,ESA_WORLDCOVER_2021_V200
9386221B75922798345656,Ndobian,50544.5,50162.8,0.6,258.8,0.3,116.9,2.2,0.0,2.7,0.2,0.0,0.0,0.0,99.24,0.0,0.23,ESA_WORLDCOVER_2021_V200
9386221B95710180016300,Mvengue,81909.9,80716.1,0.0,851.6,0.0,285.3,46.7,0.0,10.1,0.0,0.0,0.0,0.0,98.54,0.0,0.35,ESA_WORLDCOVER_2021_V200
9386221B49119882002663,Mvangan,207896.0,206902.5,0.0,788.2,0.0,200.7,0.9,0.0,3.6,0.0,0.0,0.0,0.0,99.52,0.0,0.1,ESA_WORLDCOVER_2021_V200
9386221B29102509952712,Muyuka,47634.7,43642.7,315.4,2805.3,81.8,676.3,18.6,0.0,25.8,68.8,0.0,0.0,0.0,91.62,0.17,1.42,ESA_WORLDCOVER_2021_V200
9386221B10315738090869,Mora,169023.8,2221.5,17623.4,94391.7,52846.8,1225.0,279.0,0.0,12.0,424.4,0.0,0.0,0.0,1.31,31.27,0.72,ESA_WORLDCOVER_2021_V200
9386221B5949331525630,Monatélé,41589.5,36692.0,17.3,2594.5,4.2,699.7,27.5,0.0,1538.4,15.9,0.0,0.0,0.0,88.22,0.01,1.68,ESA_WORLDCOVER_2021_V200
9386221B80647528880621,Mombo,11729.6,10104.9,78.9,1379.0,23.3,87.0,9.2,0.0,20.7,26.6,0.0,0.0,0.0,86.15,0.2,0.74,ESA_WORLDCOVER_2021_V200
9386221B8963081327305,Mogodé,56229.9,1131.1,8493.2,28679.1,17565.4,348.9,11.8,0.0,0.0,0.3,0.0,0.0,0.0,2.01,31.24,0.62,ESA_WORLDCOVER_2021_V200
9386221B72803640031739,Minta,206309.6,179005.7,2.8,26505.6,0.8,249.8,3.2,0.0,533.4,8.3,0.0,0.0,0.0,86.77,0.0,0.12,ESA_WORLDCOVER_2021_V200
9386221B43080782869533,Mfou,49992.8,42070.8,0.1,6596.1,0.1,1285.8,29.2,0.0,6.2,4.5,0.0,0.0,0.0,84.15,0.0,2.57,ESA_WORLDCOVER_2021_V200
9386221B95176650211537,Messondo,194407.2,193557.4,4.1,417.7,0.0,158.1,190.0,0.0,70.7,9.1,0.0,0.0,0.0,99.56,0.0,0.08,ESA_WORLDCOVER_2021_V200
9386221B82613512248769,Messaména,310315.4,307529.5,0.1,2153.8,0.0,303.4,260.7,0.0,65.2,2.6,0.0,0.0,0.0,99.1,0.0,0.1,ESA_WORLDCOVER_2021_V200
9386221B35606887625558,Meri,64781.9,2558.3,9707.6,36551.0,15342.5,425.4,187.3,0.0,9.6,0.1,0.0,0.0,0.0,3.95,23.68,0.66,ESA_WORLDCOVER_2021_V200
9386221B13423567851264,Menji,23665.6,22820.4,17.8,734.3,5.0,85.6,2.5,0.0,0.0,0.0,0.0,0.0,0.0,96.43,0.02,0.36,ESA_WORLDCOVER_2021_V200
9386221B93294394992231,Mengueme,53218.2,52319.2,0.0,692.9,0.0,166.9,18.8,0.0,20.0,0.3,0.0,0.0,0.0,98.31,0.0,0.31,ESA_WORLDCOVER_2021_V200
9386221B58609331064519,Mengong,88639.0,87182.4,0.0,1100.6,0.0,338.3,17.7,0.0,0.0,0.0,0.0,0.0,0.0,98.36,0.0,0.38,ESA_WORLDCOVER_2021_V200
9386221B66792817741098,Mengang,51129.6,45862.9,0.0,4375.4,3.3,134.1,0.2,0.0,12.1,741.5,0.0,0.0,0.0,89.7,0.01,0.26,ESA_WORLDCOVER_2021_V200
9386221B55468648796943,Mbangassina,48458.2,37954.6,65.2,8592.9,31.2,420.2,12.7,0.0,1371.4,9.9,0.0,0.0,0.0,78.32,0.06,0.87,ESA_WORLDCOVER_2021_V200
9386221B58725943813912,Mbandjock,93618.8,55350.2,146.0,34828.9,435.5,354.8,234.6,0.0,2238.9,29.9,0.0,0.0,0.0,59.12,0.47,0.38,ESA_WORLDCOVER_2021_V200
9386221B58745723770454,Mbalmayo,49430.6,44494.6,0.4,3854.7,0.1,974.3,52.6,0.0,46.1,7.6,0.0,0.0,0.0,90.01,0.0,1.97,ESA_WORLDCOVER_2021_V200
9386221B72066933414683,Mayo-Hourna,95714.6,1312.6,25747.8,18677.0,48166.7,231.2,156.6,0.0,777.7,645.0,0.0,0.0,0.0,1.37,50.32,0.24,ESA_WORLDCOVER_2021_V200
9386221B1245925446026,Matomb,59331.9,57059.3,0.0,1897.4,0.0,314.9,60.3,0.0,0.0,0.0,0.0,0.0,0.0,96.17,0.0,0.53,ESA_WORLDCOVER_2021_V200
9386221B96736670924353,Massok,57619.5,56305.1,0.0,106.5,8.0,140.9,156.4,0.0,901.8,0.8,0.0,0.0,0.0,97.72,0.01,0.24,ESA_WORLDCOVER_2021_V200
9386221B63234157800272,Maroua III,72642.9,544.5,6414.4,33645.4,30671.9,1150.9,136.1,0.0,45.0,34.7,0.0,0.0,0.0,0.75,42.22,1.58,ESA_WORLDCOVER_2021_V200
9386221B10867948981136,Manjo,33315.5,31314.2,40.7,1486.5,1.1,472.4,0.6,0.0,0.0,0.0,0.0,0.0,0.0,93.99,0.0,1.42,ESA_WORLDCOVER_2021_V200
9386221B80147153922778,Mandjou,264301.5,197687.8,20649.8,45405.5,14.5,519.0,10.2,0.0,14.3,0.2,0.0,0.0,0.0,74.8,0.01,0.2,ESA_WORLDCOVER_2021_V200
9386221B85452461544268,Makak,100290.8,98365.9,0.0,1339.6,0.0,330.1,123.7,0.0,131.5,0.1,0.0,0.0,0.0,98.08,0.0,0.33,ESA_WORLDCOVER_2021_V200
9386221B80738734605470,Maga,105853.9,816.8,4646.1,27223.1,38391.4,855.4,90.8,0.0,9278.4,24551.8,0.0,0.0,0.0,0.77,36.27,0.81,ESA_WORLDCOVER_2021_V200
9386221B44986910492464,Madingring,307958.7,139251.0,100052.8,27055.0,41191.0,304.8,100.1,0.0,0.2,3.8,0.0,0.0,0.0,45.22,13.38,0.1,ESA_WORLDCOVER_2021_V200
9386221B16283257097983,Loum,28329.3,27188.8,34.1,598.5,4.2,503.4,0.3,0.0,0.0,0.1,0.0,0.0,0.0,95.97,0.01,1.78,ESA_WORLDCOVER_2021_V200
9386221B69382232714258,Lobo,30242.6,29351.2,0.0,643.0,0.0,202.8,45.7,0.0,0.0,0.0,0.0,0.0,0.0,97.05,0.0,0.67,ESA_WORLDCOVER_2021_V200
9386221B28684632711326,Limbé III,11249.5,4402.8,0.2,75.1,0.3,136.7,7.3,0.0,1176.6,21.5,5429.0,0.0,0.0,39.14,0.0,1.22,ESA_WORLDCOVER_2021_V200
9386221B69899038770717,Limbé II,5835.5,4707.4,0.2,172.9,0.2,893.1,12.4,0.0,38.1,11.3,0.0,0.0,0.0,80.67,0.0,15.3,ESA_WORLDCOVER_2021_V200
9386221B95365842181004,Limbé I,7989.8,6894.5,2.2,148.0,0.2,927.7,12.1,0.0,0.3,0.1,4.7,0.0,0.0,86.29,0.0,11.61,ESA_WORLDCOVER_2021_V200
9386221B73292182549514,Lagdo,223174.1,9061.6,77342.9,32267.0,87382.5,859.1,107.1,0.0,13572.4,2581.4,0.0,0.0,0.0,4.06,39.15,0.38,ESA_WORLDCOVER_2021_V200
9386221B29176402500611,Kyé-Ossi,26838.4,25812.2,0.0,575.4,0.0,398.1,12.0,0.0,40.8,0.0,0.0,0.0,0.0,96.18,0.0,1.48,ESA_WORLDCOVER_2021_V200
9386221B47273112743331,Kumbo,22706.3,8201.8,2.0,9457.7,3823.5,1220.7,0.6,0.0,0.0,0.0,0.0,0.0,0.0,36.12,16.84,5.38,ESA_WORLDCOVER_2021_V200
9386221B31915824394647,Kumba III,40828.1,38351.4,105.9,1429.1,67.4,762.4,12.3,0.0,41.1,58.6,0.0,0.0,0.0,93.93,0.17,1.87,ESA_WORLDCOVER_2021_V200
9386221B50258802774894,Kumba II,22989.3,21031.2,1.7,776.5,0.0,825.1,24.4,0.0,328.8,1.5,0.0,0.0,0.0,91.48,0.0,3.59,ESA_WORLDCOVER_2021_V200
9386221B63553235506864,Kumba I,43111.0,41249.3,171.4,671.6,10.7,843.2,25.3,0.0,137.7,1.8,0.0,0.0,0.0,95.68,0.02,1.96,ESA_WORLDCOVER_2021_V200
9386221B39531153128231,Koza,35625.0,1113.0,6010.2,16771.5,11281.6,303.0,70.5,0.0,75.0,0.0,0.0,0.0,0.0,3.12,31.67,0.85,ESA_WORLDCOVER_2021_V200
9386221B44672958443925,Koutaba,45106.4,15334.9,3065.1,21348.6,4246.5,1034.5,16.9,0.0,26.0,33.9,0.0,0.0,0.0,34.0,9.41,2.29,ESA_WORLDCOVER_2021_V200
9386221B75309730271740,Kon-Yambetta,34951.1,25333.4,235.9,8910.0,12.7,158.3,20.2,0.0,280.2,0.3,0.0,0.0,0.0,72.48,0.04,0.45,ESA_WORLDCOVER_2021_V200
9386221B54934718963778,Kombo-Itindi,37550.9,381.8,0.0,18.4,0.4,10.5,2.1,0.0,1728.0,5.1,35404.5,0.0,0.0,1.02,0.0,0.03,ESA_WORLDCOVER_2021_V200
9386221B80502497294933,Kombo-Abedimo,24844.6,50.3,0.0,3.7,0.0,2.5,1.0,0.0,2126.2,1.0,22659.7,0.0,0.0,0.2,0.0,0.01,ESA_WORLDCOVER_2021_V200
9386221B32510517972277,Kiiki,22783.0,15136.7,34.9,7450.2,18.4,141.0,1.9,0.0,0.0,0.0,0.0,0.0,0.0,66.44,0.08,0.62,ESA_WORLDCOVER_2021_V200
9386221B59470473521882,Banwa,10768.5,10547.4,0.0,104.2,0.1,111.8,0.4,0.0,4.6,0.0,0.0,0.0,0.0,97.95,0.0,1.04,ESA_WORLDCOVER_2021_V200
9386221B4140050568988,Banka,12083.0,9962.5,1.7,1651.8,34.5,431.3,1.1,0.0,0.0,0.0,0.0,0.0,0.0,82.45,0.29,3.57,ESA_WORLDCOVER_2021_V200
9386221B70820426842243,Bangourain,39462.8,12917.2,338.5,17211.6,3723.7,455.9,35.6,0.0,2725.6,2054.7,0.0,0.0,0.0,32.73,9.44,1.16,ESA_WORLDCOVER_2021_V200
9386221B64905947036525,Bangou,15584.2,8154.6,9.9,5279.7,1364.8,771.2,4.0,0.0,0.0,0.0,0.0,0.0,0.0,52.33,8.76,4.95,ESA_WORLDCOVER_2021_V200
9386221B50086624665316,Bana,11426.0,9051.8,3.6,2045.0,39.9,284.4,1.2,0.0,0.0,0.0,0.0,0.0,0.0,79.22,0.35,2.49,ESA_WORLDCOVER_2021_V200
9386221B16898911948989,Bamendjou,12948.5,7199.6,0.8,1980.6,2817.0,949.3,1.3,0.0,0.0,0.0,0.0,0.0,0.0,55.6,21.76,7.33,ESA_WORLDCOVER_2021_V200
9386221B73412311901092,Balikumbat,33718.4,9805.2,41.7,18706.4,2961.4,287.3,4.8,0.0,758.6,1153.0,0.0,0.0,0.0,29.08,8.78,0.85,ESA_WORLDCOVER_2021_V200
9386221B7414256229789,Bali,11131.3,4207.0,0.3,6269.1,271.9,381.5,1.6,0.0,0.0,0.0,0.0,0.0,0.0,37.79,2.44,3.43,ESA_WORLDCOVER_2021_V200
9386221B23383906860590,Bakou,17675.3,17227.6,3.6,324.3,0.0,97.0,0.8,0.0,21.9,0.0,0.0,0.0,0.0,97.47,0.0,0.55,ESA_WORLDCOVER_2021_V200
9386221B85177558697600,Bafoussam III,9057.2,3836.2,7.5,1497.3,2290.5,1410.7,14.8,0.0,0.0,0.1,0.0,0.0,0.0,42.36,25.29,15.58,ESA_WORLDCOVER_2021_V200
9386221B1232759127079,Babessi,37259.3,9979.8,144.0,19367.7,6077.5,621.5,4.3,0.0,28.8,1035.6,0.0,0.0,0.0,26.78,16.31,1.67,ESA_WORLDCOVER_2021_V200
9386221B17144458864430,Awaé,53219.6,48278.0,0.0,4569.1,51.2,317.2,4.1,0.0,0.0,0.0,0.0,0.0,0.0,90.71,0.1,0.6,ESA_WORLDCOVER_2021_V200
9386221B52133051917416,Atok,88967.1,84015.3,1.8,3604.9,0.0,193.9,0.3,0.0,9.7,1141.3,0.0,0.0,0.0,94.43,0.0,0.22,ESA_WORLDCOVER_2021_V200
9386221B56926695389051,Andek,22154.3,15644.2,0.4,6429.0,6.1,74.3,0.0,0.0,0.1,0.0,0.0,0.0,0.0,70.62,0.03,0.34,ESA_WORLDCOVER_2021_V200
9386221B80027112705333,Alou,15278.5,13369.4,51.8,1484.4,218.8,153.9,0.2,0.0,0.0,0.0,0.0,0.0,0.0,87.5,1.43,1.01,ESA_WORLDCOVER_2021_V200
9386221B59360466717937,Akono,18274.7,17557.5,0.0,466.5,0.1,203.3,24.7,0.0,22.5,0.1,0.0,0.0,0.0,96.08,0.0,1.11,ESA_WORLDCOVER_2021_V200
9386221B54980510946318,Akom II,193133.3,192951.4,0.4,86.5,0.0,92.5,2.5,0.0,0.0,0.0,0.0,0.0,0.0,99.91,0.0,0.05,ESA_WORLDCOVER_2021_V200
9386221B11002664391100,Abong-Mbang,169598.4,163180.6,0.9,5855.1,0.3,543.1,5.6,0.0,1.8,10.9,0.0,0.0,0.0,96.22,0.0,0.32,ESA_WORLDCOVER_2021_V200
9386221B19870181654988,Datchéka,11987.4,16.1,323.7,1848.5,9790.7,7.2,0.6,0.0,0.0,0.6,0.0,0.0,0.0,0.13,81.68,0.06,ESA_WORLDCOVER_2021_V200
9386221B2927160517789,Kékem,12907.8,11871.7,4.6,625.5,10.9,385.6,6.1,0.0,3.4,0.0,0.0,0.0,0.0,91.97,0.08,2.99,ESA_WORLDCOVER_2021_V200
9386221B8700999624976,Kalfou,72077.5,349.4,15831.0,33235.3,22111.5,42.4,1.5,0.0,1.5,504.8,0.0,0.0,0.0,0.48,30.68,0.06,ESA_WORLDCOVER_2021_V200
9386221B49407975684578,Jakiri,40432.3,13218.0,207.1,21459.6,4774.8,764.5,2.8,0.0,0.6,4.9,0.0,0.0,0.0,32.69,11.81,1.89,ESA_WORLDCOVER_2021_V200
9386221B67102516877537,Isanguele,33212.1,14611.8,0.8,1088.5,0.2,46.2,7.7,0.0,1683.5,14.3,15759.1,0.0,0.0,44.0,0.0,0.14,ESA_WORLDCOVER_2021_V200
9386221B44003243479598,Idenau,30543.1,26566.6,85.2,3352.1,7.9,92.9,195.3,0.0,65.0,16.2,161.9,0.0,0.0,86.98,0.03,0.3,ESA_WORLDCOVER_2021_V200
9386221B9418579396637,Idabato,12006.1,104.7,0.0,17.4,0.1,59.5,37.9,0.0,1159.6,27.3,10599.5,0.0,0.0,0.87,0.0,0.5,ESA_WORLDCOVER_2021_V200
9386221B39773642764490,Hilé - Alifa,27216.2,359.8,1246.0,24415.6,54.2,217.6,99.7,0.0,29.4,793.9,0.0,0.0,0.0,1.32,0.2,0.8,ESA_WORLDCOVER_2021_V200
9386221B94640622657798,Guider,194566.3,6333.0,46902.6,57587.6,80670.2,1647.5,559.5,0.0,272.2,593.8,0.0,0.0,0.0,3.25,41.46,0.85,ESA_WORLDCOVER_2021_V200
9386221B55243571105857,Gobo,60017.7,63.5,6925.3,27828.0,23177.9,75.9,55.0,0.0,868.5,1023.5,0.0,0.0,0.0,0.11,38.62,0.13,ESA_WORLDCOVER_2021_V200
9386221B49150604315401,Gazawa,18869.2,239.9,548.0,9836.2,7892.0,220.5,89.7,0.0,42.9,0.0,0.0,0.0,0.0,1.27,41.82,1.17,ESA_WORLDCOVER_2021_V200
9386221B68625330517672,Garoua II,7439.3,287.6,750.7,2338.3,1947.4,1968.9,41.8,0.0,75.2,29.4,0.0,0.0,0.0,3.87,26.18,26.47,ESA_WORLDCOVER_2021_V200
9386221B20253498547252,Garoua I,8979.3,755.3,831.0,1889.7,3520.4,1727.8,55.3,0.0,62.4,137.4,0.0,0.0,0.0,8.41,39.21,19.24,ESA_WORLDCOVER_2021_V200
9386221B12783546794801,Gari-Gombo,345326.5,342406.6,0.4,2703.7,0.1,213.4,2.3,0.0,0.0,0.0,0.0,0.0,0.0,99.15,0.0,0.06,ESA_WORLDCOVER_2021_V200
9386221B7054821525392,Gachiga,56514.2,1237.8,28686.2,6549.0,19767.4,229.4,10.1,0.0,1.4,32.9,0.0,0.0,0.0,2.19,34.98,0.41,ESA_WORLDCOVER_2021_V200
9386221B83477091865567,Foumban,56023.7,23941.1,6021.6,23202.9,1118.8,1690.5,47.7,0.0,0.8,0.1,0.0,0.0,0.0,42.73,2.0,3.02,ESA_WORLDCOVER_2021_V200
9386221B46316017991506,Fotokol,36301.5,16.4,125.1,33810.7,309.4,334.5,362.3,0.0,53.7,1289.5,0.0,0.0,0.0,0.05,0.85,0.92,ESA_WORLDCOVER_2021_V200
9386221B74492421948677,Figuil,86684.9,750.5,27078.2,34413.1,22967.2,631.7,226.9,0.0,159.1,458.1,0.0,0.0,0.0,0.87,26.5,0.73,ESA_WORLDCOVER_2021_V200
9386221B99356149209388,Evodoula,18408.6,17765.0,0.0,354.2,0.0,288.5,1.0,0.0,0.0,0.0,0.0,0.0,0.0,96.5,0.0,1.57,ESA_WORLDCOVER_2021_V200
9386221B95873935234935,Éséka,84004.9,82865.9,0.0,626.2,0.4,406.9,81.4,0.0,21.6,2.4,0.0,0.0,0.0,98.64,0.0,0.48,ESA_WORLDCOVER_2021_V200
9386221B91105582314493,Endom,83615.1,80060.6,0.2,3277.2,0.0,233.0,0.8,0.0,3.2,40.1,0.0,0.0,0.0,95.75,0.0,0.28,ESA_WORLDCOVER_2021_V200
9386221B24367359264110,Elak,31531.6,15630.8,60.7,10016.9,5198.4,514.5,0.1,0.0,109.8,0.4,0.0,0.0,0.0,49.57,16.49,1.63,ESA_WORLDCOVER_2021_V200
9386221B90884324129928,Édéa II,78080.5,75050.7,2.1,405.6,3.3,320.5,288.9,0.0,1997.6,11.7,0.0,0.0,0.0,96.12,0.0,0.41,ESA_WORLDCOVER_2021_V200
9386221B54279120074144,Édéa I,100731.6,95714.3,47.6,2245.9,2.8,840.7,142.3,0.0,1429.2,89.3,219.3,0.0,0.0,95.02,0.0,0.83,ESA_WORLDCOVER_2021_V200
9386221B35328439826691,Ebone,39396.4,38625.5,2.1,544.4,0.1,224.2,0.1,0.0,0.0,0.0,0.0,0.0,0.0,98.04,0.0,0.57,ESA_WORLDCOVER_2021_V200
9386221B8445615710789,Ebebda,21787.4,19698.5,16.5,1154.1,0.5,292.9,5.7,0.0,616.2,3.1,0.0,0.0,0.0,90.41,0.0,1.34,ESA_WORLDCOVER_2021_V200
9386221B39879304680772,Dzeng,76316.4,71317.7,0.0,4665.9,0.1,144.5,11.0,0.0,40.8,136.4,0.0,0.0,0.0,93.45,0.0,0.19,ESA_WORLDCOVER_2021_V200
9386221B56259764543168,Dschang,22114.1,12973.8,0.7,7039.4,323.3,1762.9,4.3,0.0,8.3,1.2,0.0,0.0,0.0,58.67,1.46,7.97,ESA_WORLDCOVER_2021_V200
9386221B37966220698587,Doumé,120343.0,115623.8,2.3,4508.2,0.1,203.2,1.3,0.0,0.8,3.2,0.0,0.0,0.0,96.08,0.0,0.17,ESA_WORLDCOVER_2021_V200
9386221B18324110453831,Doumaintang,191094.8,182356.3,0.5,8477.9,0.6,244.6,10.3,0.0,0.1,4.4,0.0,0.0,0.0,95.43,0.0,0.13,ESA_WORLDCOVER_2021_V200
9386221B90089366081240,Douala III,16740.5,5297.4,3.9,2380.9,30.2,7959.9,147.3,0.0,593.0,34.0,293.9,0.0,0.0,31.64,0.18,47.55,ESA_WORLDCOVER_2021_V200
9386221B25211619894918,Douala II,1612.4,98.8,0.3,252.8,10.1,1113.2,11.4,0.0,51.9,4.4,69.5,0.0,0.0,6.13,0.63,69.04,ESA_WORLDCOVER_2021_V200
9386221B53666537605784,Douala I,3205.9,155.5,0.3,114.1,15.3,1864.6,29.9,0.0,696.0,37.8,292.3,0.0,0.0,4.85,0.48,58.16,ESA_WORLDCOVER_2021_V200
9386221B56269474384543,Dizangué,95270.3,61092.8,146.2,3174.6,20.5,274.2,23.8,0.0,6774.3,1645.8,22118.0,0.0,0.0,64.13,0.02,0.29,ESA_WORLDCOVER_2021_V200
9386221B37271729797840,Dimako,72140.6,64797.6,0.6,7137.3,2.3,198.6,1.7,0.0,2.5,0.0,0.0,0.0,0.0,89.82,0.0,0.28,ESA_WORLDCOVER_2021_V200
9386221B75550401149106,Dibombari,42829.0,34638.3,275.1,4804.5,170.6,929.8,42.1,0.0,514.2,235.7,1218.7,0.0,0.0,80.88,0.4,2.17,ESA_WORLDCOVER_2021_V200
9386221B71477109713261,Dibang,46707.7,46241.5,0.0,145.3,1.4,132.0,29.8,0.0,157.4,0.3,0.0,0.0,0.0,99.0,0.0,0.28,ESA_WORLDCOVER_2021_V200
9386221B8043626447015,Dibamba,84569.5,82461.6,23.9,1337.4,1.3,285.7,66.3,0.0,334.1,59.2,0.0,0.0,0.0,97.51,0.0,0.34,ESA_WORLDCOVER_2021_V200
9386221B16651803685150,Diang,82640.5,70049.2,0.8,12372.2,14.4,203.8,0.2,0.0,0.0,0.0,0.0,0.0,0.0,84.76,0.02,0.25,ESA_WORLDCOVER_2021_V200
9386221B51714275611940,Demding,12230.6,5477.9,447.6,4766.6,1157.8,340.7,6.3,0.0,33.7,0.0,0.0,0.0,0.0,44.79,9.47,2.79,ESA_WORLDCOVER_2021_V200
9386221B46085147008796,Dembo,60259.3,1135.2,31615.0,14810.3,12586.9,96.5,15.2,0.0,0.0,0.1,0.0,0.0,0.0,1.88,20.89,0.16,ESA_WORLDCOVER_2021_V200
9386221B58524800443339,Darak,187656.3,1274.4,2184.7,13621.5,465.2,206.2,17.1,0.0,43595.2,126292.0,0.0,0.0,0.0,0.68,0.25,0.11,ESA_WORLDCOVER_2021_V200
9386221B49194032263505,Buea,53422.3,38181.7,94.4,12048.3,75.8,2272.0,733.9,0.0,14.5,1.7,0.0,0.0,0.0,71.47,0.14,4.25,ESA_WORLDCOVER_2021_V200
9386221B55088340014824,Bourha,68975.6,4751.8,17294.7,24406.5,21870.6,578.4,35.0,0.0,37.5,1.1,0.0,0.0,0.0,6.89,31.71,0.84,ESA_WORLDCOVER_2021_V200
9386221B14010727305862,Bot-Makak,46787.5,45482.5,0.0,463.1,0.2,207.4,53.7,0.0,578.4,2.2,0.0,0.0,0.0,97.21,0.0,0.44,ESA_WORLDCOVER_2021_V200
9386221B30894039862111,Bonaléa,56182.5,51189.7,144.1,4599.2,34.4,195.2,0.6,0.0,6.0,13.4,0.0,0.0,0.0,91.11,0.06,0.35,ESA_WORLDCOVER_2021_V200
9386221B75511298847900,Bogo,101646.7,451.6,13603.5,46948.4,39519.1,467.9,177.5,0.0,90.7,387.8,0.0,0.0,0.0,0.44,38.88,0.46,ESA_WORLDCOVER_2021_V200
9386221B63686862212730,Blangoua,22085.7,1807.8,4433.9,13137.4,3.0,235.8,65.4,0.0,716.0,1686.4,0.0,0.0,0.0,8.19,0.01,1.07,ESA_WORLDCOVER_2021_V200
9386221B27280428492001,Biyouha,20374.1,20321.2,0.2,28.3,0.0,24.3,0.1,0.0,0.0,0.0,0.0,0.0,0.0,99.74,0.0,0.12,ESA_WORLDCOVER_2021_V200
9386221B30772177913824,Biwong-Bané,45841.5,45112.0,0.0,563.0,0.0,162.3,0.7,0.0,2.7,0.7,0.0,0.0,0.0,98.41,0.0,0.35,ESA_WORLDCOVER_2021_V200
9386221B8422217320711,Bipindi,131963.6,131750.8,3.5,70.3,0.0,117.0,7.9,0.0,13.4,0.7,0.0,0.0,0.0,99.84,0.0,0.09,ESA_WORLDCOVER_2021_V200
9386221B78288221055850,Bibey,123700.0,111608.4,44.4,10889.0,0.6,84.2,1.1,0.0,1071.8,0.4,0.0,0.0,0.0,90.23,0.0,0.07,ESA_WORLDCOVER_2021_V200
9386221B8023957088863,Bertoua II,9113.7,3760.8,1.0,4098.5,6.2,1240.2,5.7,0.0,1.3,0.0,0.0,0.0,0.0,41.27,0.07,13.61,ESA_WORLDCOVER_2021_V200
9386221B51081556140896,Bertoua I,16755.6,8691.8,0.5,6929.8,7.6,1117.7,6.6,0.0,0.1,1.6,0.0,0.0,0.0,51.87,0.05,6.67,ESA_WORLDCOVER_2021_V200
9386221B49844150240276,Bélabo,664125.4,608437.5,4106.9,33441.7,11.3,551.9,1543.7,0.0,15525.1,507.2,0.0,0.0,0.0,91.61,0.0,0.08,ESA_WORLDCOVER_2021_V200
9386221B33389441443912,Bazou,22142.1,18159.6,1.4,3322.0,164.9,490.3,3.9,0.0,0.0,0.0,0.0,0.0,0.0,82.01,0.74,2.21,ESA_WORLDCOVER_2021_V200
9386221B5277654027539,Bayangam,7795.3,4351.4,32.3,1869.8,934.3,606.1,1.4,0.0,0.0,0.0,0.0,0.0,0.0,55.82,11.99,7.77,ESA_WORLDCOVER_2021_V200
9386221B62047908599091,Batié,7233.2,4096.0,1.4,2547.6,214.2,371.3,2.7,0.0,0.0,0.0,0.0,0.0,0.0,56.63,2.96,5.13,ESA_WORLDCOVER_2021_V200
9386221B97595327714942,Batibo,34775.8,26352.7,11.0,7615.3,262.1,534.7,0.0,0.0,0.0,0.0,0.0,0.0,0.0,75.78,0.75,1.54,ESA_WORLDCOVER_2021_V200
9386221B66622647198337,Batcham,21053.9,11586.0,9.5,2632.8,4913.1,1911.4,1.0,0.0,0.0,0.0,0.0,0.0,0.0,55.03,23.34,9.08,ESA_WORLDCOVER_2021_V200
9386221B54038015059464,Kribi I,20316.9,18577.5,7.2,985.8,1.8,406.8,233.3,0.0,99.1,5.6,0.0,0.0,0.0,91.44,0.01,2.0,ESA_WORLDCOVER_2021_V200
9386221B72186674772599,Tignère,487209.6,219645.5,128303.3,126230.9,12222.4,494.0,179.7,0.0,112.8,20.8,0.0,0.0,0.0,45.08,2.51,0.1,ESA_WORLDCOVER_2021_V200
