arrondissement_id,arrondissement_nom,ufa_ha,ufa_nb,foret_communale_ha,foret_communale_nb,foret_communautaire_ha,foret_communautaire_nb,aire_protegee_ha,aire_protegee_nb,permis_recherche_miniere_ha,permis_recherche_miniere_nb,permis_exploitation_miniere_ha,permis_exploitation_miniere_nb,source,date_situation
9386221B77010589979362,Mbonge,206.3,1,0.0,0,0.0,0,19162.5,1,0.0,0,0.0,0,MINFOF_WRI_ATLAS_FORESTIER_SIG_2018,paquet publié 2019-03 ; dernières éditions 2015-06 à 2019-03
9386221B82819198957904,Magba,0.0,0,0.0,0,0.0,0,0.0,0,158.6,1,0.0,0,MINFOF_WRI_ATLAS_FORESTIER_SIG_2018,paquet publié 2019-03 ; dernières éditions 2015-06 à 2019-03
9386221B94264369685837,Mélong,0.0,0,0.0,0,0.0,0,13.9,1,0.0,0,0.0,0,MINFOF_WRI_ATLAS_FORESTIER_SIG_2018,paquet publié 2019-03 ; dernières éditions 2015-06 à 2019-03
9386221B74025270926471,Fokoué,0.0,0,0.0,0,0.0,0,875.1,1,6672.2,3,0.0,0,MINFOF_WRI_ATLAS_FORESTIER_SIG_2018,paquet publié 2019-03 ; dernières éditions 2015-06 à 2019-03
9386221B93864141471804,Bibemi,0.0,0,0.0,0,0.0,0,0.0,0,150932.8,4,0.0,0,MINFOF_WRI_ATLAS_FORESTIER_SIG_2018,paquet publié 2019-03 ; dernières éditions 2015-06 à 2019-03
9386221B27912146401862,Fonfuka,0.0,0,0.0,0,27.3,1,5130.4,1,1774.1,1,0.0,0,MINFOF_WRI_ATLAS_FORESTIER_SIG_2018,paquet publié 2019-03 ; dernières éditions 2015-06 à 2019-03
9386221B79899623199002,Nwa,121.8,1,0.0,0,0.0,0,0.0,0,76946.3,3,0.0,0,MINFOF_WRI_ATLAS_FORESTIER_SIG_2018,paquet publié 2019-03 ; dernières éditions 2015-06 à 2019-03
9386221B33515010482661,Ambam,83367.8,5,45908.8,1,5943.8,4,4.6,1,170603.0,4,0.0,0,MINFOF_WRI_ATLAS_FORESTIER_SIG_2018,paquet publié 2019-03 ; dernières éditions 2015-06 à 2019-03
9386221B52857545604026,Baschéo,0.0,0,0.0,0,945.7,1,0.0,0,16384.2,2,0.0,0,MINFOF_WRI_ATLAS_FORESTIER_SIG_2018,paquet publié 2019-03 ; dernières éditions 2015-06 à 2019-03
9386221B78668613240419,Ngoura,0.0,0,70960.0,2,36.4,1,0.0,0,160848.1,9,0.0,0,MINFOF_WRI_ATLAS_FORESTIER_SIG_2018,paquet publié 2019-03 ; dernières éditions 2015-06 à 2019-03
9386221B24523978405317,Dir,0.0,0,82.9,1,0.0,0,0.0,0,65848.6,3,0.0,0,MINFOF_WRI_ATLAS_FORESTIER_SIG_2018,paquet publié 2019-03 ; dernières éditions 2015-06 à 2019-03
9386221B41960338837393,Fundong,0.0,0,0.0,0,1919.8,5,0.0,0,0.0,0,0.0,0,MINFOF_WRI_ATLAS_FORESTIER_SIG_2018,paquet publié 2019-03 ; dernières éditions 2015-06 à 2019-03
9386221B4855998486519,Mayo-Oulo,0.0,0,0.0,0,0.0,0,0.0,0,84263.2,3,0.0,0,MINFOF_WRI_ATLAS_FORESTIER_SIG_2018,paquet publié 2019-03 ; dernières éditions 2015-06 à 2019-03
9386221B27766107417226,Bandja,0.0,0,0.0,0,0.0,0,0.0,0,17467.3,4,0.0,0,MINFOF_WRI_ATLAS_FORESTIER_SIG_2018,paquet publié 2019-03 ; dernières éditions 2015-06 à 2019-03
9386221B81292069967457,Bangangté,0.0,0,0.0,0,0.0,0,0.0,0,32814.6,4,0.0,0,MINFOF_WRI_ATLAS_FORESTIER_SIG_2018,paquet publié 2019-03 ; dernières éditions 2015-06 à 2019-03
9386221B89274956330401,Bikok,0.0,0,0.0,0,0.0,0,0.0,0,270.3,1,0.0,0,MINFOF_WRI_ATLAS_FORESTIER_SIG_2018,paquet publié 2019-03 ; dernières éditions 2015-06 à 2019-03
9386221B74669662055671,Mbankomo,0.0,0,0.0,0,0.0,0,0.0,0,0.0,0,0.0,0,MINFOF_WRI_ATLAS_FORESTIER_SIG_2018,paquet publié 2019-03 ; dernières éditions 2015-06 à 2019-03
9386221B10065718607092,Malentouen,11.9,1,0.0,0,3003.7,2,0.0,0,0.0,0,0.0,0,MINFOF_WRI_ATLAS_FORESTIER_SIG_2018,paquet publié 2019-03 ; dernières éditions 2015-06 à 2019-03
9386221B71813555449952,Benakuma,0.0,0,0.0,0,0.0,0,0.0,0,401.6,1,0.0,0,MINFOF_WRI_ATLAS_FORESTIER_SIG_2018,paquet publié 2019-03 ; dernières éditions 2015-06 à 2019-03
9386221B49027895017551,Touboro,0.0,0,0.0,0,0.0,0,10755.0,1,0.0,0,0.0,0,MINFOF_WRI_ATLAS_FORESTIER_SIG_2018,paquet publié 2019-03 ; dernières éditions 2015-06 à 2019-03
9386221B8295787720899,Santchou,0.0,0,0.0,0,0.0,0,6091.1,1,1384.0,2,0.0,0,MINFOF_WRI_ATLAS_FORESTIER_SIG_2018,paquet publié 2019-03 ; dernières éditions 2015-06 à 2019-03
9386221B16560289387491,Zhoa,0.0,0,0.0,0,0.0,0,47372.5,1,89044.9,1,0.0,0,MINFOF_WRI_ATLAS_FORESTIER_SIG_2018,paquet publié 2019-03 ; dernières éditions 2015-06 à 2019-03
9386221B93171671675952,Nitoukou,0.0,0,0.0,0,4.7,1,0.0,0,0.0,0,0.0,0,MINFOF_WRI_ATLAS_FORESTIER_SIG_2018,paquet publié 2019-03 ; dernières éditions 2015-06 à 2019-03
9386221B82965334197463,Bengbis,23.8,1,29700.0,1,4974.1,1,82158.6,1,71804.0,2,0.0,0,MINFOF_WRI_ATLAS_FORESTIER_SIG_2018,paquet publié 2019-03 ; dernières éditions 2015-06 à 2019-03
9386221B30051434650044,Baré,0.0,0,0.0,0,2419.9,1,0.0,0,2202.7,1,0.0,0,MINFOF_WRI_ATLAS_FORESTIER_SIG_2018,paquet publié 2019-03 ; dernières éditions 2015-06 à 2019-03
9386221B66377305480257,Nguti,15618.9,1,12269.0,2,10375.9,4,53899.5,3,22994.6,1,0.0,0,MINFOF_WRI_ATLAS_FORESTIER_SIG_2018,paquet publié 2019-03 ; dernières éditions 2015-06 à 2019-03
9386221B817394517114,Béka,0.0,0,0.0,0,0.0,0,148.5,1,0.0,0,0.0,0,MINFOF_WRI_ATLAS_FORESTIER_SIG_2018,paquet publié 2019-03 ; dernières éditions 2015-06 à 2019-03
9386221B22071899137589,Bamenda II,0.0,0,0.0,0,0.0,0,0.0,0,0.0,0,0.0,0,MINFOF_WRI_ATLAS_FORESTIER_SIG_2018,paquet publié 2019-03 ; dernières éditions 2015-06 à 2019-03
9386221B86637045345596,Ngoro,240.0,1,0.0,0,16136.8,8,0.0,0,6556.2,1,0.0,0,MINFOF_WRI_ATLAS_FORESTIER_SIG_2018,paquet publié 2019-03 ; dernières éditions 2015-06 à 2019-03
9386221B53910864133927,Nkolafamba,0.0,0,0.0,0,0.0,0,0.0,0,15258.0,1,0.0,0,MINFOF_WRI_ATLAS_FORESTIER_SIG_2018,paquet publié 2019-03 ; dernières éditions 2015-06 à 2019-03
9386221B83686298967433,Douala VI,0.0,0,0.0,0,2699.1,1,19353.2,1,0.0,0,0.0,0,MINFOF_WRI_ATLAS_FORESTIER_SIG_2018,paquet publié 2019-03 ; dernières éditions 2015-06 à 2019-03
9386221B76047173440366,Galim,0.0,0,0.0,0,0.0,0,0.0,0,16046.2,2,0.0,0,MINFOF_WRI_ATLAS_FORESTIER_SIG_2018,paquet publié 2019-03 ; dernières éditions 2015-06 à 2019-03
9386221B30079152631265,Nanga-Eboko,49031.6,3,19710.7,3,42263.4,13,0.0,0,136404.4,3,0.0,0,MINFOF_WRI_ATLAS_FORESTIER_SIG_2018,paquet publié 2019-03 ; dernières éditions 2015-06 à 2019-03
9386221B55011074826496,Kétté,0.0,0,8.5,1,0.0,0,0.0,0,97303.4,5,0.0,0,MINFOF_WRI_ATLAS_FORESTIER_SIG_2018,paquet publié 2019-03 ; dernières éditions 2015-06 à 2019-03
9386221B62771652118747,Kar-Hay,0.0,0,0.0,0,0.0,0,0.0,0,0.0,0,0.0,0,MINFOF_WRI_ATLAS_FORESTIER_SIG_2018,paquet publié 2019-03 ; dernières éditions 2015-06 à 2019-03
9386221B14880096394558,Yokadouma,837981.2,22,21360.0,2,129730.0,34,45187.6,2,1047602.1,16,23363.8,1,MINFOF_WRI_ATLAS_FORESTIER_SIG_2018,paquet publié 2019-03 ; dernières éditions 2015-06 à 2019-03
9386221B10584910060209,Belo,0.0,0,0.0,0,2127.3,4,675.0,1,0.0,0,0.0,0,MINFOF_WRI_ATLAS_FORESTIER_SIG_2018,paquet publié 2019-03 ; dernières éditions 2015-06 à 2019-03
9386221B74984703788986,Dziguilao,0.0,0,0.0,0,0.0,0,0.0,0,0.0,0,0.0,0,MINFOF_WRI_ATLAS_FORESTIER_SIG_2018,paquet publié 2019-03 ; dernières éditions 2015-06 à 2019-03
9386221B75151477977368,Logone-Birni,0.0,0,0.0,0,5970.3,2,34.8,1,0.0,0,0.0,0,MINFOF_WRI_ATLAS_FORESTIER_SIG_2018,paquet publié 2019-03 ; dernières éditions 2015-06 à 2019-03
9386221B39826113805854,Mamfe,136897.5,6,28508.8,2,11142.2,5,581.4,2,127074.0,3,0.0,0,MINFOF_WRI_ATLAS_FORESTIER_SIG_2018,paquet publié 2019-03 ; dernières éditions 2015-06 à 2019-03
9386221B64770974028815,Mouloundou,442927.4,7,43124.4,2,53751.5,13,316207.5,3,651899.4,10,0.0,0,MINFOF_WRI_ATLAS_FORESTIER_SIG_2018,paquet publié 2019-03 ; dernières éditions 2015-06 à 2019-03
9386221B6080891067496,Mokolo,0.0,0,0.0,0,689.4,1,0.0,0,0.0,0,0.0,0,MINFOF_WRI_ATLAS_FORESTIER_SIG_2018,paquet publié 2019-03 ; dernières éditions 2015-06 à 2019-03
9386221B75104218027540,Dikome-Balue,0.0,0,0.0,0,0.0,0,9052.4,1,0.0,0,0.0,0,MINFOF_WRI_ATLAS_FORESTIER_SIG_2018,paquet publié 2019-03 ; dernières éditions 2015-06 à 2019-03
9386221B95656062401724,Kaélé,0.0,0,0.0,0,74.9,1,3448.4,1,81877.9,1,0.0,0,MINFOF_WRI_ATLAS_FORESTIER_SIG_2018,paquet publié 2019-03 ; dernières éditions 2015-06 à 2019-03
9386221B37954164953849,Akonolinga,1401.5,1,9.3,1,612.9,2,0.0,0,140927.0,5,0.0,0,MINFOF_WRI_ATLAS_FORESTIER_SIG_2018,paquet publié 2019-03 ; dernières éditions 2015-06 à 2019-03
9386221B7911071193470,Ekondo-Titi,0.0,0,0.0,0,0.0,0,17085.1,1,0.0,0,0.0,0,MINFOF_WRI_ATLAS_FORESTIER_SIG_2018,paquet publié 2019-03 ; dernières éditions 2015-06 à 2019-03
9386221B4287274397308,Ngambé-Tikar,165060.8,3,0.0,0,89905.4,22,0.0,0,0.0,0,0.0,0,MINFOF_WRI_ATLAS_FORESTIER_SIG_2018,paquet publié 2019-03 ; dernières éditions 2015-06 à 2019-03
9386221B27808303815769,Ngan'ha,0.0,0,19305.9,2,0.0,0,0.0,0,0.0,0,0.0,0,MINFOF_WRI_ATLAS_FORESTIER_SIG_2018,paquet publié 2019-03 ; dernières éditions 2015-06 à 2019-03
9386221B6787106821282,Yingui,33402.6,2,13512.9,5,13468.8,4,93167.3,1,27760.1,1,0.0,0,MINFOF_WRI_ATLAS_FORESTIER_SIG_2018,paquet publié 2019-03 ; dernières éditions 2015-06 à 2019-03
9386221B83227007130233,Mbiame,0.0,0,0.0,0,0.0,0,0.0,0,0.0,0,0.0,0,MINFOF_WRI_ATLAS_FORESTIER_SIG_2018,paquet publié 2019-03 ; dernières éditions 2015-06 à 2019-03
9386221B95759817871556,Banyo,0.0,0,0.0,0,96.8,1,24247.3,1,154296.7,6,0.0,0,MINFOF_WRI_ATLAS_FORESTIER_SIG_2018,paquet publié 2019-03 ; dernières éditions 2015-06 à 2019-03
9386221B45425107612408,Martap,0.0,0,13907.1,2,0.0,0,0.0,0,73227.5,1,0.0,0,MINFOF_WRI_ATLAS_FORESTIER_SIG_2018,paquet publié 2019-03 ; dernières éditions 2015-06 à 2019-03
9386221B13548901554044,Tombel,3475.0,1,0.0,0,5086.4,1,10288.1,1,0.0,0,0.0,0,MINFOF_WRI_ATLAS_FORESTIER_SIG_2018,paquet publié 2019-03 ; dernières éditions 2015-06 à 2019-03
9386221B385560552798,Yaoundé III,0.0,0,0.0,0,0.0,0,0.0,0,0.0,0,0.0,0,MINFOF_WRI_ATLAS_FORESTIER_SIG_2018,paquet publié 2019-03 ; dernières éditions 2015-06 à 2019-03
9386221B61842396914424,Yaoundé IV,0.0,0,0.0,0,0.0,0,0.0,0,0.0,0,0.0,0,MINFOF_WRI_ATLAS_FORESTIER_SIG_2018,paquet publié 2019-03 ; dernières éditions 2015-06 à 2019-03
9386221B19712168109098,Tabati,0.0,0,49.3,1,0.0,0,70423.1,1,124711.4,3,0.0,0,MINFOF_WRI_ATLAS_FORESTIER_SIG_2018,paquet publié 2019-03 ; dernières éditions 2015-06 à 2019-03
9386221B57757990262555,Pitoa,0.0,0,0.0,0,2740.6,2,0.0,0,24348.5,1,0.0,0,MINFOF_WRI_ATLAS_FORESTIER_SIG_2018,paquet publié 2019-03 ; dernières éditions 2015-06 à 2019-03
9386221B32496835290273,Rey-Bouba,0.0,0,0.0,0,0.0,0,211297.4,2,409146.8,7,0.0,0,MINFOF_WRI_ATLAS_FORESTIER_SIG_2018,paquet publié 2019-03 ; dernières éditions 2015-06 à 2019-03
9386221B58704710272868,Ayos,0.0,0,0.0,0,5105.8,2,0.0,0,105945.7,3,0.0,0,MINFOF_WRI_ATLAS_FORESTIER_SIG_2018,paquet publié 2019-03 ; dernières éditions 2015-06 à 2019-03
9386221B80338140747406,Bafoussam I,0.0,0,0.0,0,0.0,0,0.0,0,5575.3,1,0.0,0,MINFOF_WRI_ATLAS_FORESTIER_SIG_2018,paquet publié 2019-03 ; dernières éditions 2015-06 à 2019-03
9386221B20951962555395,Wum,0.0,0,0.0,0,0.0,0,0.0,0,2071.8,1,0.0,0,MINFOF_WRI_ATLAS_FORESTIER_SIG_2018,paquet publié 2019-03 ; dernières éditions 2015-06 à 2019-03
9386221B25127746311543,Bokito,0.0,0,34818.7,1,2413.6,1,0.0,0,3593.6,1,0.0,0,MINFOF_WRI_ATLAS_FORESTIER_SIG_2018,paquet publié 2019-03 ; dernières éditions 2015-06 à 2019-03
9386221B97417747097064,Akwaya,34857.2,3,0.0,0,4610.9,1,63548.6,2,12003.2,2,0.0,0,MINFOF_WRI_ATLAS_FORESTIER_SIG_2018,paquet publié 2019-03 ; dernières éditions 2015-06 à 2019-03
9386221B29602702798924,Campo,84922.2,2,903.7,1,5132.0,4,140144.6,2,196544.5,3,0.0,0,MINFOF_WRI_ATLAS_FORESTIER_SIG_2018,paquet publié 2019-03 ; dernières éditions 2015-06 à 2019-03
9386221B43096066125495,Mboma,0.0,0,0.0,0,0.0,0,0.0,0,0.0,0,0.0,0,MINFOF_WRI_ATLAS_FORESTIER_SIG_2018,paquet publié 2019-03 ; dernières éditions 2015-06 à 2019-03
9386221B1059457996109,Nkondjock,1028.5,1,22971.9,2,3.3,1,0.0,0,486.9,1,0.0,0,MINFOF_WRI_ATLAS_FORESTIER_SIG_2018,paquet publié 2019-03 ; dernières éditions 2015-06 à 2019-03
9386221B74476845624573,Njimom,0.0,0,0.0,0,0.0,0,0.0,0,0.0,0,0.0,0,MINFOF_WRI_ATLAS_FORESTIER_SIG_2018,paquet publié 2019-03 ; dernières éditions 2015-06 à 2019-03
9386221B96388488143337,Bafoussam II,0.0,0,0.0,0,0.0,0,0.0,0,11807.2,3,0.0,0,MINFOF_WRI_ATLAS_FORESTIER_SIG_2018,paquet publié 2019-03 ; dernières éditions 2015-06 à 2019-03
9386221B29514066115612,Deuk,11436.6,1,0.0,0,61161.2,16,0.0,0,59129.1,1,0.0,0,MINFOF_WRI_ATLAS_FORESTIER_SIG_2018,paquet publié 2019-03 ; dernières éditions 2015-06 à 2019-03
9386221B82666420307712,Bétaré-Oya,0.0,1,25319.4,2,159893.1,38,88205.9,2,686488.1,18,0.0,0,MINFOF_WRI_ATLAS_FORESTIER_SIG_2018,paquet publié 2019-03 ; dernières éditions 2015-06 à 2019-03
9386221B20872293533927,Ndikiniméki,55791.9,1,12742.3,1,15945.0,7,7031.7,1,37768.1,1,0.0,0,MINFOF_WRI_ATLAS_FORESTIER_SIG_2018,paquet publié 2019-03 ; dernières éditions 2015-06 à 2019-03
9386221B22697281755042,Ndélélé,106797.5,3,10994.9,2,6969.7,4,0.0,0,51806.2,4,0.0,0,MINFOF_WRI_ATLAS_FORESTIER_SIG_2018,paquet publié 2019-03 ; dernières éditions 2015-06 à 2019-03
9386221B70320783365301,Furu-Awa,0.0,0,0.0,0,0.0,0,41565.4,1,8885.4,1,0.0,0,MINFOF_WRI_ATLAS_FORESTIER_SIG_2018,paquet publié 2019-03 ; dernières éditions 2015-06 à 2019-03
9386221B2109018232138,Douala IV,0.0,0,0.0,0,0.0,0,0.6,1,0.0,0,0.0,0,MINFOF_WRI_ATLAS_FORESTIER_SIG_2018,paquet publié 2019-03 ; dernières éditions 2015-06 à 2019-03
9386221B43590333993773,Djohong,0.0,0,0.0,0,0.0,0,63249.4,1,27183.7,1,0.0,0,MINFOF_WRI_ATLAS_FORESTIER_SIG_2018,paquet publié 2019-03 ; dernières éditions 2015-06 à 2019-03
9386221B7423024064033,Efoulan,16519.8,2,5524.6,2,14431.8,4,0.0,0,49556.3,3,0.0,0,MINFOF_WRI_ATLAS_FORESTIER_SIG_2018,paquet publié 2019-03 ; dernières éditions 2015-06 à 2019-03
9386221B32586311123071,Goulfey,0.0,0,0.0,0,0.0,0,4478.0,1,0.0,0,0.0,0,MINFOF_WRI_ATLAS_FORESTIER_SIG_2018,paquet publié 2019-03 ; dernières éditions 2015-06 à 2019-03
9386221B48086632722257,Tchatibali,0.0,0,0.0,0,0.0,0,0.0,0,0.0,0,0.0,0,MINFOF_WRI_ATLAS_FORESTIER_SIG_2018,paquet publié 2019-03 ; dernières éditions 2015-06 à 2019-03
9386221B49690610034766,Bankim,24.0,1,0.0,0,132.1,1,0.0,0,66413.6,2,0.0,0,MINFOF_WRI_ATLAS_FORESTIER_SIG_2018,paquet publié 2019-03 ; dernières éditions 2015-06 à 2019-03
9386221B24384451871957,Garoua-Boulaï,0.0,0,0.0,0,27.5,1,0.0,0,184431.5,9,0.0,0,MINFOF_WRI_ATLAS_FORESTIER_SIG_2018,paquet publié 2019-03 ; dernières éditions 2015-06 à 2019-03
9386221B97848366185586,Kribi II,1572.4,1,0.0,0,20.0,1,0.0,0,94.8,1,0.0,0,MINFOF_WRI_ATLAS_FORESTIER_SIG_2018,paquet publié 2019-03 ; dernières éditions 2015-06 à 2019-03
9386221B52052898364822,Toko,28.9,2,10497.6,2,4927.3,1,69024.2,2,41964.7,1,0.0,0,MINFOF_WRI_ATLAS_FORESTIER_SIG_2018,paquet publié 2019-03 ; dernières éditions 2015-06 à 2019-03
9386221B93246025819017,Yabassi,29072.5,2,33563.6,3,7334.5,2,23401.4,1,88358.3,2,0.0,0,MINFOF_WRI_ATLAS_FORESTIER_SIG_2018,paquet publié 2019-03 ; dernières éditions 2015-06 à 2019-03
9386221B59641412270036,Yoko,279601.7,9,29636.4,2,44493.5,12,354073.6,2,0.0,0,0.0,0,MINFOF_WRI_ATLAS_FORESTIER_SIG_2018,paquet publié 2019-03 ; dernières éditions 2015-06 à 2019-03
9386221B89412400808700,Lokoundjé,68808.0,3,0.0,0,15374.5,5,598.4,1,105956.5,4,0.0,0,MINFOF_WRI_ATLAS_FORESTIER_SIG_2018,paquet publié 2019-03 ; dernières éditions 2015-06 à 2019-03
9386221B67115727666707,Waza,0.0,0,0.0,0,0.1,1,140235.6,1,0.0,0,0.0,0,MINFOF_WRI_ATLAS_FORESTIER_SIG_2018,paquet publié 2019-03 ; dernières éditions 2015-06 à 2019-03
9386221B26431625132712,Pete-Bandjoun,0.0,0,0.0,0,0.0,0,0.0,0,13452.0,3,0.0,0,MINFOF_WRI_ATLAS_FORESTIER_SIG_2018,paquet publié 2019-03 ; dernières éditions 2015-06 à 2019-03
9386221B6590721428979,Wina,0.0,0,0.0,0,0.0,0,0.0,0,0.0,0,0.0,0,MINFOF_WRI_ATLAS_FORESTIER_SIG_2018,paquet publié 2019-03 ; dernières éditions 2015-06 à 2019-03
9386221B68314986466248,Messock,190961.3,9,11749.8,3,32650.7,17,0.0,0,35407.2,4,56684.3,1,MINFOF_WRI_ATLAS_FORESTIER_SIG_2018,paquet publié 2019-03 ; dernières éditions 2015-06 à 2019-03
9386221B92648663236889,Mouanko,0.0,0,0.0,0,0.0,0,68268.4,1,3212.5,1,0.0,0,MINFOF_WRI_ATLAS_FORESTIER_SIG_2018,paquet publié 2019-03 ; dernières éditions 2015-06 à 2019-03
9386221B94928335677765,Bondjock,0.0,0,13.7,1,8362.0,2,0.0,0,0.0,0,0.0,0,MINFOF_WRI_ATLAS_FORESTIER_SIG_2018,paquet publié 2019-03 ; dernières éditions 2015-06 à 2019-03
9386221B80778369836459,Ma'an,226571.2,6,0.0,0,46142.1,18,57024.3,1,145227.9,4,0.0,0,MINFOF_WRI_ATLAS_FORESTIER_SIG_2018,paquet publié 2019-03 ; dernières éditions 2015-06 à 2019-03
9386221B69502983306293,Batouri,14567.9,1,14510.6,5,34271.3,12,0.0,0,351729.0,7,0.0,0,MINFOF_WRI_ATLAS_FORESTIER_SIG_2018,paquet publié 2019-03 ; dernières éditions 2015-06 à 2019-03
9386221B13087768970477,Edzendouan,0.0,0,0.0,0,0.0,0,0.0,0,0.0,0,0.0,0,MINFOF_WRI_ATLAS_FORESTIER_SIG_2018,paquet publié 2019-03 ; dernières éditions 2015-06 à 2019-03
9386221B12871175619007,Lembe Yezoum,0.0,0,0.0,0,19101.8,7,0.0,0,17027.9,2,0.0,0,MINFOF_WRI_ATLAS_FORESTIER_SIG_2018,paquet publié 2019-03 ; dernières éditions 2015-06 à 2019-03
9386221B73831476099133,Mbouda,0.0,0,0.0,0,0.0,0,0.0,0,23705.9,2,0.0,0,MINFOF_WRI_ATLAS_FORESTIER_SIG_2018,paquet publié 2019-03 ; dernières éditions 2015-06 à 2019-03
9386221B4723313213024,Ako,46214.5,1,0.0,0,0.0,0,0.0,0,96499.6,3,0.0,0,MINFOF_WRI_ATLAS_FORESTIER_SIG_2018,paquet publié 2019-03 ; dernières éditions 2015-06 à 2019-03
9386221B20564328998936,Mozogo,0.0,0,0.0,0,0.0,0,862.6,1,0.0,0,0.0,0,MINFOF_WRI_ATLAS_FORESTIER_SIG_2018,paquet publié 2019-03 ; dernières éditions 2015-06 à 2019-03
9386221B15912043956147,Mudemba,887.5,1,24004.2,1,2576.1,1,86673.2,3,0.0,0,0.0,0,MINFOF_WRI_ATLAS_FORESTIER_SIG_2018,paquet publié 2019-03 ; dernières éditions 2015-06 à 2019-03
9386221B49652047441621,Bamusso,16559.0,1,0.0,0,0.0,0,24037.6,1,0.0,0,0.0,0,MINFOF_WRI_ATLAS_FORESTIER_SIG_2018,paquet publié 2019-03 ; dernières éditions 2015-06 à 2019-03
9386221B67921036823798,Batchenga,0.0,0,0.0,0,6.8,1,0.0,0,0.0,0,0.0,0,MINFOF_WRI_ATLAS_FORESTIER_SIG_2018,paquet publié 2019-03 ; dernières éditions 2015-06 à 2019-03
9386221B17595337609897,Hina,0.0,0,0.0,0,0.0,0,0.0,0,0.0,0,0.0,0,MINFOF_WRI_ATLAS_FORESTIER_SIG_2018,paquet publié 2019-03 ; dernières éditions 2015-06 à 2019-03
9386221B73476553425751,Konye,90.7,1,0.0,0,5929.9,2,0.0,0,9566.8,1,0.0,0,MINFOF_WRI_ATLAS_FORESTIER_SIG_2018,paquet publié 2019-03 ; dernières éditions 2015-06 à 2019-03
9386221B66993756052315,Bamenda III,0.0,0,0.0,0,0.0,0,0.0,0,0.0,0,0.0,0,MINFOF_WRI_ATLAS_FORESTIER_SIG_2018,paquet publié 2019-03 ; dernières éditions 2015-06 à 2019-03
9386221B24523767599714,Meyomessala,0.0,0,10833.1,2,4000.8,1,9.7,1,8503.2,1,0.0,0,MINFOF_WRI_ATLAS_FORESTIER_SIG_2018,paquet publié 2019-03 ; dernières éditions 2015-06 à 2019-03
9386221B7073519614207,Ebolowa I,7722.9,2,11603.6,2,166.2,2,0.0,0,25521.3,2,0.0,0,MINFOF_WRI_ATLAS_FORESTIER_SIG_2018,paquet publié 2019-03 ; dernières éditions 2015-06 à 2019-03
9386221B39841753878206,Maroua II,0.0,0,0.0,0,0.0,0,0.0,0,0.0,0,0.0,0,MINFOF_WRI_ATLAS_FORESTIER_SIG_2018,paquet publié 2019-03 ; dernières éditions 2015-06 à 2019-03
9386221B5072173387856,Mindif,0.0,0,0.0,0,4372.0,7,0.0,0,12703.5,1,0.0,0,MINFOF_WRI_ATLAS_FORESTIER_SIG_2018,paquet publié 2019-03 ; dernières éditions 2015-06 à 2019-03
9386221B34101725844769,Ndu,0.0,0,0.0,0,0.0,0,0.0,0,12718.2,2,0.0,0,MINFOF_WRI_ATLAS_FORESTIER_SIG_2018,paquet publié 2019-03 ; dernières éditions 2015-06 à 2019-03
9386221B86555112377323,Bélel,0.0,0,0.0,0,0.0,0,61.4,1,69445.9,2,0.0,0,MINFOF_WRI_ATLAS_FORESTIER_SIG_2018,paquet publié 2019-03 ; dernières éditions 2015-06 à 2019-03
9386221B56423298576810,Galim-Tignère,0.0,0,0.0,0,0.0,0,45088.0,1,55908.1,2,0.0,0,MINFOF_WRI_ATLAS_FORESTIER_SIG_2018,paquet publié 2019-03 ; dernières éditions 2015-06 à 2019-03
9386221B18243073945100,Akoéman,0.0,0,0.0,0,4262.6,4,0.0,0,1220.3,1,0.0,0,MINFOF_WRI_ATLAS_FORESTIER_SIG_2018,paquet publié 2019-03 ; dernières éditions 2015-06 à 2019-03
9386221B42608226924665,Bassamba,0.0,0,0.0,0,0.0,0,0.0,0,963.2,1,0.0,0,MINFOF_WRI_ATLAS_FORESTIER_SIG_2018,paquet publié 2019-03 ; dernières éditions 2015-06 à 2019-03
9386221B10114916038051,Eyumodjock,75203.7,3,0.0,0,3.4,1,7474.2,1,44459.0,2,0.0,0,MINFOF_WRI_ATLAS_FORESTIER_SIG_2018,paquet publié 2019-03 ; dernières éditions 2015-06 à 2019-03
9386221B37656642959733,Guéré,0.0,0,0.0,0,3895.1,1,0.0,0,0.0,0,0.0,0,MINFOF_WRI_ATLAS_FORESTIER_SIG_2018,paquet publié 2019-03 ; dernières éditions 2015-06 à 2019-03
9386221B23103159398534,Makary,0.0,0,0.0,0,0.0,0,0.0,0,0.0,0,0.0,0,MINFOF_WRI_ATLAS_FORESTIER_SIG_2018,paquet publié 2019-03 ; dernières éditions 2015-06 à 2019-03
9386221B62336518359995,Meiganga,0.0,0,0.0,0,0.0,0,0.0,0,387284.7,8,0.0,0,MINFOF_WRI_ATLAS_FORESTIER_SIG_2018,paquet publié 2019-03 ; dernières éditions 2015-06 à 2019-03
9386221B82954047932439,Ntui,0.0,0,0.0,0,15526.5,4,0.0,0,0.0,0,0.0,0,MINFOF_WRI_ATLAS_FORESTIER_SIG_2018,paquet publié 2019-03 ; dernières éditions 2015-06 à 2019-03
9386221B12973403420020,Mintom,272152.8,6,41615.8,1,70392.9,16,54.4,1,227206.5,5,0.0,0,MINFOF_WRI_ATLAS_FORESTIER_SIG_2018,paquet publié 2019-03 ; dernières éditions 2015-06 à 2019-03
9386221B6258875435792,Guémé,0.0,0,0.0,0,7729.9,4,0.0,0,0.0,0,0.0,0,MINFOF_WRI_ATLAS_FORESTIER_SIG_2018,paquet publié 2019-03 ; dernières éditions 2015-06 à 2019-03
9386221B67742438381032,Bafia,0.0,0,0.0,0,0.0,0,0.0,0,7008.6,1,0.0,0,MINFOF_WRI_ATLAS_FORESTIER_SIG_2018,paquet publié 2019-03 ; dernières éditions 2015-06 à 2019-03
9386221B13052337540758,Baham,0.0,0,0.0,0,0.0,0,0.0,0,7602.7,2,0.0,0,MINFOF_WRI_ATLAS_FORESTIER_SIG_2018,paquet publié 2019-03 ; dernières éditions 2015-06 à 2019-03
9386221B20641552566497,Ebolowa II,75205.1,4,17095.2,5,6375.3,2,0.5,1,107181.0,5,0.0,0,MINFOF_WRI_ATLAS_FORESTIER_SIG_2018,paquet publié 2019-03 ; dernières éditions 2015-06 à 2019-03
9386221B90023713674660,Widikum-Boffé,126.7,1,0.0,0,0.0,0,750.9,1,0.0,0,0.0,0,MINFOF_WRI_ATLAS_FORESTIER_SIG_2018,paquet publié 2019-03 ; dernières éditions 2015-06 à 2019-03
9386221B45326950687577,Kentzou,0.0,0,0.0,0,0.0,0,0.0,0,8044.2,1,0.0,0,MINFOF_WRI_ATLAS_FORESTIER_SIG_2018,paquet publié 2019-03 ; dernières éditions 2015-06 à 2019-03
9386221B63558016528388,Nyambaka,0.0,0,119102.9,1,0.0,0,0.0,0,170121.2,1,0.0,0,MINFOF_WRI_ATLAS_FORESTIER_SIG_2018,paquet publié 2019-03 ; dernières éditions 2015-06 à 2019-03
9386221B47531248617039,Yaoundé V,0.0,0,0.0,0,0.0,0,0.0,0,0.0,0,0.0,0,MINFOF_WRI_ATLAS_FORESTIER_SIG_2018,paquet publié 2019-03 ; dernières éditions 2015-06 à 2019-03
9386221B21402585210419,Ouli,0.0,0,0.0,0,0.0,0,0.0,0,64263.1,2,0.0,0,MINFOF_WRI_ATLAS_FORESTIER_SIG_2018,paquet publié 2019-03 ; dernières éditions 2015-06 à 2019-03
9386221B93722401530066,Touloum,0.0,0,0.0,0,0.0,0,0.0,0,0.0,0,0.0,0,MINFOF_WRI_ATLAS_FORESTIER_SIG_2018,paquet publié 2019-03 ; dernières éditions 2015-06 à 2019-03
9386221B66316183416370,Sangmélima,14870.4,1,9983.5,2,21755.6,8,0.0,0,82639.2,4,0.0,0,MINFOF_WRI_ATLAS_FORESTIER_SIG_2018,paquet publié 2019-03 ; dernières éditions 2015-06 à 2019-03
9386221B28277166506413,Bangem,5025.8,1,0.0,0,1282.8,2,19819.0,2,0.0,0,0.0,0,MINFOF_WRI_ATLAS_FORESTIER_SIG_2018,paquet publié 2019-03 ; dernières éditions 2015-06 à 2019-03
9386221B54476981941176,Bamenda I,0.0,0,0.0,0,0.0,0,0.0,0,0.0,0,0.0,0,MINFOF_WRI_ATLAS_FORESTIER_SIG_2018,paquet publié 2019-03 ; dernières éditions 2015-06 à 2019-03
9386221B97708588482854,Kolofata,0.0,0,0.0,0,1982.9,1,0.0,0,0.0,0,0.0,0,MINFOF_WRI_ATLAS_FORESTIER_SIG_2018,paquet publié 2019-03 ; dernières éditions 2015-06 à 2019-03
9386221B6452785602175,Bafang,0.0,0,0.0,0,0.0,0,0.0,0,5097.5,1,0.0,0,MINFOF_WRI_ATLAS_FORESTIER_SIG_2018,paquet publié 2019-03 ; dernières éditions 2015-06 à 2019-03
9386221B6377751179039,Mayo-Darlé,0.0,0,0.0,0,0.0,0,0.0,0,51059.2,5,0.0,0,MINFOF_WRI_ATLAS_FORESTIER_SIG_2018,paquet publié 2019-03 ; dernières éditions 2015-06 à 2019-03
9386221B24752046114571,Mbengwi,0.0,0,0.0,0,666.5,1,0.0,0,0.0,0,0.0,0,MINFOF_WRI_ATLAS_FORESTIER_SIG_2018,paquet publié 2019-03 ; dernières éditions 2015-06 à 2019-03
9386221B16078017148885,Tokombéré,0.0,0,0.0,0,4911.3,1,0.0,0,0.0,0,0.0,0,MINFOF_WRI_ATLAS_FORESTIER_SIG_2018,paquet publié 2019-03 ; dernières éditions 2015-06 à 2019-03
9386221B60241356719243,Nkongsamba II,0.0,0,0.0,0,0.0,0,0.0,0,0.0,0,0.0,0,MINFOF_WRI_ATLAS_FORESTIER_SIG_2018,paquet publié 2019-03 ; dernières éditions 2015-06 à 2019-03
9386221B53888650456668,Tcholliré,0.0,0,53.8,1,0.0,0,198340.6,3,404685.2,10,0.0,0,MINFOF_WRI_ATLAS_FORESTIER_SIG_2018,paquet publié 2019-03 ; dernières éditions 2015-06 à 2019-03
9386221B33572677015820,Mbang,422442.1,14,29345.3,1,35797.7,23,0.0,0,89998.6,7,0.0,0,MINFOF_WRI_ATLAS_FORESTIER_SIG_2018,paquet publié 2019-03 ; dernières éditions 2015-06 à 2019-03
9386221B32858528046602,Kai-Kai,0.0,0,0.0,0,16998.1,6,0.0,0,0.0,0,0.0,0,MINFOF_WRI_ATLAS_FORESTIER_SIG_2018,paquet publié 2019-03 ; dernières éditions 2015-06 à 2019-03
9386221B96404990454766,Guidiguis,0.0,0,0.0,0,0.0,0,10725.5,1,0.0,0,0.0,0,MINFOF_WRI_ATLAS_FORESTIER_SIG_2018,paquet publié 2019-03 ; dernières éditions 2015-06 à 2019-03
9386221B8479962630576,Garoua III,0.0,0,0.0,0,0.0,0,0.0,0,0.0,0,0.0,0,MINFOF_WRI_ATLAS_FORESTIER_SIG_2018,paquet publié 2019-03 ; dernières éditions 2015-06 à 2019-03
9386221B60612307829975,Foumbot,0.0,0,0.0,0,0.0,0,0.0,0,3055.8,3,0.0,0,MINFOF_WRI_ATLAS_FORESTIER_SIG_2018,paquet publié 2019-03 ; dernières éditions 2015-06 à 2019-03
9386221B4228377683115,Elig-Mfomo,0.0,0,0.0,0,0.0,0,0.0,0,11188.8,1,0.0,0,MINFOF_WRI_ATLAS_FORESTIER_SIG_2018,paquet publié 2019-03 ; dernières éditions 2015-06 à 2019-03
9386221B75894342225273,Mayo-Baléo,0.0,0,0.0,0,10.6,1,52098.6,2,0.0,0,0.0,0,MINFOF_WRI_ATLAS_FORESTIER_SIG_2018,paquet publié 2019-03 ; dernières éditions 2015-06 à 2019-03
9386221B61437409238039,Makenene,22.8,1,27149.0,2,11995.1,5,0.0,0,34631.8,1,0.0,0,MINFOF_WRI_ATLAS_FORESTIER_SIG_2018,paquet publié 2019-03 ; dernières éditions 2015-06 à 2019-03
9386221B22617176648961,Mbé,0.0,0,992.1,1,0.0,0,0.0,0,0.0,0,0.0,0,MINFOF_WRI_ATLAS_FORESTIER_SIG_2018,paquet publié 2019-03 ; dernières éditions 2015-06 à 2019-03
9386221B66919178729406,Misaje,8.8,1,0.0,0,0.0,0,4949.0,1,52472.1,2,0.0,0,MINFOF_WRI_ATLAS_FORESTIER_SIG_2018,paquet publié 2019-03 ; dernières éditions 2015-06 à 2019-03
9386221B19787450988767,Moutourwa,0.0,0,0.0,0,0.0,0,0.0,0,4565.7,2,0.0,0,MINFOF_WRI_ATLAS_FORESTIER_SIG_2018,paquet publié 2019-03 ; dernières éditions 2015-06 à 2019-03
9386221B37888289163945,Maroua I,0.0,0,0.0,0,0.0,0,0.0,0,0.0,0,0.0,0,MINFOF_WRI_ATLAS_FORESTIER_SIG_2018,paquet publié 2019-03 ; dernières éditions 2015-06 à 2019-03
9386221B58945663298382,Lomié,238790.7,14,68494.4,2,79717.3,31,318564.5,1,91032.8,5,79940.6,1,MINFOF_WRI_ATLAS_FORESTIER_SIG_2018,paquet publié 2019-03 ; dernières éditions 2015-06 à 2019-03
9386221B408891228510,Yaoundé VI,0.0,0,0.0,0,0.0,0,0.0,0,0.0,0,0.0,0,MINFOF_WRI_ATLAS_FORESTIER_SIG_2018,paquet publié 2019-03 ; dernières éditions 2015-06 à 2019-03
9386221B4734208437172,Bafut,0.0,0,0.0,0,0.0,0,0.0,0,0.0,0,0.0,0,MINFOF_WRI_ATLAS_FORESTIER_SIG_2018,paquet publié 2019-03 ; dernières éditions 2015-06 à 2019-03
9386221B75611895729261,Mbanga,0.0,0,0.0,0,113.5,1,0.0,0,39780.5,3,0.0,0,MINFOF_WRI_ATLAS_FORESTIER_SIG_2018,paquet publié 2019-03 ; dernières éditions 2015-06 à 2019-03
9386221B82405604372605,Niété,13015.4,2,9177.6,1,0.0,0,12856.3,1,36594.6,3,0.0,0,MINFOF_WRI_ATLAS_FORESTIER_SIG_2018,paquet publié 2019-03 ; dernières éditions 2015-06 à 2019-03
9386221B71446441287733,Lolodorf,22485.8,3,19955.6,2,3862.7,5,0.0,0,66933.5,4,0.0,0,MINFOF_WRI_ATLAS_FORESTIER_SIG_2018,paquet publié 2019-03 ; dernières éditions 2015-06 à 2019-03
9386221B99383594947631,Nkambe,0.0,0,0.0,0,0.0,0,0.0,0,44547.2,2,0.0,0,MINFOF_WRI_ATLAS_FORESTIER_SIG_2018,paquet publié 2019-03 ; dernières éditions 2015-06 à 2019-03
9386221B5549911640036,Nkoteng,0.0,0,0.0,0,3117.7,2,0.0,0,38436.9,3,0.0,0,MINFOF_WRI_ATLAS_FORESTIER_SIG_2018,paquet publié 2019-03 ; dernières éditions 2015-06 à 2019-03
9386221B87256972137423,Soa,0.0,0,0.0,0,0.0,0,0.0,0,0.0,0,0.0,0,MINFOF_WRI_ATLAS_FORESTIER_SIG_2018,paquet publié 2019-03 ; dernières éditions 2015-06 à 2019-03
9386221B64959093504079,Dargala,0.0,0,0.0,0,200.5,1,0.0,0,0.0,0,0.0,0,MINFOF_WRI_ATLAS_FORESTIER_SIG_2018,paquet publié 2019-03 ; dernières éditions 2015-06 à 2019-03
9386221B86425664382828,Kobdombo,0.0,0,0.0,0,0.0,0,0.0,0,12075.5,2,0.0,0,MINFOF_WRI_ATLAS_FORESTIER_SIG_2018,paquet publié 2019-03 ; dernières éditions 2015-06 à 2019-03
9386221B13524115596139,Kouoptamo,0.0,0,0.0,0,0.0,0,0.0,0,11.5,1,0.0,0,MINFOF_WRI_ATLAS_FORESTIER_SIG_2018,paquet publié 2019-03 ; dernières éditions 2015-06 à 2019-03
9386221B62243000391182,Moulvoudaye,0.0,0,0.0,0,12928.7,5,0.0,0,0.0,0,0.0,0,MINFOF_WRI_ATLAS_FORESTIER_SIG_2018,paquet publié 2019-03 ; dernières éditions 2015-06 à 2019-03
9386221B65701761886859,Djoum,345567.3,11,14982.0,2,19397.3,9,36307.0,2,179755.1,7,0.0,0,MINFOF_WRI_ATLAS_FORESTIER_SIG_2018,paquet publié 2019-03 ; dernières éditions 2015-06 à 2019-03
9386221B79807514363005,Ngaoundal,0.0,0,37509.6,2,0.0,0,23374.3,1,62034.5,2,0.0,0,MINFOF_WRI_ATLAS_FORESTIER_SIG_2018,paquet publié 2019-03 ; dernières éditions 2015-06 à 2019-03
9386221B83688438968911,Kontcha,0.0,0,0.0,0,3010.8,1,208.6,1,0.0,0,0.0,0,MINFOF_WRI_ATLAS_FORESTIER_SIG_2018,paquet publié 2019-03 ; dernières éditions 2015-06 à 2019-03
9386221B72848385976679,Pétté,0.0,0,0.0,0,11240.9,3,0.0,0,0.0,0,0.0,0,MINFOF_WRI_ATLAS_FORESTIER_SIG_2018,paquet publié 2019-03 ; dernières éditions 2015-06 à 2019-03
9386221B38813643560197,Njinikom,0.0,0,0.0,0,1071.0,4,0.0,0,0.0,0,0.0,0,MINFOF_WRI_ATLAS_FORESTIER_SIG_2018,paquet publié 2019-03 ; dernières éditions 2015-06 à 2019-03
9386221B78963061859533,Soulèdé-Roua,0.0,0,0.0,0,577.2,1,0.0,0,0.0,0,0.0,0,MINFOF_WRI_ATLAS_FORESTIER_SIG_2018,paquet publié 2019-03 ; dernières éditions 2015-06 à 2019-03
9386221B73164883386561,Mindourou,482373.8,17,37.3,1,17585.7,9,14747.7,1,192295.6,4,15007.3,1,MINFOF_WRI_ATLAS_FORESTIER_SIG_2018,paquet publié 2019-03 ; dernières éditions 2015-06 à 2019-03
9386221B62355710838031,Kousséri,0.0,0,0.0,0,0.0,0,2171.0,1,0.0,0,0.0,0,MINFOF_WRI_ATLAS_FORESTIER_SIG_2018,paquet publié 2019-03 ; dernières éditions 2015-06 à 2019-03
9386221B71016859337528,Massangam,4.5,1,0.0,0,0.2,3,0.0,0,3807.8,1,0.0,0,MINFOF_WRI_ATLAS_FORESTIER_SIG_2018,paquet publié 2019-03 ; dernières éditions 2015-06 à 2019-03
9386221B89727534765120,Esse,0.0,0,0.0,0,8949.3,5,0.0,0,0.0,0,0.0,0,MINFOF_WRI_ATLAS_FORESTIER_SIG_2018,paquet publié 2019-03 ; dernières éditions 2015-06 à 2019-03
9386221B24588986307138,Meyomessi,54592.6,4,10333.6,1,12437.0,6,0.0,0,76344.0,5,0.0,0,MINFOF_WRI_ATLAS_FORESTIER_SIG_2018,paquet publié 2019-03 ; dernières éditions 2015-06 à 2019-03
9386221B87764224122808,Poli,0.0,0,0.0,0,1143.8,1,334057.6,1,189934.5,5,0.0,0,MINFOF_WRI_ATLAS_FORESTIER_SIG_2018,paquet publié 2019-03 ; dernières éditions 2015-06 à 2019-03
9386221B36296170087254,Afanloum,0.0,0,0.0,0,2721.0,2,0.0,0,0.0,0,0.0,0,MINFOF_WRI_ATLAS_FORESTIER_SIG_2018,paquet publié 2019-03 ; dernières éditions 2015-06 à 2019-03
9386221B48792868038204,Angossas,0.0,0,0.0,0,9622.5,2,0.0,0,0.0,0,0.0,0,MINFOF_WRI_ATLAS_FORESTIER_SIG_2018,paquet publié 2019-03 ; dernières éditions 2015-06 à 2019-03
9386221B15408498931793,Babadjou,0.0,0,0.0,0,0.0,0,0.0,0,12548.6,2,0.0,0,MINFOF_WRI_ATLAS_FORESTIER_SIG_2018,paquet publié 2019-03 ; dernières éditions 2015-06 à 2019-03
9386221B98938135077748,Biwong-Bulu,23504.5,2,14275.9,2,20680.2,6,0.0,0,21251.3,2,0.0,0,MINFOF_WRI_ATLAS_FORESTIER_SIG_2018,paquet publié 2019-03 ; dernières éditions 2015-06 à 2019-03
9386221B75147253795582,Douala V,0.0,0,0.0,0,0.0,0,0.0,0,0.0,0,0.0,0,MINFOF_WRI_ATLAS_FORESTIER_SIG_2018,paquet publié 2019-03 ; dernières éditions 2015-06 à 2019-03
9386221B6439132868909,Fongo-Tongo,0.0,0,0.0,0,0.0,0,0.0,0,15149.5,2,0.0,0,MINFOF_WRI_ATLAS_FORESTIER_SIG_2018,paquet publié 2019-03 ; dernières éditions 2015-06 à 2019-03
9386221B20856421798014,Ngaoui,0.0,0,0.0,0,0.0,0,0.0,0,0.0,0,0.0,0,MINFOF_WRI_ATLAS_FORESTIER_SIG_2018,paquet publié 2019-03 ; dernières éditions 2015-06 à 2019-03
9386221B29439611167518,Nsem,0.0,0,649.3,1,3.9,1,0.0,0,0.0,0,0.0,0,MINFOF_WRI_ATLAS_FORESTIER_SIG_2018,paquet publié 2019-03 ; dernières éditions 2015-06 à 2019-03
9386221B29116122691859,Zoétélé,0.0,0,0.0,0,7918.3,7,0.0,0,15452.4,2,0.0,0,MINFOF_WRI_ATLAS_FORESTIER_SIG_2018,paquet publié 2019-03 ; dernières éditions 2015-06 à 2019-03
9386221B59068819347143,Zina,0.0,0,0.0,0,0.0,0,0.0,0,0.0,0,0.0,0,MINFOF_WRI_ATLAS_FORESTIER_SIG_2018,paquet publié 2019-03 ; dernières éditions 2015-06 à 2019-03
9386221B18291950390240,Yaoundé VII,0.0,0,0.0,0,0.0,0,0.0,0,0.0,0,0.0,0,MINFOF_WRI_ATLAS_FORESTIER_SIG_2018,paquet publié 2019-03 ; dernières éditions 2015-06 à 2019-03
9386221B66762903352612,Yaoundé II,0.0,0,0.0,0,0.0,0,0.0,0,0.0,0,0.0,0,MINFOF_WRI_ATLAS_FORESTIER_SIG_2018,paquet publié 2019-03 ; dernières éditions 2015-06 à 2019-03
9386221B56027412894684,Yaoundé I,0.0,0,0.0,0,0.0,0,0.0,0,0.0,0,0.0,0,MINFOF_WRI_ATLAS_FORESTIER_SIG_2018,paquet publié 2019-03 ; dernières éditions 2015-06 à 2019-03
9386221B77038757135535,Yagoua,0.0,0,0.0,0,0.0,0,0.0,0,0.0,0,0.0,0,MINFOF_WRI_ATLAS_FORESTIER_SIG_2018,paquet publié 2019-03 ; dernières éditions 2015-06 à 2019-03
9386221B41994982310047,Wabane,154.3,1,0.0,0,0.0,0,6567.9,1,22848.4,2,0.0,0,MINFOF_WRI_ATLAS_FORESTIER_SIG_2018,paquet publié 2019-03 ; dernières éditions 2015-06 à 2019-03
9386221B66292272127124,Tubah,0.0,0,0.0,0,0.0,0,0.0,0,0.0,0,0.0,0,MINFOF_WRI_ATLAS_FORESTIER_SIG_2018,paquet publié 2019-03 ; dernières éditions 2015-06 à 2019-03
9386221B50142475459144,Touroua,0.0,0,0.0,0,0.0,0,0.0,0,0.0,0,0.0,0,MINFOF_WRI_ATLAS_FORESTIER_SIG_2018,paquet publié 2019-03 ; dernières éditions 2015-06 à 2019-03
9386221B97546443963729,Tonga,324.5,1,249.9,1,0.0,0,0.0,0,24069.6,2,0.0,0,MINFOF_WRI_ATLAS_FORESTIER_SIG_2018,paquet publié 2019-03 ; dernières éditions 2015-06 à 2019-03
9386221B4961932619134,Tinto,47488.4,1,0.0,0,9132.5,4,11187.8,1,43658.1,2,0.0,0,MINFOF_WRI_ATLAS_FORESTIER_SIG_2018,paquet publié 2019-03 ; dernières éditions 2015-06 à 2019-03
9386221B76747018247940,Tiko,0.0,0,0.0,0,3.3,1,0.0,0,0.0,0,0.0,0,MINFOF_WRI_ATLAS_FORESTIER_SIG_2018,paquet publié 2019-03 ; dernières éditions 2015-06 à 2019-03
9386221B27682953548851,Somalomo,34332.8,4,21795.9,1,1544.1,1,104067.8,1,33932.1,1,0.0,0,MINFOF_WRI_ATLAS_FORESTIER_SIG_2018,paquet publié 2019-03 ; dernières éditions 2015-06 à 2019-03
9386221B73734183269269,Santa,0.0,0,0.0,0,17.7,1,0.0,0,267.9,3,0.0,0,MINFOF_WRI_ATLAS_FORESTIER_SIG_2018,paquet publié 2019-03 ; dernières éditions 2015-06 à 2019-03
9386221B27515073075422,Salapoumbé,216229.7,8,21797.7,1,36954.4,11,223575.7,3,462626.1,6,0.0,0,MINFOF_WRI_ATLAS_FORESTIER_SIG_2018,paquet publié 2019-03 ; dernières éditions 2015-06 à 2019-03
9386221B53456133696336,Sa'a,0.0,0,0.0,0,4868.6,1,0.0,0,29945.1,1,0.0,0,MINFOF_WRI_ATLAS_FORESTIER_SIG_2018,paquet publié 2019-03 ; dernières éditions 2015-06 à 2019-03
9386221B99754301414299,Pouma,0.0,0,27874.3,3,551.8,2,0.0,0,7134.0,1,0.0,0,MINFOF_WRI_ATLAS_FORESTIER_SIG_2018,paquet publié 2019-03 ; dernières éditions 2015-06 à 2019-03
9386221B82158937470673,Penka-Michel,0.0,0,0.0,0,0.0,0,0.0,0,26920.7,4,0.0,0,MINFOF_WRI_ATLAS_FORESTIER_SIG_2018,paquet publié 2019-03 ; dernières éditions 2015-06 à 2019-03
9386221B67580120120564,Penja,0.0,0,0.0,0,0.0,0,0.0,0,16103.4,2,0.0,0,MINFOF_WRI_ATLAS_FORESTIER_SIG_2018,paquet publié 2019-03 ; dernières éditions 2015-06 à 2019-03
9386221B35442876083106,Oveng,67449.3,4,14582.8,1,25069.2,7,38910.9,2,126940.5,6,0.0,0,MINFOF_WRI_ATLAS_FORESTIER_SIG_2018,paquet publié 2019-03 ; dernières éditions 2015-06 à 2019-03
9386221B77875599033444,Ombessa,0.0,0,0.0,0,0.2,1,0.0,0,0.0,0,0.0,0,MINFOF_WRI_ATLAS_FORESTIER_SIG_2018,paquet publié 2019-03 ; dernières éditions 2015-06 à 2019-03
9386221B73833622274128,Olanguina,0.0,0,0.0,0,0.0,0,0.0,0,0.0,0,0.0,0,MINFOF_WRI_ATLAS_FORESTIER_SIG_2018,paquet publié 2019-03 ; dernières éditions 2015-06 à 2019-03
9386221B63067369284542,Olamzé,15604.5,3,0.0,0,2584.7,2,0.0,0,22505.5,1,0.0,0,MINFOF_WRI_ATLAS_FORESTIER_SIG_2018,paquet publié 2019-03 ; dernières éditions 2015-06 à 2019-03
9386221B26371273513281,Okala,0.0,0,0.0,0,0.0,0,0.0,0,0.0,0,0.0,0,MINFOF_WRI_ATLAS_FORESTIER_SIG_2018,paquet publié 2019-03 ; dernières éditions 2015-06 à 2019-03
9386221B43764539734094,Obala,0.0,0,0.0,0,0.0,0,0.0,0,6646.0,1,0.0,0,MINFOF_WRI_ATLAS_FORESTIER_SIG_2018,paquet publié 2019-03 ; dernières éditions 2015-06 à 2019-03
9386221B28277455363944,Nyanon,0.0,0,56.7,1,2699.3,2,0.0,0,0.0,0,0.0,0,MINFOF_WRI_ATLAS_FORESTIER_SIG_2018,paquet publié 2019-03 ; dernières éditions 2015-06 à 2019-03
9386221B54304647872910,Nkum,0.0,0,0.0,0,0.0,0,0.0,0,0.0,0,0.0,0,MINFOF_WRI_ATLAS_FORESTIER_SIG_2018,paquet publié 2019-03 ; dernières éditions 2015-06 à 2019-03
9386221B8269091336277,Nkor,0.0,0,0.0,0,0.0,0,0.0,0,466.4,1,0.0,0,MINFOF_WRI_ATLAS_FORESTIER_SIG_2018,paquet publié 2019-03 ; dernières éditions 2015-06 à 2019-03
9386221B77491959623204,Nkong-Zem,0.0,0,0.0,0,0.0,0,0.0,0,20883.0,3,0.0,0,MINFOF_WRI_ATLAS_FORESTIER_SIG_2018,paquet publié 2019-03 ; dernières éditions 2015-06 à 2019-03
9386221B619753199247,Nkongsamba III,0.0,0,0.0,0,0.0,0,0.0,0,0.0,0,0.0,0,MINFOF_WRI_ATLAS_FORESTIER_SIG_2018,paquet publié 2019-03 ; dernières éditions 2015-06 à 2019-03
9386221B96447253023617,Nkongsamba I,0.0,0,0.0,0,223.0,1,0.0,0,6110.2,1,0.0,0,MINFOF_WRI_ATLAS_FORESTIER_SIG_2018,paquet publié 2019-03 ; dernières éditions 2015-06 à 2019-03
9386221B18747608346686,Nkol-Métet,0.0,0,0.0,0,12139.4,4,0.0,0,2240.9,4,0.0,0,MINFOF_WRI_ATLAS_FORESTIER_SIG_2018,paquet publié 2019-03 ; dernières éditions 2015-06 à 2019-03
9386221B63165166777879,Nijkwa,0.0,0,0.0,0,0.0,0,350.4,1,0.0,0,0.0,0,MINFOF_WRI_ATLAS_FORESTIER_SIG_2018,paquet publié 2019-03 ; dernières éditions 2015-06 à 2019-03
9386221B40010227149023,Ngwei,4031.6,2,24120.6,2,6124.7,3,0.0,0,26600.2,3,0.0,0,MINFOF_WRI_ATLAS_FORESTIER_SIG_2018,paquet publié 2019-03 ; dernières éditions 2015-06 à 2019-03
9386221B67839957602205,Nguibassal,0.0,0,0.0,0,0.0,0,0.0,0,0.0,0,0.0,0,MINFOF_WRI_ATLAS_FORESTIER_SIG_2018,paquet publié 2019-03 ; dernières éditions 2015-06 à 2019-03
9386221B10676195344752,Nguelemendouka,0.0,0,23208.9,2,8097.7,3,0.0,0,0.0,0,0.0,0,MINFOF_WRI_ATLAS_FORESTIER_SIG_2018,paquet publié 2019-03 ; dernières éditions 2015-06 à 2019-03
9386221B37676907577094,Nguélébok,70210.6,6,19924.8,3,25163.0,13,0.0,0,18931.8,1,0.0,0,MINFOF_WRI_ATLAS_FORESTIER_SIG_2018,paquet publié 2019-03 ; dernières éditions 2015-06 à 2019-03
9386221B65663858061851,Ngoyla,328795.8,10,35825.2,1,44342.5,22,336588.3,2,427934.5,6,12903.8,1,MINFOF_WRI_ATLAS_FORESTIER_SIG_2018,paquet publié 2019-03 ; dernières éditions 2015-06 à 2019-03
9386221B17458890045458,Ngoumou,0.0,0,0.0,0,0.0,0,0.0,0,0.0,0,0.0,0,MINFOF_WRI_ATLAS_FORESTIER_SIG_2018,paquet publié 2019-03 ; dernières éditions 2015-06 à 2019-03
9386221B77960191185995,Ngoulémakong,0.0,0,4849.5,2,7317.1,2,0.0,0,3.0,1,0.0,0,MINFOF_WRI_ATLAS_FORESTIER_SIG_2018,paquet publié 2019-03 ; dernières éditions 2015-06 à 2019-03
9386221B55259405982197,Ngong,0.0,0,0.0,0,0.0,0,0.0,0,12169.4,1,0.0,0,MINFOF_WRI_ATLAS_FORESTIER_SIG_2018,paquet publié 2019-03 ; dernières éditions 2015-06 à 2019-03
9386221B50506655196067,Ngomedzap,0.0,0,13649.5,3,0.0,0,0.0,0,53201.6,2,0.0,0,MINFOF_WRI_ATLAS_FORESTIER_SIG_2018,paquet publié 2019-03 ; dernières éditions 2015-06 à 2019-03
9386221B76190049410209,Ngog-Mapubi,0.0,0,4466.0,1,0.0,0,0.0,0,0.0,0,0.0,0,MINFOF_WRI_ATLAS_FORESTIER_SIG_2018,paquet publié 2019-03 ; dernières éditions 2015-06 à 2019-03
9386221B16773551692395,Ngaoundéré III,0.0,0,233.2,1,0.0,0,0.0,0,0.0,0,0.0,0,MINFOF_WRI_ATLAS_FORESTIER_SIG_2018,paquet publié 2019-03 ; dernières éditions 2015-06 à 2019-03
9386221B60959306764795,Ngaoundéré II,0.0,0,0.0,0,0.0,0,0.0,0,0.0,0,0.0,0,MINFOF_WRI_ATLAS_FORESTIER_SIG_2018,paquet publié 2019-03 ; dernières éditions 2015-06 à 2019-03
9386221B41429831054042,Ngaoundéré I,0.0,0,0.0,0,0.0,0,0.0,0,0.0,0,0.0,0,MINFOF_WRI_ATLAS_FORESTIER_SIG_2018,paquet publié 2019-03 ; dernières éditions 2015-06 à 2019-03
9386221B12377496581345,Ngambé,0.0,0,16395.9,1,5783.7,4,17171.0,1,13935.4,1,0.0,0,MINFOF_WRI_ATLAS_FORESTIER_SIG_2018,paquet publié 2019-03 ; dernières éditions 2015-06 à 2019-03
9386221B68680045868620,Ndoukoula,0.0,0,0.0,0,4073.5,1,0.0,0,0.0,0,0.0,0,MINFOF_WRI_ATLAS_FORESTIER_SIG_2018,paquet publié 2019-03 ; dernières éditions 2015-06 à 2019-03
9386221B52857634221291,Ndop,0.0,0,0.0,0,0.0,0,0.0,0,0.0,0,0.0,0,MINFOF_WRI_ATLAS_FORESTIER_SIG_2018,paquet publié 2019-03 ; dernières éditions 2015-06 à 2019-03
9386221B96867606026862,Ndom,0.0,0,3085.6,1,12.4,2,0.0,0,0.0,0,0.0,0,MINFOF_WRI_ATLAS_FORESTIER_SIG_2018,paquet publié 2019-03 ; dernières éditions 2015-06 à 2019-03
9386221B75922798345656,Ndobian,4097.0,1,23.7,1,2610.6,1,0.0,0,7724.7,3,0.0,0,MINFOF_WRI_ATLAS_FORESTIER_SIG_2018,paquet publié 2019-03 ; dernières éditions 2015-06 à 2019-03
9386221B95710180016300,Mvengue,3497.5,1,37799.3,3,0.0,0,0.0,0,9632.3,3,0.0,0,MINFOF_WRI_ATLAS_FORESTIER_SIG_2018,paquet publié 2019-03 ; dernières éditions 2015-06 à 2019-03
9386221B49119882002663,Mvangan,68507.6,7,33688.4,2,23201.4,7,19088.0,1,146407.8,7,0.0,0,MINFOF_WRI_ATLAS_FORESTIER_SIG_2018,paquet publié 2019-03 ; dernières éditions 2015-06 à 2019-03
9386221B29102509952712,Muyuka,0.0,0,0.0,0,0.0,0,3611.8,1,4173.7,1,0.0,0,MINFOF_WRI_ATLAS_FORESTIER_SIG_2018,paquet publié 2019-03 ; dernières éditions 2015-06 à 2019-03
9386221B10315738090869,Mora,0.0,0,0.0,0,0.0,0,471.1,1,0.0,0,0.0,0,MINFOF_WRI_ATLAS_FORESTIER_SIG_2018,paquet publié 2019-03 ; dernières éditions 2015-06 à 2019-03
9386221B5949331525630,Monatélé,0.0,0,6.1,1,0.0,0,0.0,0,27055.3,1,0.0,0,MINFOF_WRI_ATLAS_FORESTIER_SIG_2018,paquet publié 2019-03 ; dernières éditions 2015-06 à 2019-03
9386221B80647528880621,Mombo,0.0,0,0.0,0,0.0,0,0.0,0,7072.0,3,0.0,0,MINFOF_WRI_ATLAS_FORESTIER_SIG_2018,paquet publié 2019-03 ; dernières éditions 2015-06 à 2019-03
9386221B8963081327305,Mogodé,0.0,0,0.0,0,0.0,0,0.0,0,0.0,0,0.0,0,MINFOF_WRI_ATLAS_FORESTIER_SIG_2018,paquet publié 2019-03 ; dernières éditions 2015-06 à 2019-03
9386221B72803640031739,Minta,0.0,0,42160.6,2,27552.0,11,11200.9,1,0.0,0,0.0,0,MINFOF_WRI_ATLAS_FORESTIER_SIG_2018,paquet publié 2019-03 ; dernières éditions 2015-06 à 2019-03
9386221B43080782869533,Mfou,0.0,0,0.0,0,94.4,1,1099.9,1,14136.3,1,0.0,0,MINFOF_WRI_ATLAS_FORESTIER_SIG_2018,paquet publié 2019-03 ; dernières éditions 2015-06 à 2019-03
9386221B95176650211537,Messondo,47551.5,2,15512.1,4,17862.3,9,0.0,0,188902.7,5,0.0,0,MINFOF_WRI_ATLAS_FORESTIER_SIG_2018,paquet publié 2019-03 ; dernières éditions 2015-06 à 2019-03
9386221B82613512248769,Messaména,117664.4,5,17570.8,3,41077.2,22,6803.1,1,2917.2,1,0.0,0,MINFOF_WRI_ATLAS_FORESTIER_SIG_2018,paquet publié 2019-03 ; dernières éditions 2015-06 à 2019-03
9386221B35606887625558,Meri,0.0,0,0.0,0,119.6,1,0.0,0,0.0,0,0.0,0,MINFOF_WRI_ATLAS_FORESTIER_SIG_2018,paquet publié 2019-03 ; dernières éditions 2015-06 à 2019-03
9386221B13423567851264,Menji,0.0,0,0.0,0,0.0,0,0.0,0,11724.5,2,0.0,0,MINFOF_WRI_ATLAS_FORESTIER_SIG_2018,paquet publié 2019-03 ; dernières éditions 2015-06 à 2019-03
9386221B93294394992231,Mengueme,0.0,0,0.0,0,0.0,0,0.0,0,33716.2,1,0.0,0,MINFOF_WRI_ATLAS_FORESTIER_SIG_2018,paquet publié 2019-03 ; dernières éditions 2015-06 à 2019-03
9386221B58609331064519,Mengong,243.2,1,10618.9,3,641.3,1,0.0,0,0.0,0,0.0,0,MINFOF_WRI_ATLAS_FORESTIER_SIG_2018,paquet publié 2019-03 ; dernières éditions 2015-06 à 2019-03
9386221B66792817741098,Mengang,0.0,0,37.4,1,927.4,2,0.0,0,25346.2,2,0.0,0,MINFOF_WRI_ATLAS_FORESTIER_SIG_2018,paquet publié 2019-03 ; dernières éditions 2015-06 à 2019-03
9386221B55468648796943,Mbangassina,0.0,0,0.0,0,493.9,2,0.0,0,0.0,0,0.0,0,MINFOF_WRI_ATLAS_FORESTIER_SIG_2018,paquet publié 2019-03 ; dernières éditions 2015-06 à 2019-03
9386221B58725943813912,Mbandjock,0.0,0,0.0,0,15.4,1,0.0,0,15.2,1,0.0,0,MINFOF_WRI_ATLAS_FORESTIER_SIG_2018,paquet publié 2019-03 ; dernières éditions 2015-06 à 2019-03
9386221B58745723770454,Mbalmayo,0.0,0,0.0,0,13877.8,4,0.0,0,1583.6,2,0.0,0,MINFOF_WRI_ATLAS_FORESTIER_SIG_2018,paquet publié 2019-03 ; dernières éditions 2015-06 à 2019-03
9386221B72066933414683,Mayo-Hourna,0.0,0,0.0,0,4989.5,4,0.0,0,11699.9,1,0.0,0,MINFOF_WRI_ATLAS_FORESTIER_SIG_2018,paquet publié 2019-03 ; dernières éditions 2015-06 à 2019-03
9386221B1245925446026,Matomb,0.0,0,165.7,1,13.7,1,0.0,0,0.0,0,0.0,0,MINFOF_WRI_ATLAS_FORESTIER_SIG_2018,paquet publié 2019-03 ; dernières éditions 2015-06 à 2019-03
9386221B96736670924353,Massok,0.0,0,0.0,0,9798.5,2,0.0,0,1035.1,1,0.0,0,MINFOF_WRI_ATLAS_FORESTIER_SIG_2018,paquet publié 2019-03 ; dernières éditions 2015-06 à 2019-03
9386221B63234157800272,Maroua III,0.0,0,0.0,0,2749.1,1,0.0,0,0.0,0,0.0,0,MINFOF_WRI_ATLAS_FORESTIER_SIG_2018,paquet publié 2019-03 ; dernières éditions 2015-06 à 2019-03
9386221B10867948981136,Manjo,6301.2,1,0.0,0,0.0,0,0.0,0,11027.7,1,0.0,0,MINFOF_WRI_ATLAS_FORESTIER_SIG_2018,paquet publié 2019-03 ; dernières éditions 2015-06 à 2019-03
9386221B80147153922778,Mandjou,24038.5,2,62008.9,3,40562.9,13,0.0,0,107418.5,5,0.0,0,MINFOF_WRI_ATLAS_FORESTIER_SIG_2018,paquet publié 2019-03 ; dernières éditions 2015-06 à 2019-03
9386221B85452461544268,Makak,18706.7,1,45871.1,1,1849.2,4,0.0,0,3642.0,2,0.0,0,MINFOF_WRI_ATLAS_FORESTIER_SIG_2018,paquet publié 2019-03 ; dernières éditions 2015-06 à 2019-03
9386221B80738734605470,Maga,0.0,0,0.0,0,0.0,0,0.0,0,0.0,0,0.0,0,MINFOF_WRI_ATLAS_FORESTIER_SIG_2018,paquet publié 2019-03 ; dernières éditions 2015-06 à 2019-03
9386221B44986910492464,Madingring,0.0,0,0.0,0,0.0,0,0.1,1,0.0,0,0.0,0,MINFOF_WRI_ATLAS_FORESTIER_SIG_2018,paquet publié 2019-03 ; dernières éditions 2015-06 à 2019-03
9386221B16283257097983,Loum,278.5,1,0.0,0,0.0,0,0.0,0,22191.8,1,0.0,0,MINFOF_WRI_ATLAS_FORESTIER_SIG_2018,paquet publié 2019-03 ; dernières éditions 2015-06 à 2019-03
9386221B69382232714258,Lobo,0.0,0,0.0,0,0.0,0,0.0,0,0.0,0,0.0,0,MINFOF_WRI_ATLAS_FORESTIER_SIG_2018,paquet publié 2019-03 ; dernières éditions 2015-06 à 2019-03
9386221B28684632711326,Limbé III,0.0,0,0.0,0,1653.5,1,0.0,0,0.0,0,0.0,0,MINFOF_WRI_ATLAS_FORESTIER_SIG_2018,paquet publié 2019-03 ; dernières éditions 2015-06 à 2019-03
9386221B69899038770717,Limbé II,0.0,0,0.0,0,287.7,1,0.0,0,0.0,0,0.0,0,MINFOF_WRI_ATLAS_FORESTIER_SIG_2018,paquet publié 2019-03 ; dernières éditions 2015-06 à 2019-03
9386221B95365842181004,Limbé I,0.0,0,0.0,0,2273.6,1,0.0,0,0.0,0,0.0,0,MINFOF_WRI_ATLAS_FORESTIER_SIG_2018,paquet publié 2019-03 ; dernières éditions 2015-06 à 2019-03
9386221B73292182549514,Lagdo,0.0,0,0.0,0,0.0,0,0.0,0,98634.3,5,0.0,0,MINFOF_WRI_ATLAS_FORESTIER_SIG_2018,paquet publié 2019-03 ; dernières éditions 2015-06 à 2019-03
9386221B29176402500611,Kyé-Ossi,73.3,1,0.0,0,0.0,0,0.0,0,20645.9,2,0.0,0,MINFOF_WRI_ATLAS_FORESTIER_SIG_2018,paquet publié 2019-03 ; dernières éditions 2015-06 à 2019-03
9386221B47273112743331,Kumbo,0.0,0,0.0,0,0.0,0,0.0,0,0.0,0,0.0,0,MINFOF_WRI_ATLAS_FORESTIER_SIG_2018,paquet publié 2019-03 ; dernières éditions 2015-06 à 2019-03
9386221B31915824394647,Kumba III,0.0,0,0.0,0,0.0,0,0.0,0,22877.8,2,0.0,0,MINFOF_WRI_ATLAS_FORESTIER_SIG_2018,paquet publié 2019-03 ; dernières éditions 2015-06 à 2019-03
9386221B50258802774894,Kumba II,0.0,0,0.0,0,0.0,0,0.0,0,0.0,0,0.0,0,MINFOF_WRI_ATLAS_FORESTIER_SIG_2018,paquet publié 2019-03 ; dernières éditions 2015-06 à 2019-03
9386221B63553235506864,Kumba I,0.0,0,0.0,0,0.0,0,0.0,0,892.2,1,0.0,0,MINFOF_WRI_ATLAS_FORESTIER_SIG_2018,paquet publié 2019-03 ; dernières éditions 2015-06 à 2019-03
9386221B39531153128231,Koza,0.0,0,0.0,0,70.9,1,862.3,1,0.0,0,0.0,0,MINFOF_WRI_ATLAS_FORESTIER_SIG_2018,paquet publié 2019-03 ; dernières éditions 2015-06 à 2019-03
9386221B44672958443925,Koutaba,0.0,0,0.0,0,0.0,0,0.0,0,34683.1,1,0.0,0,MINFOF_WRI_ATLAS_FORESTIER_SIG_2018,paquet publié 2019-03 ; dernières éditions 2015-06 à 2019-03
9386221B75309730271740,Kon-Yambetta,0.0,0,0.0,0,148.8,6,0.0,0,26791.9,1,0.0,0,MINFOF_WRI_ATLAS_FORESTIER_SIG_2018,paquet publié 2019-03 ; dernières éditions 2015-06 à 2019-03
9386221B54934718963778,Kombo-Itindi,0.0,0,0.0,0,0.0,0,37551.3,1,0.0,0,0.0,0,MINFOF_WRI_ATLAS_FORESTIER_SIG_2018,paquet publié 2019-03 ; dernières éditions 2015-06 à 2019-03
9386221B80502497294933,Kombo-Abedimo,0.0,0,0.0,0,0.0,0,24817.8,1,0.0,0,0.0,0,MINFOF_WRI_ATLAS_FORESTIER_SIG_2018,paquet publié 2019-03 ; dernières éditions 2015-06 à 2019-03
9386221B32510517972277,Kiiki,0.0,0,0.0,0,0.0,0,0.0,0,456.7,1,0.0,0,MINFOF_WRI_ATLAS_FORESTIER_SIG_2018,paquet publié 2019-03 ; dernières éditions 2015-06 à 2019-03
9386221B59470473521882,Banwa,0.0,0,0.0,0,0.0,0,0.0,0,0.0,0,0.0,0,MINFOF_WRI_ATLAS_FORESTIER_SIG_2018,paquet publié 2019-03 ; dernières éditions 2015-06 à 2019-03
9386221B4140050568988,Banka,0.0,0,0.0,0,0.0,0,0.0,0,9239.2,1,0.0,0,MINFOF_WRI_ATLAS_FORESTIER_SIG_2018,paquet publié 2019-03 ; dernières éditions 2015-06 à 2019-03
9386221B70820426842243,Bangourain,0.0,0,0.0,0,0.0,0,0.0,0,1166.3,1,0.0,0,MINFOF_WRI_ATLAS_FORESTIER_SIG_2018,paquet publié 2019-03 ; dernières éditions 2015-06 à 2019-03
9386221B64905947036525,Bangou,0.0,0,0.0,0,0.0,0,0.0,0,15584.2,4,0.0,0,MINFOF_WRI_ATLAS_FORESTIER_SIG_2018,paquet publié 2019-03 ; dernières éditions 2015-06 à 2019-03
9386221B50086624665316,Bana,0.0,0,0.0,0,0.0,0,0.0,0,8849.6,2,0.0,0,MINFOF_WRI_ATLAS_FORESTIER_SIG_2018,paquet publié 2019-03 ; dernières éditions 2015-06 à 2019-03
9386221B16898911948989,Bamendjou,0.0,0,0.0,0,0.0,0,0.0,0,12948.7,3,0.0,0,MINFOF_WRI_ATLAS_FORESTIER_SIG_2018,paquet publié 2019-03 ; dernières éditions 2015-06 à 2019-03
9386221B73412311901092,Balikumbat,0.0,0,0.0,0,0.0,0,0.0,0,0.0,0,0.0,0,MINFOF_WRI_ATLAS_FORESTIER_SIG_2018,paquet publié 2019-03 ; dernières éditions 2015-06 à 2019-03
9386221B7414256229789,Bali,0.0,0,0.0,0,0.0,0,0.0,0,0.0,0,0.0,0,MINFOF_WRI_ATLAS_FORESTIER_SIG_2018,paquet publié 2019-03 ; dernières éditions 2015-06 à 2019-03
9386221B23383906860590,Bakou,0.0,0,0.0,0,13.5,1,0.0,0,0.0,0,0.0,0,MINFOF_WRI_ATLAS_FORESTIER_SIG_2018,paquet publié 2019-03 ; dernières éditions 2015-06 à 2019-03
9386221B85177558697600,Bafoussam III,0.0,0,0.0,0,0.0,0,0.0,0,9056.8,3,0.0,0,MINFOF_WRI_ATLAS_FORESTIER_SIG_2018,paquet publié 2019-03 ; dernières éditions 2015-06 à 2019-03
9386221B1232759127079,Babessi,0.0,0,0.0,0,52.8,1,0.0,0,0.0,0,0.0,0,MINFOF_WRI_ATLAS_FORESTIER_SIG_2018,paquet publié 2019-03 ; dernières éditions 2015-06 à 2019-03
9386221B17144458864430,Awaé,0.0,0,0.0,0,6921.1,5,0.0,0,1739.7,1,0.0,0,MINFOF_WRI_ATLAS_FORESTIER_SIG_2018,paquet publié 2019-03 ; dernières éditions 2015-06 à 2019-03
9386221B52133051917416,Atok,28854.9,1,192.0,1,5508.9,3,0.0,0,5688.5,1,0.0,0,MINFOF_WRI_ATLAS_FORESTIER_SIG_2018,paquet publié 2019-03 ; dernières éditions 2015-06 à 2019-03
9386221B56926695389051,Andek,0.0,0,0.0,0,1381.5,1,0.0,0,0.0,0,0.0,0,MINFOF_WRI_ATLAS_FORESTIER_SIG_2018,paquet publié 2019-03 ; dernières éditions 2015-06 à 2019-03
9386221B80027112705333,Alou,171.9,1,0.0,0,0.0,0,1530.5,1,14758.7,2,0.0,0,MINFOF_WRI_ATLAS_FORESTIER_SIG_2018,paquet publié 2019-03 ; dernières éditions 2015-06 à 2019-03
9386221B59360466717937,Akono,0.0,0,0.6,1,0.0,0,0.0,0,1060.0,1,0.0,0,MINFOF_WRI_ATLAS_FORESTIER_SIG_2018,paquet publié 2019-03 ; dernières éditions 2015-06 à 2019-03
9386221B54980510946318,Akom II,29005.3,2,32108.9,3,27381.5,10,48125.1,1,104675.6,4,0.0,0,MINFOF_WRI_ATLAS_FORESTIER_SIG_2018,paquet publié 2019-03 ; dernières éditions 2015-06 à 2019-03
9386221B11002664391100,Abong-Mbang,28789.1,6,52498.6,2,21947.0,9,0.0,0,0.0,0,0.0,0,MINFOF_WRI_ATLAS_FORESTIER_SIG_2018,paquet publié 2019-03 ; dernières éditions 2015-06 à 2019-03
9386221B19870181654988,Datchéka,0.0,0,0.0,0,0.0,0,0.0,0,0.0,0,0.0,0,MINFOF_WRI_ATLAS_FORESTIER_SIG_2018,paquet publié 2019-03 ; dernières éditions 2015-06 à 2019-03
9386221B2927160517789,Kékem,0.0,0,0.0,0,0.0,0,0.0,0,0.0,0,0.0,0,MINFOF_WRI_ATLAS_FORESTIER_SIG_2018,paquet publié 2019-03 ; dernières éditions 2015-06 à 2019-03
9386221B8700999624976,Kalfou,0.0,0,0.0,0,0.0,0,0.0,0,0.0,0,0.0,0,MINFOF_WRI_ATLAS_FORESTIER_SIG_2018,paquet publié 2019-03 ; dernières éditions 2015-06 à 2019-03
9386221B49407975684578,Jakiri,0.0,0,0.0,0,0.0,0,0.0,0,0.0,0,0.0,0,MINFOF_WRI_ATLAS_FORESTIER_SIG_2018,paquet publié 2019-03 ; dernières éditions 2015-06 à 2019-03
9386221B67102516877537,Isanguele,0.0,0,0.0,0,0.0,0,18333.9,1,0.0,0,0.0,0,MINFOF_WRI_ATLAS_FORESTIER_SIG_2018,paquet publié 2019-03 ; dernières éditions 2015-06 à 2019-03
9386221B44003243479598,Idenau,0.0,0,0.0,0,262.7,1,19649.3,1,0.0,0,0.0,0,MINFOF_WRI_ATLAS_FORESTIER_SIG_2018,paquet publié 2019-03 ; dernières éditions 2015-06 à 2019-03
9386221B9418579396637,Idabato,0.0,0,0.0,0,0.0,0,11988.9,1,0.0,0,0.0,0,MINFOF_WRI_ATLAS_FORESTIER_SIG_2018,paquet publié 2019-03 ; dernières éditions 2015-06 à 2019-03
9386221B39773642764490,Hilé - Alifa,0.0,0,0.0,0,0.0,0,0.0,0,0.0,0,0.0,0,MINFOF_WRI_ATLAS_FORESTIER_SIG_2018,paquet publié 2019-03 ; dernières éditions 2015-06 à 2019-03
9386221B94640622657798,Guider,0.0,0,0.0,0,0.0,0,0.0,0,106047.5,3,0.0,0,MINFOF_WRI_ATLAS_FORESTIER_SIG_2018,paquet publié 2019-03 ; dernières éditions 2015-06 à 2019-03
9386221B55243571105857,Gobo,0.0,0,0.0,0,953.4,1,0.0,0,0.0,0,0.0,0,MINFOF_WRI_ATLAS_FORESTIER_SIG_2018,paquet publié 2019-03 ; dernières éditions 2015-06 à 2019-03
9386221B49150604315401,Gazawa,0.0,0,0.0,0,263.1,1,0.0,0,0.0,0,0.0,0,MINFOF_WRI_ATLAS_FORESTIER_SIG_2018,paquet publié 2019-03 ; dernières éditions 2015-06 à 2019-03
9386221B68625330517672,Garoua II,0.0,0,0.0,0,0.0,0,0.0,0,2057.8,1,0.0,0,MINFOF_WRI_ATLAS_FORESTIER_SIG_2018,paquet publié 2019-03 ; dernières éditions 2015-06 à 2019-03
9386221B20253498547252,Garoua I,0.0,0,0.0,0,0.0,0,0.0,0,1996.0,1,0.0,0,MINFOF_WRI_ATLAS_FORESTIER_SIG_2018,paquet publié 2019-03 ; dernières éditions 2015-06 à 2019-03
9386221B12783546794801,Gari-Gombo,167611.8,6,34675.6,2,49367.3,14,0.0,0,145068.6,4,0.0,0,MINFOF_WRI_ATLAS_FORESTIER_SIG_2018,paquet publié 2019-03 ; dernières éditions 2015-06 à 2019-03
9386221B7054821525392,Gachiga,0.0,0,0.0,0,10415.4,5,0.0,0,44036.2,1,0.0,0,MINFOF_WRI_ATLAS_FORESTIER_SIG_2018,paquet publié 2019-03 ; dernières éditions 2015-06 à 2019-03
9386221B83477091865567,Foumban,0.0,0,0.0,0,297.3,1,0.0,0,22385.6,1,0.0,0,MINFOF_WRI_ATLAS_FORESTIER_SIG_2018,paquet publié 2019-03 ; dernières éditions 2015-06 à 2019-03
9386221B46316017991506,Fotokol,0.0,0,0.0,0,0.0,0,0.0,0,0.0,0,0.0,0,MINFOF_WRI_ATLAS_FORESTIER_SIG_2018,paquet publié 2019-03 ; dernières éditions 2015-06 à 2019-03
9386221B74492421948677,Figuil,0.0,0,0.0,0,0.0,0,0.0,0,53151.0,3,30.7,2,MINFOF_WRI_ATLAS_FORESTIER_SIG_2018,paquet publié 2019-03 ; dernières éditions 2015-06 à 2019-03
9386221B99356149209388,Evodoula,0.0,0,0.0,0,0.0,0,0.0,0,32.9,1,0.0,0,MINFOF_WRI_ATLAS_FORESTIER_SIG_2018,paquet publié 2019-03 ; dernières éditions 2015-06 à 2019-03
9386221B95873935234935,Éséka,13747.0,2,658.2,3,11882.1,4,0.0,0,36739.0,2,0.0,0,MINFOF_WRI_ATLAS_FORESTIER_SIG_2018,paquet publié 2019-03 ; dernières éditions 2015-06 à 2019-03
9386221B91105582314493,Endom,0.0,0,0.0,0,9375.9,3,0.0,0,53280.3,3,0.0,0,MINFOF_WRI_ATLAS_FORESTIER_SIG_2018,paquet publié 2019-03 ; dernières éditions 2015-06 à 2019-03
9386221B24367359264110,Elak,0.0,0,0.0,0,4267.4,6,331.2,1,0.0,0,0.0,0,MINFOF_WRI_ATLAS_FORESTIER_SIG_2018,paquet publié 2019-03 ; dernières éditions 2015-06 à 2019-03
9386221B90884324129928,Édéa II,43535.5,1,0.0,0,5209.2,2,311.6,2,33032.6,1,0.0,0,MINFOF_WRI_ATLAS_FORESTIER_SIG_2018,paquet publié 2019-03 ; dernières éditions 2015-06 à 2019-03
9386221B54279120074144,Édéa I,10.4,2,584.0,1,0.0,0,37065.2,1,27593.5,1,0.0,0,MINFOF_WRI_ATLAS_FORESTIER_SIG_2018,paquet publié 2019-03 ; dernières éditions 2015-06 à 2019-03
9386221B35328439826691,Ebone,2439.9,1,0.0,0,0.0,0,0.0,0,22340.9,1,0.0,0,MINFOF_WRI_ATLAS_FORESTIER_SIG_2018,paquet publié 2019-03 ; dernières éditions 2015-06 à 2019-03
9386221B8445615710789,Ebebda,0.0,0,0.0,0,0.0,0,0.0,0,4005.9,1,0.0,0,MINFOF_WRI_ATLAS_FORESTIER_SIG_2018,paquet publié 2019-03 ; dernières éditions 2015-06 à 2019-03
9386221B39879304680772,Dzeng,0.0,0,20793.4,1,434.7,3,0.0,0,14546.0,2,0.0,0,MINFOF_WRI_ATLAS_FORESTIER_SIG_2018,paquet publié 2019-03 ; dernières éditions 2015-06 à 2019-03
9386221B56259764543168,Dschang,0.0,0,0.0,0,0.0,0,0.0,0,18762.0,1,0.0,0,MINFOF_WRI_ATLAS_FORESTIER_SIG_2018,paquet publié 2019-03 ; dernières éditions 2015-06 à 2019-03
9386221B37966220698587,Doumé,18283.2,2,53250.4,3,29446.3,16,0.0,0,0.0,0,0.0,0,MINFOF_WRI_ATLAS_FORESTIER_SIG_2018,paquet publié 2019-03 ; dernières éditions 2015-06 à 2019-03
9386221B18324110453831,Doumaintang,37349.6,2,49006.7,4,26533.9,13,0.0,0,0.0,0,0.0,0,MINFOF_WRI_ATLAS_FORESTIER_SIG_2018,paquet publié 2019-03 ; dernières éditions 2015-06 à 2019-03
9386221B90089366081240,Douala III,0.0,0,0.0,0,0.0,0,123.6,1,0.0,0,0.0,0,MINFOF_WRI_ATLAS_FORESTIER_SIG_2018,paquet publié 2019-03 ; dernières éditions 2015-06 à 2019-03
9386221B25211619894918,Douala II,0.0,0,0.0,0,0.0,0,0.0,0,0.0,0,0.0,0,MINFOF_WRI_ATLAS_FORESTIER_SIG_2018,paquet publié 2019-03 ; dernières éditions 2015-06 à 2019-03
9386221B53666537605784,Douala I,0.0,0,0.0,0,0.0,0,66.5,1,0.0,0,0.0,0,MINFOF_WRI_ATLAS_FORESTIER_SIG_2018,paquet publié 2019-03 ; dernières éditions 2015-06 à 2019-03
9386221B56269474384543,Dizangué,0.0,0,0.0,0,0.0,0,29572.8,2,0.0,0,0.0,0,MINFOF_WRI_ATLAS_FORESTIER_SIG_2018,paquet publié 2019-03 ; dernières éditions 2015-06 à 2019-03
9386221B37271729797840,Dimako,957.3,2,16008.3,4,36216.8,17,0.0,0,0.0,0,0.0,0,MINFOF_WRI_ATLAS_FORESTIER_SIG_2018,paquet publié 2019-03 ; dernières éditions 2015-06 à 2019-03
9386221B75550401149106,Dibombari,0.0,0,0.0,0,0.0,0,0.0,0,0.0,0,0.0,0,MINFOF_WRI_ATLAS_FORESTIER_SIG_2018,paquet publié 2019-03 ; dernières éditions 2015-06 à 2019-03
9386221B71477109713261,Dibang,0.0,0,9659.4,2,9.0,1,0.0,0,1731.7,1,0.0,0,MINFOF_WRI_ATLAS_FORESTIER_SIG_2018,paquet publié 2019-03 ; dernières éditions 2015-06 à 2019-03
9386221B8043626447015,Dibamba,31787.2,1,22.0,1,2788.7,2,629.7,1,23803.7,1,0.0,0,MINFOF_WRI_ATLAS_FORESTIER_SIG_2018,paquet publié 2019-03 ; dernières éditions 2015-06 à 2019-03
9386221B16651803685150,Diang,0.0,0,23.1,2,36177.5,16,100.8,1,0.0,0,0.0,0,MINFOF_WRI_ATLAS_FORESTIER_SIG_2018,paquet publié 2019-03 ; dernières éditions 2015-06 à 2019-03
9386221B51714275611940,Demding,0.0,0,0.0,0,0.0,0,0.0,0,4688.4,2,0.0,0,MINFOF_WRI_ATLAS_FORESTIER_SIG_2018,paquet publié 2019-03 ; dernières éditions 2015-06 à 2019-03
9386221B46085147008796,Dembo,0.0,0,0.0,0,0.0,0,0.0,0,15752.2,1,0.0,0,MINFOF_WRI_ATLAS_FORESTIER_SIG_2018,paquet publié 2019-03 ; dernières éditions 2015-06 à 2019-03
9386221B58524800443339,Darak,0.0,0,0.0,0,0.0,0,0.0,0,0.0,0,0.0,0,MINFOF_WRI_ATLAS_FORESTIER_SIG_2018,paquet publié 2019-03 ; dernières éditions 2015-06 à 2019-03
9386221B49194032263505,Buea,0.0,0,0.0,0,7187.0,3,15749.6,1,0.0,0,0.0,0,MINFOF_WRI_ATLAS_FORESTIER_SIG_2018,paquet publié 2019-03 ; dernières éditions 2015-06 à 2019-03
9386221B55088340014824,Bourha,0.0,0,0.0,0,0.0,0,0.0,0,7137.3,1,0.0,0,MINFOF_WRI_ATLAS_FORESTIER_SIG_2018,paquet publié 2019-03 ; dernières éditions 2015-06 à 2019-03
9386221B14010727305862,Bot-Makak,0.0,0,0.0,0,316.2,1,0.0,0,0.0,0,0.0,0,MINFOF_WRI_ATLAS_FORESTIER_SIG_2018,paquet publié 2019-03 ; dernières éditions 2015-06 à 2019-03
9386221B30894039862111,Bonaléa,0.0,0,0.0,0,4996.1,1,0.0,0,27298.7,3,0.0,0,MINFOF_WRI_ATLAS_FORESTIER_SIG_2018,paquet publié 2019-03 ; dernières éditions 2015-06 à 2019-03
9386221B75511298847900,Bogo,0.0,0,0.0,0,8308.8,3,0.0,0,0.0,0,0.0,0,MINFOF_WRI_ATLAS_FORESTIER_SIG_2018,paquet publié 2019-03 ; dernières éditions 2015-06 à 2019-03
9386221B63686862212730,Blangoua,0.0,0,0.0,0,0.0,0,0.0,0,0.0,0,0.0,0,MINFOF_WRI_ATLAS_FORESTIER_SIG_2018,paquet publié 2019-03 ; dernières éditions 2015-06 à 2019-03
9386221B27280428492001,Biyouha,0.0,0,60.6,1,0.0,0,0.0,0,17761.9,1,0.0,0,MINFOF_WRI_ATLAS_FORESTIER_SIG_2018,paquet publié 2019-03 ; dernières éditions 2015-06 à 2019-03
9386221B30772177913824,Biwong-Bané,2212.9,1,19426.5,3,0.0,0,0.0,0,5512.4,2,0.0,0,MINFOF_WRI_ATLAS_FORESTIER_SIG_2018,paquet publié 2019-03 ; dernières éditions 2015-06 à 2019-03
9386221B8422217320711,Bipindi,41026.4,6,33788.1,3,26441.3,10,0.0,0,100817.7,6,0.0,0,MINFOF_WRI_ATLAS_FORESTIER_SIG_2018,paquet publié 2019-03 ; dernières éditions 2015-06 à 2019-03
9386221B78288221055850,Bibey,64671.3,5,0.0,0,13181.4,4,0.0,0,886.7,1,0.0,0,MINFOF_WRI_ATLAS_FORESTIER_SIG_2018,paquet publié 2019-03 ; dernières éditions 2015-06 à 2019-03
9386221B8023957088863,Bertoua II,0.0,0,0.0,0,45.4,1,0.0,0,0.0,0,0.0,0,MINFOF_WRI_ATLAS_FORESTIER_SIG_2018,paquet publié 2019-03 ; dernières éditions 2015-06 à 2019-03
9386221B51081556140896,Bertoua I,0.0,0,0.0,0,4959.9,8,0.0,0,0.0,0,0.0,0,MINFOF_WRI_ATLAS_FORESTIER_SIG_2018,paquet publié 2019-03 ; dernières éditions 2015-06 à 2019-03
9386221B49844150240276,Bélabo,224844.9,4,1.3,1,114269.8,38,58891.2,1,65697.5,4,0.0,0,MINFOF_WRI_ATLAS_FORESTIER_SIG_2018,paquet publié 2019-03 ; dernières éditions 2015-06 à 2019-03
9386221B33389441443912,Bazou,0.0,0,0.0,0,0.0,0,0.0,0,15331.7,3,0.0,0,MINFOF_WRI_ATLAS_FORESTIER_SIG_2018,paquet publié 2019-03 ; dernières éditions 2015-06 à 2019-03
9386221B5277654027539,Bayangam,0.0,0,0.0,0,0.0,0,0.0,0,7713.7,4,0.0,0,MINFOF_WRI_ATLAS_FORESTIER_SIG_2018,paquet publié 2019-03 ; dernières éditions 2015-06 à 2019-03
9386221B62047908599091,Batié,0.0,0,0.0,0,0.0,0,0.0,0,7233.0,3,0.0,0,MINFOF_WRI_ATLAS_FORESTIER_SIG_2018,paquet publié 2019-03 ; dernières éditions 2015-06 à 2019-03
9386221B97595327714942,Batibo,0.0,0,0.0,0,0.0,0,0.0,0,0.0,0,0.0,0,MINFOF_WRI_ATLAS_FORESTIER_SIG_2018,paquet publié 2019-03 ; dernières éditions 2015-06 à 2019-03
9386221B66622647198337,Batcham,0.0,0,0.0,0,0.0,0,0.0,0,20664.9,3,0.0,0,MINFOF_WRI_ATLAS_FORESTIER_SIG_2018,paquet publié 2019-03 ; dernières éditions 2015-06 à 2019-03
9386221B54038015059464,Kribi I,0.0,0,0.0,0,2729.4,1,0.0,0,3985.8,1,0.0,0,MINFOF_WRI_ATLAS_FORESTIER_SIG_2018,paquet publié 2019-03 ; dernières éditions 2015-06 à 2019-03
9386221B72186674772599,Tignère,0.0,0,0.0,0,0.0,0,0.0,0,71613.9,2,0.0,0,MINFOF_WRI_ATLAS_FORESTIER_SIG_2018,paquet publié 2019-03 ; dernières éditions 2015-06 à 2019-03
