arrondissement_id,arrondissement_nom,nom_minfof_2018,departement,region,part_recouvrement_minfof,superficie_km2,pop_2025,densite_2025_hab_km2,pop_2026,densite_2026_hab_km2,type_donnee,source,source_limites
9386221B79807514363005,Ngaoundal,Ngaoundal,Djerem,Adamaoua,0.999,3710.87,79713,21.5,81423,21.9,ESTIMATION_MODELISEE,WORLDPOP_R2025A_CN_100M,GEOBOUNDARIES_CMR_ADM3_9469f09
9386221B19712168109098,Tabati,Tibati,Djerem,Adamaoua,1.0,9600.67,142774,14.9,146710,15.3,ESTIMATION_MODELISEE,WORLDPOP_R2025A_CN_100M,GEOBOUNDARIES_CMR_ADM3_9469f09
9386221B56423298576810,Galim-Tignère,Galim-Tignère,Faro - Et - Déo,Adamaoua,0.998,1806.95,33242,18.4,34104,18.9,ESTIMATION_MODELISEE,WORLDPOP_R2025A_CN_100M,GEOBOUNDARIES_CMR_ADM3_9469f09
9386221B83688438968911,Kontcha,Kontcha,Faro - Et - Déo,Adamaoua,0.909,393.39,4859,12.4,5013,12.7,ESTIMATION_MODELISEE,WORLDPOP_R2025A_CN_100M,GEOBOUNDARIES_CMR_ADM3_9469f09
9386221B75894342225273,Mayo-Baléo,Mayo-Baléo,Faro - Et - Déo,Adamaoua,0.996,3579.57,19852,5.5,20394,5.7,ESTIMATION_MODELISEE,WORLDPOP_R2025A_CN_100M,GEOBOUNDARIES_CMR_ADM3_9469f09
9386221B72186674772599,Tignère,Tignère,Faro - Et - Déo,Adamaoua,1.0,4872.09,76837,15.8,78673,16.1,ESTIMATION_MODELISEE,WORLDPOP_R2025A_CN_100M,GEOBOUNDARIES_CMR_ADM3_9469f09
9386221B49690610034766,Bankim,Bankim,Mayo-Banyo,Adamaoua,0.998,2442.41,109236,44.7,112027,45.9,ESTIMATION_MODELISEE,WORLDPOP_R2025A_CN_100M,GEOBOUNDARIES_CMR_ADM3_9469f09
9386221B95759817871556,Banyo,Banyo,Mayo-Banyo,Adamaoua,0.997,5066.49,173570,34.3,178041,35.1,ESTIMATION_MODELISEE,WORLDPOP_R2025A_CN_100M,GEOBOUNDARIES_CMR_ADM3_9469f09
9386221B6377751179039,Mayo-Darlé,Mayo-Darley,Mayo-Banyo,Adamaoua,0.997,965.98,45183,46.8,46219,47.8,ESTIMATION_MODELISEE,WORLDPOP_R2025A_CN_100M,GEOBOUNDARIES_CMR_ADM3_9469f09
9386221B24523978405317,Dir,Dir,Mbéré,Adamaoua,1.0,4911.46,32013,6.5,32773,6.7,ESTIMATION_MODELISEE,WORLDPOP_R2025A_CN_100M,GEOBOUNDARIES_CMR_ADM3_9469f09
9386221B43590333993773,Djohong,Djohong,Mbéré,Adamaoua,0.988,2470.52,28457,11.5,29228,11.8,ESTIMATION_MODELISEE,WORLDPOP_R2025A_CN_100M,GEOBOUNDARIES_CMR_ADM3_9469f09
9386221B62336518359995,Meiganga,Meiganga,Mbéré,Adamaoua,0.997,6761.1,225763,33.4,231479,34.2,ESTIMATION_MODELISEE,WORLDPOP_R2025A_CN_100M,GEOBOUNDARIES_CMR_ADM3_9469f09
9386221B20856421798014,Ngaoui,Ngaoui,Mbéré,Adamaoua,0.967,266.59,14988,56.2,15352,57.6,ESTIMATION_MODELISEE,WORLDPOP_R2025A_CN_100M,GEOBOUNDARIES_CMR_ADM3_9469f09
9386221B86555112377323,Bélel,Bélél,Vina,Adamaoua,0.999,2029.97,33861,16.7,34604,17.0,ESTIMATION_MODELISEE,WORLDPOP_R2025A_CN_100M,GEOBOUNDARIES_CMR_ADM3_9469f09
9386221B45425107612408,Martap,Martap,Vina,Adamaoua,1.0,4627.77,44771,9.7,45724,9.9,ESTIMATION_MODELISEE,WORLDPOP_R2025A_CN_100M,GEOBOUNDARIES_CMR_ADM3_9469f09
9386221B22617176648961,Mbé,Mbé,Vina,Adamaoua,1.0,1716.95,25234,14.7,25919,15.1,ESTIMATION_MODELISEE,WORLDPOP_R2025A_CN_100M,GEOBOUNDARIES_CMR_ADM3_9469f09
9386221B27808303815769,Ngan'ha,Nganha,Vina,Adamaoua,1.0,2077.82,46010,22.1,47005,22.6,ESTIMATION_MODELISEE,WORLDPOP_R2025A_CN_100M,GEOBOUNDARIES_CMR_ADM3_9469f09
9386221B41429831054042,Ngaoundéré I,Ngaoundéré 1,Vina,Adamaoua,0.998,323.79,155334,479.7,159615,493.0,ESTIMATION_MODELISEE,WORLDPOP_R2025A_CN_100M,GEOBOUNDARIES_CMR_ADM3_9469f09
9386221B60959306764795,Ngaoundéré II,Ngaoundéré 2,Vina,Adamaoua,1.0,257.14,167222,650.3,171811,668.2,ESTIMATION_MODELISEE,WORLDPOP_R2025A_CN_100M,GEOBOUNDARIES_CMR_ADM3_9469f09
9386221B16773551692395,Ngaoundéré III,Ngaoundéré 3,Vina,Adamaoua,1.0,237.59,32413,136.4,33244,139.9,ESTIMATION_MODELISEE,WORLDPOP_R2025A_CN_100M,GEOBOUNDARIES_CMR_ADM3_9469f09
9386221B63558016528388,Nyambaka,Nyambaka,Vina,Adamaoua,0.999,5875.02,53733,9.1,54854,9.3,ESTIMATION_MODELISEE,WORLDPOP_R2025A_CN_100M,GEOBOUNDARIES_CMR_ADM3_9469f09
9386221B56027412894684,Yaoundé I,Yaoundé 1, Mfoundi,Centre,0.891,56.18,232906,4145.8,240166,4275.0,ESTIMATION_MODELISEE,WORLDPOP_R2025A_CN_100M,GEOBOUNDARIES_CMR_ADM3_9469f09
9386221B66762903352612,Yaoundé II,Yaoundé 2, Mfoundi,Centre,0.908,22.96,114915,5005.9,118396,5157.6,ESTIMATION_MODELISEE,WORLDPOP_R2025A_CN_100M,GEOBOUNDARIES_CMR_ADM3_9469f09
9386221B385560552798,Yaoundé III,Yaoundé 3, Mfoundi,Centre,0.966,68.16,712407,10452.1,734934,10782.6,ESTIMATION_MODELISEE,WORLDPOP_R2025A_CN_100M,GEOBOUNDARIES_CMR_ADM3_9469f09
9386221B61842396914424,Yaoundé IV,Yaoundé 4, Mfoundi,Centre,0.955,58.8,1275970,21700.5,1315640,22375.2,ESTIMATION_MODELISEE,WORLDPOP_R2025A_CN_100M,GEOBOUNDARIES_CMR_ADM3_9469f09
9386221B47531248617039,Yaoundé V,Yaoundé 5, Mfoundi,Centre,0.948,25.85,256615,9926.6,263953,10210.5,ESTIMATION_MODELISEE,WORLDPOP_R2025A_CN_100M,GEOBOUNDARIES_CMR_ADM3_9469f09
9386221B408891228510,Yaoundé VI,Yaoundé 6, Mfoundi,Centre,0.951,22.16,592945,26763.0,611043,27579.9,ESTIMATION_MODELISEE,WORLDPOP_R2025A_CN_100M,GEOBOUNDARIES_CMR_ADM3_9469f09
9386221B18291950390240,Yaoundé VII,Yaoundé 7, Mfoundi,Centre,0.897,35.31,143986,4078.0,148833,4215.2,ESTIMATION_MODELISEE,WORLDPOP_R2025A_CN_100M,GEOBOUNDARIES_CMR_ADM3_9469f09
9386221B78288221055850,Bibey,Bibé,Haute - Sanaga,Centre,0.997,1236.99,8070,6.5,8344,6.7,ESTIMATION_MODELISEE,WORLDPOP_R2025A_CN_100M,GEOBOUNDARIES_CMR_ADM3_9469f09
9386221B12871175619007,Lembe Yezoum,Lembe,Haute - Sanaga,Centre,1.0,1018.15,10493,10.3,10801,10.6,ESTIMATION_MODELISEE,WORLDPOP_R2025A_CN_100M,GEOBOUNDARIES_CMR_ADM3_9469f09
9386221B58725943813912,Mbandjock,Mbandjock,Haute - Sanaga,Centre,0.999,936.19,39821,42.5,41035,43.8,ESTIMATION_MODELISEE,WORLDPOP_R2025A_CN_100M,GEOBOUNDARIES_CMR_ADM3_9469f09
9386221B72803640031739,Minta,Minta,Haute - Sanaga,Centre,0.999,2063.1,21674,10.5,22361,10.8,ESTIMATION_MODELISEE,WORLDPOP_R2025A_CN_100M,GEOBOUNDARIES_CMR_ADM3_9469f09
9386221B30079152631265,Nanga-Eboko,Nanga-Eboko,Haute - Sanaga,Centre,0.997,5396.81,63399,11.7,65566,12.1,ESTIMATION_MODELISEE,WORLDPOP_R2025A_CN_100M,GEOBOUNDARIES_CMR_ADM3_9469f09
9386221B5549911640036,Nkoteng,Nkoteng,Haute - Sanaga,Centre,0.997,762.51,39957,52.4,41247,54.1,ESTIMATION_MODELISEE,WORLDPOP_R2025A_CN_100M,GEOBOUNDARIES_CMR_ADM3_9469f09
9386221B29439611167518,Nsem,Nsem,Haute - Sanaga,Centre,0.995,320.44,9331,29.1,9646,30.1,ESTIMATION_MODELISEE,WORLDPOP_R2025A_CN_100M,GEOBOUNDARIES_CMR_ADM3_9469f09
9386221B67921036823798,Batchenga,Batchenga,Lékié,Centre,0.99,233.74,8421,36.0,8734,37.4,ESTIMATION_MODELISEE,WORLDPOP_R2025A_CN_100M,GEOBOUNDARIES_CMR_ADM3_9469f09
9386221B8445615710789,Ebebda,Ebebda,Lékié,Centre,0.975,217.87,18388,84.4,18979,87.1,ESTIMATION_MODELISEE,WORLDPOP_R2025A_CN_100M,GEOBOUNDARIES_CMR_ADM3_9469f09
9386221B4228377683115,Elig-Mfomo,Elig-Mfomo,Lékié,Centre,0.976,203.16,16372,80.6,16891,83.1,ESTIMATION_MODELISEE,WORLDPOP_R2025A_CN_100M,GEOBOUNDARIES_CMR_ADM3_9469f09
9386221B99356149209388,Evodoula,Evodoula,Lékié,Centre,0.988,184.09,12215,66.4,12595,68.4,ESTIMATION_MODELISEE,WORLDPOP_R2025A_CN_100M,GEOBOUNDARIES_CMR_ADM3_9469f09
9386221B69382232714258,Lobo,Lobo,Lékié,Centre,1.0,302.43,9679,32.0,9978,33.0,ESTIMATION_MODELISEE,WORLDPOP_R2025A_CN_100M,GEOBOUNDARIES_CMR_ADM3_9469f09
9386221B5949331525630,Monatélé,Monatélé,Lékié,Centre,0.961,415.89,33048,79.5,34102,82.0,ESTIMATION_MODELISEE,WORLDPOP_R2025A_CN_100M,GEOBOUNDARIES_CMR_ADM3_9469f09
9386221B43764539734094,Obala,Obala,Lékié,Centre,0.992,400.6,63332,158.1,65456,163.4,ESTIMATION_MODELISEE,WORLDPOP_R2025A_CN_100M,GEOBOUNDARIES_CMR_ADM3_9469f09
9386221B26371273513281,Okala,Okola,Lékié,Centre,0.997,577.96,48806,84.4,50466,87.3,ESTIMATION_MODELISEE,WORLDPOP_R2025A_CN_100M,GEOBOUNDARIES_CMR_ADM3_9469f09
9386221B53456133696336,Sa'a,Sa'a,Lékié,Centre,0.99,500.7,39251,78.4,40483,80.9,ESTIMATION_MODELISEE,WORLDPOP_R2025A_CN_100M,GEOBOUNDARIES_CMR_ADM3_9469f09
9386221B67742438381032,Bafia,Bafia,Mbam - Et - Inoubou,Centre,0.988,238.94,107467,449.8,110925,464.2,ESTIMATION_MODELISEE,WORLDPOP_R2025A_CN_100M,GEOBOUNDARIES_CMR_ADM3_9469f09
9386221B25127746311543,Bokito,Bokito,Mbam - Et - Inoubou,Centre,0.979,1509.24,72235,47.9,74583,49.4,ESTIMATION_MODELISEE,WORLDPOP_R2025A_CN_100M,GEOBOUNDARIES_CMR_ADM3_9469f09
9386221B29514066115612,Deuk,Deuk,Mbam - Et - Inoubou,Centre,0.98,1447.37,20149,13.9,20795,14.4,ESTIMATION_MODELISEE,WORLDPOP_R2025A_CN_100M,GEOBOUNDARIES_CMR_ADM3_9469f09
9386221B32510517972277,Kiiki,Kikki,Mbam - Et - Inoubou,Centre,0.853,227.83,28798,126.4,29771,130.7,ESTIMATION_MODELISEE,WORLDPOP_R2025A_CN_100M,GEOBOUNDARIES_CMR_ADM3_9469f09
9386221B75309730271740,Kon-Yambetta,Kom-Yambette,Mbam - Et - Inoubou,Centre,0.956,349.51,15680,44.9,16194,46.3,ESTIMATION_MODELISEE,WORLDPOP_R2025A_CN_100M,GEOBOUNDARIES_CMR_ADM3_9469f09
9386221B61437409238039,Makenene,Makenene,Mbam - Et - Inoubou,Centre,0.843,703.33,21502,30.6,22176,31.5,ESTIMATION_MODELISEE,WORLDPOP_R2025A_CN_100M,GEOBOUNDARIES_CMR_ADM3_9469f09
9386221B20872293533927,Ndikiniméki,Ndikinimeki,Mbam - Et - Inoubou,Centre,0.955,1825.05,24230,13.3,24978,13.7,ESTIMATION_MODELISEE,WORLDPOP_R2025A_CN_100M,GEOBOUNDARIES_CMR_ADM3_9469f09
9386221B93171671675952,Nitoukou,Nitoukou,Mbam - Et - Inoubou,Centre,0.593,170.92,6738,39.4,6957,40.7,ESTIMATION_MODELISEE,WORLDPOP_R2025A_CN_100M,GEOBOUNDARIES_CMR_ADM3_9469f09
9386221B77875599033444,Ombessa,Ombessa,Mbam - Et - Inoubou,Centre,0.914,359.32,71554,199.1,73909,205.7,ESTIMATION_MODELISEE,WORLDPOP_R2025A_CN_100M,GEOBOUNDARIES_CMR_ADM3_9469f09
9386221B55468648796943,Mbangassina,Mbangassina,Mbam - Et - Kim,Centre,0.982,484.58,34759,71.7,35884,74.1,ESTIMATION_MODELISEE,WORLDPOP_R2025A_CN_100M,GEOBOUNDARIES_CMR_ADM3_9469f09
9386221B4287274397308,Ngambé-Tikar,Ngambé-Tikar,Mbam - Et - Kim,Centre,0.991,6901.49,25330,3.7,26160,3.8,ESTIMATION_MODELISEE,WORLDPOP_R2025A_CN_100M,GEOBOUNDARIES_CMR_ADM3_9469f09
9386221B86637045345596,Ngoro,Ngoro,Mbam - Et - Kim,Centre,0.88,1990.88,56300,28.3,58153,29.2,ESTIMATION_MODELISEE,WORLDPOP_R2025A_CN_100M,GEOBOUNDARIES_CMR_ADM3_9469f09
9386221B82954047932439,Ntui,Ntui,Mbam - Et - Kim,Centre,0.998,993.68,57367,57.7,59183,59.6,ESTIMATION_MODELISEE,WORLDPOP_R2025A_CN_100M,GEOBOUNDARIES_CMR_ADM3_9469f09
9386221B59641412270036,Yoko,Yoko,Mbam - Et - Kim,Centre,0.997,15689.6,27237,1.7,28115,1.8,ESTIMATION_MODELISEE,WORLDPOP_R2025A_CN_100M,GEOBOUNDARIES_CMR_ADM3_9469f09
9386221B36296170087254,Afanloum,Afanloum,Méfou - Et - Afamba,Centre,1.0,252.93,1693,6.7,1741,6.9,ESTIMATION_MODELISEE,WORLDPOP_R2025A_CN_100M,GEOBOUNDARIES_CMR_ADM3_9469f09
9386221B17144458864430,Awaé,Awaé,Méfou - Et - Afamba,Centre,1.0,532.19,13496,25.4,13886,26.1,ESTIMATION_MODELISEE,WORLDPOP_R2025A_CN_100M,GEOBOUNDARIES_CMR_ADM3_9469f09
9386221B13087768970477,Edzendouan,Edzendoum,Méfou - Et - Afamba,Centre,0.999,403.5,4847,12.0,4988,12.4,ESTIMATION_MODELISEE,WORLDPOP_R2025A_CN_100M,GEOBOUNDARIES_CMR_ADM3_9469f09
9386221B89727534765120,Esse,Esse,Méfou - Et - Afamba,Centre,1.0,838.9,11125,13.3,11436,13.6,ESTIMATION_MODELISEE,WORLDPOP_R2025A_CN_100M,GEOBOUNDARIES_CMR_ADM3_9469f09
9386221B43080782869533,Mfou,Mfou,Méfou - Et - Afamba,Centre,0.999,499.93,96078,192.2,99862,199.8,ESTIMATION_MODELISEE,WORLDPOP_R2025A_CN_100M,GEOBOUNDARIES_CMR_ADM3_9469f09
9386221B53910864133927,Nkolafamba,Nkolafamba,Méfou - Et - Afamba,Centre,0.996,329.47,477655,1449.8,495120,1502.8,ESTIMATION_MODELISEE,WORLDPOP_R2025A_CN_100M,GEOBOUNDARIES_CMR_ADM3_9469f09
9386221B73833622274128,Olanguina,Olanguina,Méfou - Et - Afamba,Centre,0.999,230.05,3005,13.1,3090,13.4,ESTIMATION_MODELISEE,WORLDPOP_R2025A_CN_100M,GEOBOUNDARIES_CMR_ADM3_9469f09
9386221B87256972137423,Soa,Soa,Méfou - Et - Afamba,Centre,0.991,272.25,107886,396.3,111767,410.5,ESTIMATION_MODELISEE,WORLDPOP_R2025A_CN_100M,GEOBOUNDARIES_CMR_ADM3_9469f09
9386221B59360466717937,Akono,Akono,Méfou - Et - Akono,Centre,0.876,182.75,13954,76.4,14378,78.7,ESTIMATION_MODELISEE,WORLDPOP_R2025A_CN_100M,GEOBOUNDARIES_CMR_ADM3_9469f09
9386221B89274956330401,Bikok,Bikok,Méfou - Et - Akono,Centre,0.973,458.42,40344,88.0,41739,91.1,ESTIMATION_MODELISEE,WORLDPOP_R2025A_CN_100M,GEOBOUNDARIES_CMR_ADM3_9469f09
9386221B74669662055671,Mbankomo,Mbankomo,Méfou - Et - Akono,Centre,0.995,445.05,197817,444.5,205878,462.6,ESTIMATION_MODELISEE,WORLDPOP_R2025A_CN_100M,GEOBOUNDARIES_CMR_ADM3_9469f09
9386221B17458890045458,Ngoumou,Ngoumou,Méfou - Et - Akono,Centre,1.0,250.03,19379,77.5,19952,79.8,ESTIMATION_MODELISEE,WORLDPOP_R2025A_CN_100M,GEOBOUNDARIES_CMR_ADM3_9469f09
9386221B27280428492001,Biyouha,Biyouha,Nyong - Et - Kéllé,Centre,0.964,203.74,3938,19.3,4028,19.8,ESTIMATION_MODELISEE,WORLDPOP_R2025A_CN_100M,GEOBOUNDARIES_CMR_ADM3_9469f09
9386221B94928335677765,Bondjock,Bondjock,Nyong - Et - Kéllé,Centre,1.0,283.96,8890,31.3,9078,32.0,ESTIMATION_MODELISEE,WORLDPOP_R2025A_CN_100M,GEOBOUNDARIES_CMR_ADM3_9469f09
9386221B14010727305862,Bot-Makak,Bot-Makak,Nyong - Et - Kéllé,Centre,0.992,467.88,27769,59.4,28363,60.6,ESTIMATION_MODELISEE,WORLDPOP_R2025A_CN_100M,GEOBOUNDARIES_CMR_ADM3_9469f09
9386221B71477109713261,Dibang,Dibang,Nyong - Et - Kéllé,Centre,0.991,467.08,17798,38.1,18194,39.0,ESTIMATION_MODELISEE,WORLDPOP_R2025A_CN_100M,GEOBOUNDARIES_CMR_ADM3_9469f09
9386221B85452461544268,Makak,Makak,Nyong - Et - Kéllé,Centre,0.999,1002.91,38609,38.5,39446,39.3,ESTIMATION_MODELISEE,WORLDPOP_R2025A_CN_100M,GEOBOUNDARIES_CMR_ADM3_9469f09
9386221B1245925446026,Matomb,Matomb,Nyong - Et - Kéllé,Centre,1.0,593.31,22994,38.8,23513,39.6,ESTIMATION_MODELISEE,WORLDPOP_R2025A_CN_100M,GEOBOUNDARIES_CMR_ADM3_9469f09
9386221B95176650211537,Messondo,Messondo,Nyong - Et - Kéllé,Centre,0.993,1944.07,28899,14.9,29499,15.2,ESTIMATION_MODELISEE,WORLDPOP_R2025A_CN_100M,GEOBOUNDARIES_CMR_ADM3_9469f09
9386221B76190049410209,Ngog-Mapubi,Ngog-Mapubi,Nyong - Et - Kéllé,Centre,1.0,271.34,16282,60.0,16662,61.4,ESTIMATION_MODELISEE,WORLDPOP_R2025A_CN_100M,GEOBOUNDARIES_CMR_ADM3_9469f09
9386221B67839957602205,Nguibassal,Nguibassal,Nyong - Et - Kéllé,Centre,0.973,279.07,11656,41.8,11894,42.6,ESTIMATION_MODELISEE,WORLDPOP_R2025A_CN_100M,GEOBOUNDARIES_CMR_ADM3_9469f09
9386221B95873935234935,Éséka,Eséka,Nyong - Et - Kéllé,Centre,0.998,840.05,37482,44.6,38293,45.6,ESTIMATION_MODELISEE,WORLDPOP_R2025A_CN_100M,GEOBOUNDARIES_CMR_ADM3_9469f09
9386221B37954164953849,Akonolinga,Akonolinga,Nyong - Et - Mfoumou,Centre,0.992,2848.1,98878,34.7,102067,35.8,ESTIMATION_MODELISEE,WORLDPOP_R2025A_CN_100M,GEOBOUNDARIES_CMR_ADM3_9469f09
9386221B58704710272868,Ayos,Ayos,Nyong - Et - Mfoumou,Centre,0.994,1649.58,49564,30.0,51147,31.0,ESTIMATION_MODELISEE,WORLDPOP_R2025A_CN_100M,GEOBOUNDARIES_CMR_ADM3_9469f09
9386221B91105582314493,Endom,Endom,Nyong - Et - Mfoumou,Centre,0.987,836.15,29452,35.2,30405,36.4,ESTIMATION_MODELISEE,WORLDPOP_R2025A_CN_100M,GEOBOUNDARIES_CMR_ADM3_9469f09
9386221B86425664382828,Kobdombo,Kobdombo,Nyong - Et - Mfoumou,Centre,0.998,286.01,11908,41.6,12309,43.0,ESTIMATION_MODELISEE,WORLDPOP_R2025A_CN_100M,GEOBOUNDARIES_CMR_ADM3_9469f09
9386221B66792817741098,Mengang,Mengang,Nyong - Et - Mfoumou,Centre,0.992,511.3,13083,25.6,13517,26.4,ESTIMATION_MODELISEE,WORLDPOP_R2025A_CN_100M,GEOBOUNDARIES_CMR_ADM3_9469f09
9386221B18243073945100,Akoéman,Akoeman,Nyong - Et - So'o,Centre,1.0,663.95,7650,11.5,7722,11.6,ESTIMATION_MODELISEE,WORLDPOP_R2025A_CN_100M,GEOBOUNDARIES_CMR_ADM3_9469f09
9386221B39879304680772,Dzeng,Dzeng,Nyong - Et - So'o,Centre,0.995,763.17,13456,17.6,13614,17.8,ESTIMATION_MODELISEE,WORLDPOP_R2025A_CN_100M,GEOBOUNDARIES_CMR_ADM3_9469f09
9386221B58745723770454,Mbalmayo,Mbalmayo,Nyong - Et - So'o,Centre,0.991,494.3,69181,140.0,69923,141.5,ESTIMATION_MODELISEE,WORLDPOP_R2025A_CN_100M,GEOBOUNDARIES_CMR_ADM3_9469f09
9386221B93294394992231,Mengueme,Mengueme,Nyong - Et - So'o,Centre,0.994,532.19,11737,22.1,11846,22.3,ESTIMATION_MODELISEE,WORLDPOP_R2025A_CN_100M,GEOBOUNDARIES_CMR_ADM3_9469f09
9386221B50506655196067,Ngomedzap,Ngomedzap,Nyong - Et - So'o,Centre,0.995,660.31,21009,31.8,21210,32.1,ESTIMATION_MODELISEE,WORLDPOP_R2025A_CN_100M,GEOBOUNDARIES_CMR_ADM3_9469f09
9386221B18747608346686,Nkol-Métet,Nkolmetet,Nyong - Et - So'o,Centre,0.984,475.63,14681,30.9,14825,31.2,ESTIMATION_MODELISEE,WORLDPOP_R2025A_CN_100M,GEOBOUNDARIES_CMR_ADM3_9469f09
9386221B12783546794801,Gari-Gombo,Gari-Gombo,Boumba - Et - Ngoko,Est,0.997,3453.13,21044,6.1,21551,6.2,ESTIMATION_MODELISEE,WORLDPOP_R2025A_CN_100M,GEOBOUNDARIES_CMR_ADM3_9469f09
9386221B64770974028815,Mouloundou,Moloundou,Boumba - Et - Ngoko,Est,0.996,9951.09,37539,3.8,38462,3.9,ESTIMATION_MODELISEE,WORLDPOP_R2025A_CN_100M,GEOBOUNDARIES_CMR_ADM3_9469f09
9386221B27515073075422,Salapoumbé,Salapoumbé,Boumba - Et - Ngoko,Est,0.998,5501.94,26647,4.8,27362,5.0,ESTIMATION_MODELISEE,WORLDPOP_R2025A_CN_100M,GEOBOUNDARIES_CMR_ADM3_9469f09
9386221B14880096394558,Yokadouma,Yokadouma,Boumba - Et - Ngoko,Est,0.999,12847.39,107199,8.3,109910,8.6,ESTIMATION_MODELISEE,WORLDPOP_R2025A_CN_100M,GEOBOUNDARIES_CMR_ADM3_9469f09
9386221B11002664391100,Abong-Mbang,Abong Mbang,Haut - Nyong,Est,0.995,1695.98,50457,29.8,51909,30.6,ESTIMATION_MODELISEE,WORLDPOP_R2025A_CN_100M,GEOBOUNDARIES_CMR_ADM3_9469f09
9386221B48792868038204,Angossas,Angossas,Haut - Nyong,Est,0.999,404.83,23646,58.4,24281,60.0,ESTIMATION_MODELISEE,WORLDPOP_R2025A_CN_100M,GEOBOUNDARIES_CMR_ADM3_9469f09
9386221B52133051917416,Atok,Atok,Haut - Nyong,Est,0.974,889.67,22156,24.9,22716,25.5,ESTIMATION_MODELISEE,WORLDPOP_R2025A_CN_100M,GEOBOUNDARIES_CMR_ADM3_9469f09
9386221B37271729797840,Dimako,Dimako,Haut - Nyong,Est,0.999,721.41,23801,33.0,24449,33.9,ESTIMATION_MODELISEE,WORLDPOP_R2025A_CN_100M,GEOBOUNDARIES_CMR_ADM3_9469f09
9386221B18324110453831,Doumaintang,Doumetang,Haut - Nyong,Est,0.997,1910.97,24380,12.8,25033,13.1,ESTIMATION_MODELISEE,WORLDPOP_R2025A_CN_100M,GEOBOUNDARIES_CMR_ADM3_9469f09
9386221B37966220698587,Doumé,Doumé,Haut - Nyong,Est,1.0,1203.4,24444,20.3,25072,20.8,ESTIMATION_MODELISEE,WORLDPOP_R2025A_CN_100M,GEOBOUNDARIES_CMR_ADM3_9469f09
9386221B58945663298382,Lomié,Lomié,Haut - Nyong,Est,0.998,7313.12,33902,4.6,34646,4.7,ESTIMATION_MODELISEE,WORLDPOP_R2025A_CN_100M,GEOBOUNDARIES_CMR_ADM3_9469f09
9386221B43096066125495,Mboma, Mboma,Haut - Nyong,Est,0.998,194.83,14260,73.2,14621,75.0,ESTIMATION_MODELISEE,WORLDPOP_R2025A_CN_100M,GEOBOUNDARIES_CMR_ADM3_9469f09
9386221B82613512248769,Messaména,Messaména,Haut - Nyong,Est,1.0,3103.05,41442,13.4,42430,13.7,ESTIMATION_MODELISEE,WORLDPOP_R2025A_CN_100M,GEOBOUNDARIES_CMR_ADM3_9469f09
9386221B68314986466248,Messock,Messok,Haut - Nyong,Est,0.997,2638.14,9270,3.5,9471,3.6,ESTIMATION_MODELISEE,WORLDPOP_R2025A_CN_100M,GEOBOUNDARIES_CMR_ADM3_9469f09
9386221B73164883386561,Mindourou,Mindourou,Haut - Nyong,Est,0.999,5338.67,11217,2.1,11481,2.2,ESTIMATION_MODELISEE,WORLDPOP_R2025A_CN_100M,GEOBOUNDARIES_CMR_ADM3_9469f09
9386221B65663858061851,Ngoyla,Ngoila,Haut - Nyong,Est,0.996,7817.16,7796,1.0,7972,1.0,ESTIMATION_MODELISEE,WORLDPOP_R2025A_CN_100M,GEOBOUNDARIES_CMR_ADM3_9469f09
9386221B10676195344752,Nguelemendouka,Nguelemendouka,Haut - Nyong,Est,1.0,1057.87,34755,32.9,35580,33.6,ESTIMATION_MODELISEE,WORLDPOP_R2025A_CN_100M,GEOBOUNDARIES_CMR_ADM3_9469f09
9386221B27682953548851,Somalomo,Somalomo,Haut - Nyong,Est,0.998,1762.77,6825,3.9,6982,4.0,ESTIMATION_MODELISEE,WORLDPOP_R2025A_CN_100M,GEOBOUNDARIES_CMR_ADM3_9469f09
9386221B69502983306293,Batouri,Batouri,Kadeï,Est,1.0,3710.26,137169,37.0,140878,38.0,ESTIMATION_MODELISEE,WORLDPOP_R2025A_CN_100M,GEOBOUNDARIES_CMR_ADM3_9469f09
9386221B45326950687577,Kentzou,Kentzou,Kadeï,Est,0.989,1014.03,38491,38.0,39389,38.8,ESTIMATION_MODELISEE,WORLDPOP_R2025A_CN_100M,GEOBOUNDARIES_CMR_ADM3_9469f09
9386221B55011074826496,Kétté,Kétté,Kadeï,Est,0.998,1943.03,47131,24.3,48296,24.9,ESTIMATION_MODELISEE,WORLDPOP_R2025A_CN_100M,GEOBOUNDARIES_CMR_ADM3_9469f09
9386221B33572677015820,Mbang,Mbang,Kadeï,Est,0.999,5324.53,32328,6.1,33044,6.2,ESTIMATION_MODELISEE,WORLDPOP_R2025A_CN_100M,GEOBOUNDARIES_CMR_ADM3_9469f09
9386221B22697281755042,Ndélélé,Ndélélé,Kadeï,Est,0.997,1983.56,33470,16.9,34211,17.2,ESTIMATION_MODELISEE,WORLDPOP_R2025A_CN_100M,GEOBOUNDARIES_CMR_ADM3_9469f09
9386221B37676907577094,Nguélébok,Nguélébok,Kadeï,Est,0.998,1488.53,11965,8.0,12275,8.2,ESTIMATION_MODELISEE,WORLDPOP_R2025A_CN_100M,GEOBOUNDARIES_CMR_ADM3_9469f09
9386221B21402585210419,Ouli, Mbotoro,Kadeï,Est,0.995,659.08,7465,11.3,7687,11.7,ESTIMATION_MODELISEE,WORLDPOP_R2025A_CN_100M,GEOBOUNDARIES_CMR_ADM3_9469f09
9386221B51081556140896,Bertoua I,Bertoua 1,Lom - Et - Djerem,Est,1.0,167.56,98547,588.1,101131,603.6,ESTIMATION_MODELISEE,WORLDPOP_R2025A_CN_100M,GEOBOUNDARIES_CMR_ADM3_9469f09
9386221B8023957088863,Bertoua II,Bertoua 2,Lom - Et - Djerem,Est,1.0,91.14,117133,1285.2,120283,1319.8,ESTIMATION_MODELISEE,WORLDPOP_R2025A_CN_100M,GEOBOUNDARIES_CMR_ADM3_9469f09
9386221B49844150240276,Bélabo,Belabo,Lom - Et - Djerem,Est,1.0,6641.19,41774,6.3,42751,6.4,ESTIMATION_MODELISEE,WORLDPOP_R2025A_CN_100M,GEOBOUNDARIES_CMR_ADM3_9469f09
9386221B82666420307712,Bétaré-Oya,Bétaré Oya,Lom - Et - Djerem,Est,0.998,11754.3,58987,5.0,60265,5.1,ESTIMATION_MODELISEE,WORLDPOP_R2025A_CN_100M,GEOBOUNDARIES_CMR_ADM3_9469f09
9386221B16651803685150,Diang,Diang,Lom - Et - Djerem,Est,1.0,826.46,11694,14.1,11923,14.4,ESTIMATION_MODELISEE,WORLDPOP_R2025A_CN_100M,GEOBOUNDARIES_CMR_ADM3_9469f09
9386221B24384451871957,Garoua-Boulaï,Garoua Boulaï,Lom - Et - Djerem,Est,0.994,2221.27,72169,32.5,73998,33.3,ESTIMATION_MODELISEE,WORLDPOP_R2025A_CN_100M,GEOBOUNDARIES_CMR_ADM3_9469f09
9386221B80147153922778,Mandjou,Mandjou,Lom - Et - Djerem,Est,1.0,2643.16,41284,15.6,42442,16.1,ESTIMATION_MODELISEE,WORLDPOP_R2025A_CN_100M,GEOBOUNDARIES_CMR_ADM3_9469f09
9386221B78668613240419,Ngoura,Ngoura,Lom - Et - Djerem,Est,0.999,1719.04,17459,10.2,17856,10.4,ESTIMATION_MODELISEE,WORLDPOP_R2025A_CN_100M,GEOBOUNDARIES_CMR_ADM3_9469f09
9386221B75511298847900,Bogo,Bogo,Diamaré,Extrême - Nord,1.0,1016.46,122812,120.8,126047,124.0,ESTIMATION_MODELISEE,WORLDPOP_R2025A_CN_100M,GEOBOUNDARIES_CMR_ADM3_9469f09
9386221B64959093504079,Dargala,Dargala,Diamaré,Extrême - Nord,0.997,388.75,51673,132.9,52996,136.3,ESTIMATION_MODELISEE,WORLDPOP_R2025A_CN_100M,GEOBOUNDARIES_CMR_ADM3_9469f09
9386221B49150604315401,Gazawa,Gazawa,Diamaré,Extrême - Nord,1.0,188.7,42196,223.6,43335,229.7,ESTIMATION_MODELISEE,WORLDPOP_R2025A_CN_100M,GEOBOUNDARIES_CMR_ADM3_9469f09
9386221B37888289163945,Maroua I,Maroua 1,Diamaré,Extrême - Nord,0.999,367.62,309066,840.7,317514,863.7,ESTIMATION_MODELISEE,WORLDPOP_R2025A_CN_100M,GEOBOUNDARIES_CMR_ADM3_9469f09
9386221B39841753878206,Maroua II,Maroua 2,Diamaré,Extrême - Nord,1.0,42.82,151019,3526.9,155010,3620.1,ESTIMATION_MODELISEE,WORLDPOP_R2025A_CN_100M,GEOBOUNDARIES_CMR_ADM3_9469f09
9386221B63234157800272,Maroua III,Maroua 3,Diamaré,Extrême - Nord,1.0,726.43,226417,311.7,232751,320.4,ESTIMATION_MODELISEE,WORLDPOP_R2025A_CN_100M,GEOBOUNDARIES_CMR_ADM3_9469f09
9386221B35606887625558,Meri,Méri,Diamaré,Extrême - Nord,1.0,647.82,142770,220.4,146777,226.6,ESTIMATION_MODELISEE,WORLDPOP_R2025A_CN_100M,GEOBOUNDARIES_CMR_ADM3_9469f09
9386221B68680045868620,Ndoukoula,Ndoukoula,Diamaré,Extrême - Nord,1.0,502.37,43371,86.3,44479,88.5,ESTIMATION_MODELISEE,WORLDPOP_R2025A_CN_100M,GEOBOUNDARIES_CMR_ADM3_9469f09
9386221B72848385976679,Pétté,Petté,Diamaré,Extrême - Nord,1.0,880.14,46540,52.9,47717,54.2,ESTIMATION_MODELISEE,WORLDPOP_R2025A_CN_100M,GEOBOUNDARIES_CMR_ADM3_9469f09
9386221B63686862212730,Blangoua,Blangoua,Logone - Et - Chari,Extrême - Nord,0.968,220.85,32863,148.8,33720,152.7,ESTIMATION_MODELISEE,WORLDPOP_R2025A_CN_100M,GEOBOUNDARIES_CMR_ADM3_9469f09
9386221B58524800443339,Darak,Darrak,Logone - Et - Chari,Extrême - Nord,0.979,1876.75,27484,14.6,28178,15.0,ESTIMATION_MODELISEE,WORLDPOP_R2025A_CN_100M,GEOBOUNDARIES_CMR_ADM3_9469f09
9386221B46316017991506,Fotokol,Fotokol,Logone - Et - Chari,Extrême - Nord,0.995,363.01,54528,150.2,56213,154.9,ESTIMATION_MODELISEE,WORLDPOP_R2025A_CN_100M,GEOBOUNDARIES_CMR_ADM3_9469f09
9386221B32586311123071,Goulfey,Goulfey,Logone - Et - Chari,Extrême - Nord,0.991,1638.81,104848,64.0,107706,65.7,ESTIMATION_MODELISEE,WORLDPOP_R2025A_CN_100M,GEOBOUNDARIES_CMR_ADM3_9469f09
9386221B39773642764490,Hilé - Alifa,Hilé - Halifa,Logone - Et - Chari,Extrême - Nord,0.997,272.17,27169,99.8,27919,102.6,ESTIMATION_MODELISEE,WORLDPOP_R2025A_CN_100M,GEOBOUNDARIES_CMR_ADM3_9469f09
9386221B62355710838031,Kousséri,Kousseri,Logone - Et - Chari,Extrême - Nord,0.959,143.2,309491,2161.3,317331,2216.1,ESTIMATION_MODELISEE,WORLDPOP_R2025A_CN_100M,GEOBOUNDARIES_CMR_ADM3_9469f09
9386221B75151477977368,Logone-Birni,Logone Birni,Logone - Et - Chari,Extrême - Nord,0.994,2807.22,89640,31.9,92378,32.9,ESTIMATION_MODELISEE,WORLDPOP_R2025A_CN_100M,GEOBOUNDARIES_CMR_ADM3_9469f09
9386221B23103159398534,Makary,Makary,Logone - Et - Chari,Extrême - Nord,0.997,1175.64,131724,112.0,135099,114.9,ESTIMATION_MODELISEE,WORLDPOP_R2025A_CN_100M,GEOBOUNDARIES_CMR_ADM3_9469f09
9386221B67115727666707,Waza,Waza,Logone - Et - Chari,Extrême - Nord,0.998,2479.17,22573,9.1,23247,9.4,ESTIMATION_MODELISEE,WORLDPOP_R2025A_CN_100M,GEOBOUNDARIES_CMR_ADM3_9469f09
9386221B59068819347143,Zina,Zina,Logone - Et - Chari,Extrême - Nord,0.995,1105.08,36389,32.9,37473,33.9,ESTIMATION_MODELISEE,WORLDPOP_R2025A_CN_100M,GEOBOUNDARIES_CMR_ADM3_9469f09
9386221B19870181654988,Datchéka,Datchéka,Mayo-Danay,Extrême - Nord,0.999,119.87,29113,242.9,29876,249.2,ESTIMATION_MODELISEE,WORLDPOP_R2025A_CN_100M,GEOBOUNDARIES_CMR_ADM3_9469f09
9386221B55243571105857,Gobo,Gobo,Mayo-Danay,Extrême - Nord,0.992,600.16,63165,105.2,64816,108.0,ESTIMATION_MODELISEE,WORLDPOP_R2025A_CN_100M,GEOBOUNDARIES_CMR_ADM3_9469f09
9386221B6258875435792,Guémé,Vélé,Mayo-Danay,Extrême - Nord,0.994,496.04,96433,194.4,99178,199.9,ESTIMATION_MODELISEE,WORLDPOP_R2025A_CN_100M,GEOBOUNDARIES_CMR_ADM3_9469f09
9386221B37656642959733,Guéré,Guéré,Mayo-Danay,Extrême - Nord,1.0,266.24,46189,173.5,47475,178.3,ESTIMATION_MODELISEE,WORLDPOP_R2025A_CN_100M,GEOBOUNDARIES_CMR_ADM3_9469f09
9386221B32858528046602,Kai-Kai,Kai-Kai,Mayo-Danay,Extrême - Nord,0.998,810.14,95940,118.4,98527,121.6,ESTIMATION_MODELISEE,WORLDPOP_R2025A_CN_100M,GEOBOUNDARIES_CMR_ADM3_9469f09
9386221B8700999624976,Kalfou,Kalfou,Mayo-Danay,Extrême - Nord,1.0,720.77,50008,69.4,51291,71.2,ESTIMATION_MODELISEE,WORLDPOP_R2025A_CN_100M,GEOBOUNDARIES_CMR_ADM3_9469f09
9386221B62771652118747,Kar-Hay,Kar-Hay,Mayo-Danay,Extrême - Nord,1.0,286.66,84380,294.4,86592,302.1,ESTIMATION_MODELISEE,WORLDPOP_R2025A_CN_100M,GEOBOUNDARIES_CMR_ADM3_9469f09
9386221B80738734605470,Maga,Maga,Mayo-Danay,Extrême - Nord,0.998,1058.54,166348,157.1,170845,161.4,ESTIMATION_MODELISEE,WORLDPOP_R2025A_CN_100M,GEOBOUNDARIES_CMR_ADM3_9469f09
9386221B48086632722257,Tchatibali,Tchatibali,Mayo-Danay,Extrême - Nord,0.998,96.72,13386,138.4,13700,141.6,ESTIMATION_MODELISEE,WORLDPOP_R2025A_CN_100M,GEOBOUNDARIES_CMR_ADM3_9469f09
9386221B6590721428979,Wina,Wina,Mayo-Danay,Extrême - Nord,1.0,95.99,24527,255.5,25190,262.4,ESTIMATION_MODELISEE,WORLDPOP_R2025A_CN_100M,GEOBOUNDARIES_CMR_ADM3_9469f09
9386221B77038757135535,Yagoua,Yagoua,Mayo-Danay,Extrême - Nord,0.999,760.06,231720,304.9,238174,313.4,ESTIMATION_MODELISEE,WORLDPOP_R2025A_CN_100M,GEOBOUNDARIES_CMR_ADM3_9469f09
9386221B74984703788986,Dziguilao,Taibong,Mayo-Kani,Extrême - Nord,0.999,327.11,63892,195.3,65611,200.6,ESTIMATION_MODELISEE,WORLDPOP_R2025A_CN_100M,GEOBOUNDARIES_CMR_ADM3_9469f09
9386221B96404990454766,Guidiguis,Guidiguis,Mayo-Kani,Extrême - Nord,1.0,385.35,85694,222.4,87924,228.2,ESTIMATION_MODELISEE,WORLDPOP_R2025A_CN_100M,GEOBOUNDARIES_CMR_ADM3_9469f09
9386221B95656062401724,Kaélé,Kaélé,Mayo-Kani,Extrême - Nord,1.0,1316.31,253000,192.2,259808,197.4,ESTIMATION_MODELISEE,WORLDPOP_R2025A_CN_100M,GEOBOUNDARIES_CMR_ADM3_9469f09
9386221B5072173387856,Mindif,Mindif,Mayo-Kani,Extrême - Nord,0.999,995.21,84296,84.7,86580,87.0,ESTIMATION_MODELISEE,WORLDPOP_R2025A_CN_100M,GEOBOUNDARIES_CMR_ADM3_9469f09
9386221B62243000391182,Moulvoudaye,Moulvoudaye,Mayo-Kani,Extrême - Nord,0.999,1139.67,128696,112.9,132167,116.0,ESTIMATION_MODELISEE,WORLDPOP_R2025A_CN_100M,GEOBOUNDARIES_CMR_ADM3_9469f09
9386221B19787450988767,Moutourwa,Moutourwa,Mayo-Kani,Extrême - Nord,0.999,545.16,46400,85.1,47718,87.5,ESTIMATION_MODELISEE,WORLDPOP_R2025A_CN_100M,GEOBOUNDARIES_CMR_ADM3_9469f09
9386221B93722401530066,Touloum,Porhi,Mayo-Kani,Extrême - Nord,0.999,288.57,65553,227.2,67298,233.2,ESTIMATION_MODELISEE,WORLDPOP_R2025A_CN_100M,GEOBOUNDARIES_CMR_ADM3_9469f09
9386221B97708588482854,Kolofata,Kolofata,Mayo-Sava,Extrême - Nord,0.99,631.05,108932,172.6,111781,177.1,ESTIMATION_MODELISEE,WORLDPOP_R2025A_CN_100M,GEOBOUNDARIES_CMR_ADM3_9469f09
9386221B10315738090869,Mora,Mora,Mayo-Sava,Extrême - Nord,0.996,1690.24,324210,191.8,333096,197.1,ESTIMATION_MODELISEE,WORLDPOP_R2025A_CN_100M,GEOBOUNDARIES_CMR_ADM3_9469f09
9386221B16078017148885,Tokombéré,Tokombéré,Mayo-Sava,Extrême - Nord,1.0,309.65,94895,306.5,97529,315.0,ESTIMATION_MODELISEE,WORLDPOP_R2025A_CN_100M,GEOBOUNDARIES_CMR_ADM3_9469f09
9386221B55088340014824,Bourha,Bourrha,Mayo-Tsanaga,Extrême - Nord,0.998,689.76,127551,184.9,130915,189.8,ESTIMATION_MODELISEE,WORLDPOP_R2025A_CN_100M,GEOBOUNDARIES_CMR_ADM3_9469f09
9386221B17595337609897,Hina,Hina,Mayo-Tsanaga,Extrême - Nord,1.0,474.45,72780,153.4,74926,157.9,ESTIMATION_MODELISEE,WORLDPOP_R2025A_CN_100M,GEOBOUNDARIES_CMR_ADM3_9469f09
9386221B39531153128231,Koza,Koza,Mayo-Tsanaga,Extrême - Nord,0.995,356.25,155456,436.4,159537,447.8,ESTIMATION_MODELISEE,WORLDPOP_R2025A_CN_100M,GEOBOUNDARIES_CMR_ADM3_9469f09
9386221B8963081327305,Mogodé,Mogodé,Mayo-Tsanaga,Extrême - Nord,0.999,562.31,145876,259.4,150122,267.0,ESTIMATION_MODELISEE,WORLDPOP_R2025A_CN_100M,GEOBOUNDARIES_CMR_ADM3_9469f09
9386221B6080891067496,Mokolo,Mokolo,Mayo-Tsanaga,Extrême - Nord,0.997,1783.69,688119,385.8,706551,396.1,ESTIMATION_MODELISEE,WORLDPOP_R2025A_CN_100M,GEOBOUNDARIES_CMR_ADM3_9469f09
9386221B20564328998936,Mozogo,Mayo Moskota,Mayo-Tsanaga,Extrême - Nord,0.929,271.84,40756,149.9,41769,153.7,ESTIMATION_MODELISEE,WORLDPOP_R2025A_CN_100M,GEOBOUNDARIES_CMR_ADM3_9469f09
9386221B78963061859533,Soulèdé-Roua,Soulèdé Roua,Mayo-Tsanaga,Extrême - Nord,1.0,240.11,80344,334.6,82418,343.2,ESTIMATION_MODELISEE,WORLDPOP_R2025A_CN_100M,GEOBOUNDARIES_CMR_ADM3_9469f09
9386221B30051434650044,Baré,Baré-Bakem,Moungo,Littoral,0.993,237.06,27712,116.9,28302,119.4,ESTIMATION_MODELISEE,WORLDPOP_R2025A_CN_100M,GEOBOUNDARIES_CMR_ADM3_9469f09
9386221B30894039862111,Bonaléa,Bonaléa,Moungo,Littoral,0.999,561.83,22434,39.9,22880,40.7,ESTIMATION_MODELISEE,WORLDPOP_R2025A_CN_100M,GEOBOUNDARIES_CMR_ADM3_9469f09
9386221B75550401149106,Dibombari,Dibombari,Moungo,Littoral,0.988,428.29,110464,257.9,113220,264.4,ESTIMATION_MODELISEE,WORLDPOP_R2025A_CN_100M,GEOBOUNDARIES_CMR_ADM3_9469f09
9386221B35328439826691,Ebone,Nlonako,Moungo,Littoral,0.999,393.96,26958,68.4,27562,70.0,ESTIMATION_MODELISEE,WORLDPOP_R2025A_CN_100M,GEOBOUNDARIES_CMR_ADM3_9469f09
9386221B16283257097983,Loum,Loum,Moungo,Littoral,1.0,283.29,61184,216.0,62441,220.4,ESTIMATION_MODELISEE,WORLDPOP_R2025A_CN_100M,GEOBOUNDARIES_CMR_ADM3_9469f09
9386221B10867948981136,Manjo,Manjo,Moungo,Littoral,0.998,333.16,55315,166.0,56545,169.7,ESTIMATION_MODELISEE,WORLDPOP_R2025A_CN_100M,GEOBOUNDARIES_CMR_ADM3_9469f09
9386221B75611895729261,Mbanga,Mbanga,Moungo,Littoral,0.986,451.68,67820,150.1,69197,153.2,ESTIMATION_MODELISEE,WORLDPOP_R2025A_CN_100M,GEOBOUNDARIES_CMR_ADM3_9469f09
9386221B80647528880621,Mombo,Mombo,Moungo,Littoral,0.985,117.29,9130,77.8,9330,79.5,ESTIMATION_MODELISEE,WORLDPOP_R2025A_CN_100M,GEOBOUNDARIES_CMR_ADM3_9469f09
9386221B94264369685837,Mélong,Mélong,Moungo,Littoral,0.998,589.75,106822,181.1,109267,185.3,ESTIMATION_MODELISEE,WORLDPOP_R2025A_CN_100M,GEOBOUNDARIES_CMR_ADM3_9469f09
9386221B96447253023617,Nkongsamba I,Nkongsamba 1,Moungo,Littoral,1.0,150.48,13099,87.0,13373,88.9,ESTIMATION_MODELISEE,WORLDPOP_R2025A_CN_100M,GEOBOUNDARIES_CMR_ADM3_9469f09
9386221B60241356719243,Nkongsamba II,Nkongsamba 2,Moungo,Littoral,1.0,25.4,47797,1881.9,48817,1922.0,ESTIMATION_MODELISEE,WORLDPOP_R2025A_CN_100M,GEOBOUNDARIES_CMR_ADM3_9469f09
9386221B619753199247,Nkongsamba III,Nkongsamba 3,Moungo,Littoral,1.0,48.55,57227,1178.7,58437,1203.7,ESTIMATION_MODELISEE,WORLDPOP_R2025A_CN_100M,GEOBOUNDARIES_CMR_ADM3_9469f09
9386221B67580120120564,Penja,Njombé-Penja,Moungo,Littoral,0.996,261.93,40024,152.8,40863,156.0,ESTIMATION_MODELISEE,WORLDPOP_R2025A_CN_100M,GEOBOUNDARIES_CMR_ADM3_9469f09
9386221B75922798345656,Ndobian,Ndobian,Nkam,Littoral,0.998,505.45,9602,19.0,9835,19.5,ESTIMATION_MODELISEE,WORLDPOP_R2025A_CN_100M,GEOBOUNDARIES_CMR_ADM3_9469f09
9386221B1059457996109,Nkondjock,Nkondjock,Nkam,Littoral,0.999,966.82,16495,17.1,16859,17.4,ESTIMATION_MODELISEE,WORLDPOP_R2025A_CN_100M,GEOBOUNDARIES_CMR_ADM3_9469f09
9386221B93246025819017,Yabassi,Yabassi,Nkam,Littoral,0.997,3031.46,37802,12.5,38612,12.7,ESTIMATION_MODELISEE,WORLDPOP_R2025A_CN_100M,GEOBOUNDARIES_CMR_ADM3_9469f09
9386221B6787106821282,Yingui,Yingui,Nkam,Littoral,0.937,1657.83,3064,1.8,3134,1.9,ESTIMATION_MODELISEE,WORLDPOP_R2025A_CN_100M,GEOBOUNDARIES_CMR_ADM3_9469f09
9386221B8043626447015,Dibamba,Logbadjeck,Sanaga - Maritime,Littoral,0.992,845.7,21312,25.2,21810,25.8,ESTIMATION_MODELISEE,WORLDPOP_R2025A_CN_100M,GEOBOUNDARIES_CMR_ADM3_9469f09
9386221B56269474384543,Dizangué,Dizangué,Sanaga - Maritime,Littoral,0.97,952.7,17658,18.5,18011,18.9,ESTIMATION_MODELISEE,WORLDPOP_R2025A_CN_100M,GEOBOUNDARIES_CMR_ADM3_9469f09
9386221B96736670924353,Massok, Massok,Sanaga - Maritime,Littoral,0.993,576.2,15457,26.8,15774,27.4,ESTIMATION_MODELISEE,WORLDPOP_R2025A_CN_100M,GEOBOUNDARIES_CMR_ADM3_9469f09
9386221B92648663236889,Mouanko,Mouanko,Sanaga - Maritime,Littoral,0.967,1280.99,11239,8.8,11489,9.0,ESTIMATION_MODELISEE,WORLDPOP_R2025A_CN_100M,GEOBOUNDARIES_CMR_ADM3_9469f09
9386221B96867606026862,Ndom,Ndom,Sanaga - Maritime,Littoral,0.997,670.12,19775,29.5,20169,30.1,ESTIMATION_MODELISEE,WORLDPOP_R2025A_CN_100M,GEOBOUNDARIES_CMR_ADM3_9469f09
9386221B12377496581345,Ngambé,Ngambé,Sanaga - Maritime,Littoral,0.998,937.33,8893,9.5,9077,9.7,ESTIMATION_MODELISEE,WORLDPOP_R2025A_CN_100M,GEOBOUNDARIES_CMR_ADM3_9469f09
9386221B40010227149023,Ngwei,Makondo,Sanaga - Maritime,Littoral,0.99,876.17,14891,17.0,15199,17.3,ESTIMATION_MODELISEE,WORLDPOP_R2025A_CN_100M,GEOBOUNDARIES_CMR_ADM3_9469f09
9386221B28277455363944,Nyanon,Nyanon,Sanaga - Maritime,Littoral,0.994,520.83,19521,37.5,19938,38.3,ESTIMATION_MODELISEE,WORLDPOP_R2025A_CN_100M,GEOBOUNDARIES_CMR_ADM3_9469f09
9386221B99754301414299,Pouma,Pouma,Sanaga - Maritime,Littoral,0.982,704.21,27413,38.9,27992,39.7,ESTIMATION_MODELISEE,WORLDPOP_R2025A_CN_100M,GEOBOUNDARIES_CMR_ADM3_9469f09
9386221B54279120074144,Édéa I,Edéa 1,Sanaga - Maritime,Littoral,0.989,1007.31,88824,88.2,90845,90.2,ESTIMATION_MODELISEE,WORLDPOP_R2025A_CN_100M,GEOBOUNDARIES_CMR_ADM3_9469f09
9386221B90884324129928,Édéa II,Edéa 2,Sanaga - Maritime,Littoral,0.992,780.8,29511,37.8,30163,38.6,ESTIMATION_MODELISEE,WORLDPOP_R2025A_CN_100M,GEOBOUNDARIES_CMR_ADM3_9469f09
9386221B53666537605784,Douala I,Douala 1,Wouril,Littoral,0.977,32.06,302265,9428.2,308207,9613.5,ESTIMATION_MODELISEE,WORLDPOP_R2025A_CN_100M,GEOBOUNDARIES_CMR_ADM3_9469f09
9386221B25211619894918,Douala II,Douala 2,Wouril,Littoral,1.0,16.12,208428,12927.4,212731,13194.3,ESTIMATION_MODELISEE,WORLDPOP_R2025A_CN_100M,GEOBOUNDARIES_CMR_ADM3_9469f09
9386221B90089366081240,Douala III,Douala 3,Wouril,Littoral,0.993,167.4,1282931,7663.7,1311814,7836.3,ESTIMATION_MODELISEE,WORLDPOP_R2025A_CN_100M,GEOBOUNDARIES_CMR_ADM3_9469f09
9386221B2109018232138,Douala IV,Douala 4,Wouril,Littoral,0.915,204.0,513808,2518.6,525195,2574.5,ESTIMATION_MODELISEE,WORLDPOP_R2025A_CN_100M,GEOBOUNDARIES_CMR_ADM3_9469f09
9386221B75147253795582,Douala V,Douala 5,Wouril,Littoral,0.995,160.81,887108,5516.7,905895,5633.5,ESTIMATION_MODELISEE,WORLDPOP_R2025A_CN_100M,GEOBOUNDARIES_CMR_ADM3_9469f09
9386221B83686298967433,Douala VI,Manoka,Wouril,Littoral,0.856,390.49,35411,90.7,36336,93.1,ESTIMATION_MODELISEE,WORLDPOP_R2025A_CN_100M,GEOBOUNDARIES_CMR_ADM3_9469f09
9386221B52857545604026,Baschéo,Bachéo,Bénoue,Nord,0.991,1049.32,45587,43.4,47270,45.0,ESTIMATION_MODELISEE,WORLDPOP_R2025A_CN_100M,GEOBOUNDARIES_CMR_ADM3_9469f09
9386221B93864141471804,Bibemi,Bibemi,Bénoue,Nord,0.996,2566.1,195619,76.2,202619,79.0,ESTIMATION_MODELISEE,WORLDPOP_R2025A_CN_100M,GEOBOUNDARIES_CMR_ADM3_9469f09
9386221B46085147008796,Dembo,Dembo,Bénoue,Nord,1.0,602.59,39919,66.2,41351,68.6,ESTIMATION_MODELISEE,WORLDPOP_R2025A_CN_100M,GEOBOUNDARIES_CMR_ADM3_9469f09
9386221B7054821525392,Gachiga,Gachiga,Bénoue,Nord,0.988,565.04,44197,78.2,45811,81.1,ESTIMATION_MODELISEE,WORLDPOP_R2025A_CN_100M,GEOBOUNDARIES_CMR_ADM3_9469f09
9386221B20253498547252,Garoua I,Garoua 1,Bénoue,Nord,0.986,89.79,329397,3668.6,340148,3788.3,ESTIMATION_MODELISEE,WORLDPOP_R2025A_CN_100M,GEOBOUNDARIES_CMR_ADM3_9469f09
9386221B68625330517672,Garoua II,Garoua 2,Bénoue,Nord,0.991,74.39,355253,4775.4,367046,4933.9,ESTIMATION_MODELISEE,WORLDPOP_R2025A_CN_100M,GEOBOUNDARIES_CMR_ADM3_9469f09
9386221B8479962630576,Garoua III,Garoua 3,Bénoue,Nord,0.977,260.56,68331,262.2,70970,272.4,ESTIMATION_MODELISEE,WORLDPOP_R2025A_CN_100M,GEOBOUNDARIES_CMR_ADM3_9469f09
9386221B73292182549514,Lagdo,Lagdo,Bénoue,Nord,0.995,2231.72,178313,79.9,184750,82.8,ESTIMATION_MODELISEE,WORLDPOP_R2025A_CN_100M,GEOBOUNDARIES_CMR_ADM3_9469f09
9386221B72066933414683,Mayo-Hourna,Bardanké,Bénoue,Nord,0.994,957.27,69532,72.6,72087,75.3,ESTIMATION_MODELISEE,WORLDPOP_R2025A_CN_100M,GEOBOUNDARIES_CMR_ADM3_9469f09
9386221B55259405982197,Ngong,Tcheboa,Bénoue,Nord,0.999,2634.04,168526,64.0,174533,66.3,ESTIMATION_MODELISEE,WORLDPOP_R2025A_CN_100M,GEOBOUNDARIES_CMR_ADM3_9469f09
9386221B57757990262555,Pitoa,Pitoa,Bénoue,Nord,0.997,1538.62,208711,135.6,216439,140.7,ESTIMATION_MODELISEE,WORLDPOP_R2025A_CN_100M,GEOBOUNDARIES_CMR_ADM3_9469f09
9386221B50142475459144,Touroua,Touroua,Bénoue,Nord,0.996,1098.76,64700,58.9,66906,60.9,ESTIMATION_MODELISEE,WORLDPOP_R2025A_CN_100M,GEOBOUNDARIES_CMR_ADM3_9469f09
9386221B817394517114,Béka,Béka,Faro,Nord,0.979,1655.71,64823,39.2,67164,40.6,ESTIMATION_MODELISEE,WORLDPOP_R2025A_CN_100M,GEOBOUNDARIES_CMR_ADM3_9469f09
9386221B87764224122808,Poli,Poli,Faro,Nord,0.997,10048.28,77918,7.8,80583,8.0,ESTIMATION_MODELISEE,WORLDPOP_R2025A_CN_100M,GEOBOUNDARIES_CMR_ADM3_9469f09
9386221B44986910492464,Madingring, Madingring,Mayo - Rey,Nord,0.999,3079.62,59331,19.3,61205,19.9,ESTIMATION_MODELISEE,WORLDPOP_R2025A_CN_100M,GEOBOUNDARIES_CMR_ADM3_9469f09
9386221B32496835290273,Rey-Bouba,Rey-Bouba,Mayo - Rey,Nord,0.996,8821.74,247078,28.0,255868,29.0,ESTIMATION_MODELISEE,WORLDPOP_R2025A_CN_100M,GEOBOUNDARIES_CMR_ADM3_9469f09
9386221B53888650456668,Tcholliré,Tcholliré,Mayo - Rey,Nord,1.0,14612.8,197240,13.5,204252,14.0,ESTIMATION_MODELISEE,WORLDPOP_R2025A_CN_100M,GEOBOUNDARIES_CMR_ADM3_9469f09
9386221B49027895017551,Touboro,Touboro,Mayo - Rey,Nord,1.0,10062.26,269289,26.8,278699,27.7,ESTIMATION_MODELISEE,WORLDPOP_R2025A_CN_100M,GEOBOUNDARIES_CMR_ADM3_9469f09
9386221B74492421948677,Figuil,Figuil,Mayo-Louti,Nord,0.999,866.84,177439,204.7,183840,212.1,ESTIMATION_MODELISEE,WORLDPOP_R2025A_CN_100M,GEOBOUNDARIES_CMR_ADM3_9469f09
9386221B94640622657798,Guider,Guider,Mayo-Louti,Nord,1.0,1945.66,448822,230.7,464510,238.7,ESTIMATION_MODELISEE,WORLDPOP_R2025A_CN_100M,GEOBOUNDARIES_CMR_ADM3_9469f09
9386221B4855998486519,Mayo-Oulo,Mayo-Oulo,Mayo-Louti,Nord,0.998,1394.85,243316,174.4,251356,180.2,ESTIMATION_MODELISEE,WORLDPOP_R2025A_CN_100M,GEOBOUNDARIES_CMR_ADM3_9469f09
9386221B10584910060209,Belo,Belo,Boyo,Nord - Ouest,1.0,251.06,61127,243.5,62319,248.2,ESTIMATION_MODELISEE,WORLDPOP_R2025A_CN_100M,GEOBOUNDARIES_CMR_ADM3_9469f09
9386221B27912146401862,Fonfuka,Bum,Boyo,Nord - Ouest,0.998,706.98,34078,48.2,34717,49.1,ESTIMATION_MODELISEE,WORLDPOP_R2025A_CN_100M,GEOBOUNDARIES_CMR_ADM3_9469f09
9386221B41960338837393,Fundong,Fundong,Boyo,Nord - Ouest,1.0,412.16,49736,120.7,50714,123.0,ESTIMATION_MODELISEE,WORLDPOP_R2025A_CN_100M,GEOBOUNDARIES_CMR_ADM3_9469f09
9386221B38813643560197,Njinikom,Njinikom,Boyo,Nord - Ouest,0.986,280.84,32985,117.5,33601,119.6,ESTIMATION_MODELISEE,WORLDPOP_R2025A_CN_100M,GEOBOUNDARIES_CMR_ADM3_9469f09
9386221B24367359264110,Elak,Oku,Bui,Nord - Ouest,1.0,315.32,85078,269.8,86872,275.5,ESTIMATION_MODELISEE,WORLDPOP_R2025A_CN_100M,GEOBOUNDARIES_CMR_ADM3_9469f09
9386221B49407975684578,Jakiri,Jakiri,Bui,Nord - Ouest,1.0,404.33,105161,260.1,107083,264.8,ESTIMATION_MODELISEE,WORLDPOP_R2025A_CN_100M,GEOBOUNDARIES_CMR_ADM3_9469f09
9386221B47273112743331,Kumbo,Kumbo,Bui,Nord - Ouest,0.989,227.06,137402,605.1,139966,616.4,ESTIMATION_MODELISEE,WORLDPOP_R2025A_CN_100M,GEOBOUNDARIES_CMR_ADM3_9469f09
9386221B83227007130233,Mbiame,Mbven,Bui,Nord - Ouest,1.0,693.72,44492,64.1,45194,65.1,ESTIMATION_MODELISEE,WORLDPOP_R2025A_CN_100M,GEOBOUNDARIES_CMR_ADM3_9469f09
9386221B8269091336277,Nkor,Noni,Bui,Nord - Ouest,1.0,310.65,39602,127.5,40380,130.0,ESTIMATION_MODELISEE,WORLDPOP_R2025A_CN_100M,GEOBOUNDARIES_CMR_ADM3_9469f09
9386221B54304647872910,Nkum,Nkum,Bui,Nord - Ouest,0.996,260.31,62903,241.6,64279,246.9,ESTIMATION_MODELISEE,WORLDPOP_R2025A_CN_100M,GEOBOUNDARIES_CMR_ADM3_9469f09
9386221B4723313213024,Ako,Ako,Donga - Mantung,Nord - Ouest,1.0,1100.68,24618,22.4,25056,22.8,ESTIMATION_MODELISEE,WORLDPOP_R2025A_CN_100M,GEOBOUNDARIES_CMR_ADM3_9469f09
9386221B66919178729406,Misaje,Misaje,Donga - Mantung,Nord - Ouest,0.999,814.9,33617,41.3,34191,42.0,ESTIMATION_MODELISEE,WORLDPOP_R2025A_CN_100M,GEOBOUNDARIES_CMR_ADM3_9469f09
9386221B34101725844769,Ndu,Ndu,Donga - Mantung,Nord - Ouest,1.0,480.27,138705,288.8,141609,294.9,ESTIMATION_MODELISEE,WORLDPOP_R2025A_CN_100M,GEOBOUNDARIES_CMR_ADM3_9469f09
9386221B99383594947631,Nkambe,Nkambe,Donga - Mantung,Nord - Ouest,1.0,469.92,108590,231.1,110609,235.4,ESTIMATION_MODELISEE,WORLDPOP_R2025A_CN_100M,GEOBOUNDARIES_CMR_ADM3_9469f09
9386221B79899623199002,Nwa,Nwa,Donga - Mantung,Nord - Ouest,0.995,1444.18,97749,67.7,99587,69.0,ESTIMATION_MODELISEE,WORLDPOP_R2025A_CN_100M,GEOBOUNDARIES_CMR_ADM3_9469f09
9386221B71813555449952,Benakuma,Menchum Valley,Menchum,Nord - Ouest,0.997,956.5,53915,56.4,55042,57.5,ESTIMATION_MODELISEE,WORLDPOP_R2025A_CN_100M,GEOBOUNDARIES_CMR_ADM3_9469f09
9386221B70320783365301,Furu-Awa,Furu Awa,Menchum,Nord - Ouest,0.992,1186.12,9099,7.7,9290,7.8,ESTIMATION_MODELISEE,WORLDPOP_R2025A_CN_100M,GEOBOUNDARIES_CMR_ADM3_9469f09
9386221B20951962555395,Wum,Wum,Menchum,Nord - Ouest,0.991,301.15,65206,216.5,66311,220.2,ESTIMATION_MODELISEE,WORLDPOP_R2025A_CN_100M,GEOBOUNDARIES_CMR_ADM3_9469f09
9386221B16560289387491,Zhoa,Fungom,Menchum,Nord - Ouest,0.995,2098.07,83768,39.9,85405,40.7,ESTIMATION_MODELISEE,WORLDPOP_R2025A_CN_100M,GEOBOUNDARIES_CMR_ADM3_9469f09
9386221B4734208437172,Bafut,Bafut,Mezam,Nord - Ouest,0.997,486.09,61893,127.3,63033,129.7,ESTIMATION_MODELISEE,WORLDPOP_R2025A_CN_100M,GEOBOUNDARIES_CMR_ADM3_9469f09
9386221B7414256229789,Bali,Bali,Mezam,Nord - Ouest,0.999,111.31,30350,272.7,30846,277.1,ESTIMATION_MODELISEE,WORLDPOP_R2025A_CN_100M,GEOBOUNDARIES_CMR_ADM3_9469f09
9386221B54476981941176,Bamenda I,Bamenda 1,Mezam,Nord - Ouest,1.0,87.46,59881,684.6,61093,698.5,ESTIMATION_MODELISEE,WORLDPOP_R2025A_CN_100M,GEOBOUNDARIES_CMR_ADM3_9469f09
9386221B22071899137589,Bamenda II,Bamenda 2,Mezam,Nord - Ouest,0.993,172.61,179098,1037.6,182481,1057.2,ESTIMATION_MODELISEE,WORLDPOP_R2025A_CN_100M,GEOBOUNDARIES_CMR_ADM3_9469f09
9386221B66993756052315,Bamenda III,Bamenda 3,Mezam,Nord - Ouest,1.0,69.62,176483,2534.9,180061,2586.3,ESTIMATION_MODELISEE,WORLDPOP_R2025A_CN_100M,GEOBOUNDARIES_CMR_ADM3_9469f09
9386221B73734183269269,Santa,Santa,Mezam,Nord - Ouest,1.0,532.95,115031,215.8,117032,219.6,ESTIMATION_MODELISEE,WORLDPOP_R2025A_CN_100M,GEOBOUNDARIES_CMR_ADM3_9469f09
9386221B66292272127124,Tubah,Tubah,Mezam,Nord - Ouest,1.0,388.89,100380,258.1,102401,263.3,ESTIMATION_MODELISEE,WORLDPOP_R2025A_CN_100M,GEOBOUNDARIES_CMR_ADM3_9469f09
9386221B56926695389051,Andek,Ngie,Momo,Nord - Ouest,1.0,221.55,20856,94.1,21260,96.0,ESTIMATION_MODELISEE,WORLDPOP_R2025A_CN_100M,GEOBOUNDARIES_CMR_ADM3_9469f09
9386221B97595327714942,Batibo,Batibo,Momo,Nord - Ouest,1.0,347.75,85031,244.5,86672,249.2,ESTIMATION_MODELISEE,WORLDPOP_R2025A_CN_100M,GEOBOUNDARIES_CMR_ADM3_9469f09
9386221B24752046114571,Mbengwi,Mbengwi,Momo,Nord - Ouest,0.999,468.36,78913,168.5,80447,171.8,ESTIMATION_MODELISEE,WORLDPOP_R2025A_CN_100M,GEOBOUNDARIES_CMR_ADM3_9469f09
9386221B63165166777879,Nijkwa,Njikwa,Momo,Nord - Ouest,1.0,313.88,18710,59.6,19056,60.7,ESTIMATION_MODELISEE,WORLDPOP_R2025A_CN_100M,GEOBOUNDARIES_CMR_ADM3_9469f09
9386221B90023713674660,Widikum-Boffé,Widikum-Menka,Momo,Nord - Ouest,0.998,440.6,27075,61.4,27619,62.7,ESTIMATION_MODELISEE,WORLDPOP_R2025A_CN_100M,GEOBOUNDARIES_CMR_ADM3_9469f09
9386221B1232759127079,Babessi,Babessi,Ngo-Ketunjia,Nord - Ouest,1.0,372.59,81952,220.0,83512,224.1,ESTIMATION_MODELISEE,WORLDPOP_R2025A_CN_100M,GEOBOUNDARIES_CMR_ADM3_9469f09
9386221B73412311901092,Balikumbat,Balikumbat,Ngo-Ketunjia,Nord - Ouest,0.998,337.18,57008,169.1,58113,172.3,ESTIMATION_MODELISEE,WORLDPOP_R2025A_CN_100M,GEOBOUNDARIES_CMR_ADM3_9469f09
9386221B52857634221291,Ndop,Ndop,Ngo-Ketunjia,Nord - Ouest,0.997,352.56,111118,315.2,113221,321.1,ESTIMATION_MODELISEE,WORLDPOP_R2025A_CN_100M,GEOBOUNDARIES_CMR_ADM3_9469f09
9386221B15408498931793,Babadjou,Babadjou,Bamboutos,Ouest,1.0,196.78,66144,336.1,67004,340.5,ESTIMATION_MODELISEE,WORLDPOP_R2025A_CN_100M,GEOBOUNDARIES_CMR_ADM3_9469f09
9386221B66622647198337,Batcham,Batcham,Bamboutos,Ouest,1.0,210.54,130030,617.6,131622,625.2,ESTIMATION_MODELISEE,WORLDPOP_R2025A_CN_100M,GEOBOUNDARIES_CMR_ADM3_9469f09
9386221B76047173440366,Galim,Galim,Bamboutos,Ouest,0.999,504.47,51888,102.9,52619,104.3,ESTIMATION_MODELISEE,WORLDPOP_R2025A_CN_100M,GEOBOUNDARIES_CMR_ADM3_9469f09
9386221B73831476099133,Mbouda,Mbouda,Bamboutos,Ouest,0.989,260.81,104587,401.0,105971,406.3,ESTIMATION_MODELISEE,WORLDPOP_R2025A_CN_100M,GEOBOUNDARIES_CMR_ADM3_9469f09
9386221B6452785602175,Bafang,Bafang,Haut-Nkam,Ouest,0.999,106.92,31559,295.2,31939,298.7,ESTIMATION_MODELISEE,WORLDPOP_R2025A_CN_100M,GEOBOUNDARIES_CMR_ADM3_9469f09
9386221B23383906860590,Bakou,Bakou,Haut-Nkam,Ouest,0.985,176.76,6172,34.9,6254,35.4,ESTIMATION_MODELISEE,WORLDPOP_R2025A_CN_100M,GEOBOUNDARIES_CMR_ADM3_9469f09
9386221B50086624665316,Bana,Bana,Haut-Nkam,Ouest,1.0,114.26,18410,161.1,18697,163.6,ESTIMATION_MODELISEE,WORLDPOP_R2025A_CN_100M,GEOBOUNDARIES_CMR_ADM3_9469f09
9386221B27766107417226,Bandja,Bandja,Haut-Nkam,Ouest,0.982,213.46,49038,229.7,49664,232.7,ESTIMATION_MODELISEE,WORLDPOP_R2025A_CN_100M,GEOBOUNDARIES_CMR_ADM3_9469f09
9386221B4140050568988,Banka,Banka,Haut-Nkam,Ouest,1.0,120.83,24409,202.0,24747,204.8,ESTIMATION_MODELISEE,WORLDPOP_R2025A_CN_100M,GEOBOUNDARIES_CMR_ADM3_9469f09
9386221B59470473521882,Banwa,Banwa,Haut-Nkam,Ouest,0.99,107.69,7830,72.7,7926,73.6,ESTIMATION_MODELISEE,WORLDPOP_R2025A_CN_100M,GEOBOUNDARIES_CMR_ADM3_9469f09
9386221B2927160517789,Kékem,Kékem,Haut-Nkam,Ouest,0.995,129.08,20237,156.8,20483,158.7,ESTIMATION_MODELISEE,WORLDPOP_R2025A_CN_100M,GEOBOUNDARIES_CMR_ADM3_9469f09
9386221B13052337540758,Baham,Baham,Hauts-Plateaux,Ouest,0.999,76.03,25173,331.1,25492,335.3,ESTIMATION_MODELISEE,WORLDPOP_R2025A_CN_100M,GEOBOUNDARIES_CMR_ADM3_9469f09
9386221B16898911948989,Bamendjou,Bamendjou,Hauts-Plateaux,Ouest,1.0,129.49,40486,312.7,40977,316.5,ESTIMATION_MODELISEE,WORLDPOP_R2025A_CN_100M,GEOBOUNDARIES_CMR_ADM3_9469f09
9386221B64905947036525,Bangou,Bangou,Hauts-Plateaux,Ouest,0.999,155.84,29737,190.8,30136,193.4,ESTIMATION_MODELISEE,WORLDPOP_R2025A_CN_100M,GEOBOUNDARIES_CMR_ADM3_9469f09
9386221B62047908599091,Batié,Batié,Hauts-Plateaux,Ouest,0.999,72.33,15786,218.2,15990,221.1,ESTIMATION_MODELISEE,WORLDPOP_R2025A_CN_100M,GEOBOUNDARIES_CMR_ADM3_9469f09
9386221B5277654027539,Bayangam,Bayagam,Koung-Khi,Ouest,1.0,77.95,14189,182.0,14386,184.5,ESTIMATION_MODELISEE,WORLDPOP_R2025A_CN_100M,GEOBOUNDARIES_CMR_ADM3_9469f09
9386221B51714275611940,Demding,Djebem,Koung-Khi,Ouest,1.0,122.3,7789,63.7,7873,64.4,ESTIMATION_MODELISEE,WORLDPOP_R2025A_CN_100M,GEOBOUNDARIES_CMR_ADM3_9469f09
9386221B26431625132712,Pete-Bandjoun,Bandjoum,Koung-Khi,Ouest,0.992,143.75,35898,249.7,36356,252.9,ESTIMATION_MODELISEE,WORLDPOP_R2025A_CN_100M,GEOBOUNDARIES_CMR_ADM3_9469f09
9386221B80338140747406,Bafoussam I,Bafoussam 1,Mifi,Ouest,0.999,140.95,102948,730.4,104234,739.5,ESTIMATION_MODELISEE,WORLDPOP_R2025A_CN_100M,GEOBOUNDARIES_CMR_ADM3_9469f09
9386221B96388488143337,Bafoussam II,Baleng,Mifi,Ouest,0.974,178.46,164432,921.4,166639,933.7,ESTIMATION_MODELISEE,WORLDPOP_R2025A_CN_100M,GEOBOUNDARIES_CMR_ADM3_9469f09
9386221B85177558697600,Bafoussam III,Bamougoum,Mifi,Ouest,1.0,90.57,127633,1409.3,129277,1427.4,ESTIMATION_MODELISEE,WORLDPOP_R2025A_CN_100M,GEOBOUNDARIES_CMR_ADM3_9469f09
9386221B56259764543168,Dschang,Dschang,Ménoua,Ouest,0.99,221.14,98909,447.3,100299,453.5,ESTIMATION_MODELISEE,WORLDPOP_R2025A_CN_100M,GEOBOUNDARIES_CMR_ADM3_9469f09
9386221B74025270926471,Fokoué,Fonfoué,Ménoua,Ouest,0.991,169.07,17439,103.1,17663,104.5,ESTIMATION_MODELISEE,WORLDPOP_R2025A_CN_100M,GEOBOUNDARIES_CMR_ADM3_9469f09
9386221B6439132868909,Fongo-Tongo,Fongo-Tongo,Ménoua,Ouest,0.999,151.5,33110,218.6,33527,221.3,ESTIMATION_MODELISEE,WORLDPOP_R2025A_CN_100M,GEOBOUNDARIES_CMR_ADM3_9469f09
9386221B77491959623204,Nkong-Zem,Kong-ni,Ménoua,Ouest,0.998,210.73,87040,413.0,88128,418.2,ESTIMATION_MODELISEE,WORLDPOP_R2025A_CN_100M,GEOBOUNDARIES_CMR_ADM3_9469f09
9386221B82158937470673,Penka-Michel,Penka-Michel,Ménoua,Ouest,1.0,269.98,95506,353.7,96679,358.1,ESTIMATION_MODELISEE,WORLDPOP_R2025A_CN_100M,GEOBOUNDARIES_CMR_ADM3_9469f09
9386221B8295787720899,Santchou,Santchou,Ménoua,Ouest,0.998,362.53,32203,88.8,32668,90.1,ESTIMATION_MODELISEE,WORLDPOP_R2025A_CN_100M,GEOBOUNDARIES_CMR_ADM3_9469f09
9386221B81292069967457,Bangangté,Bangangté,Nde,Ouest,0.958,828.74,83556,100.8,84638,102.1,ESTIMATION_MODELISEE,WORLDPOP_R2025A_CN_100M,GEOBOUNDARIES_CMR_ADM3_9469f09
9386221B42608226924665,Bassamba,Tonga,Nde,Ouest,0.538,11.37,3144,276.6,3191,280.7,ESTIMATION_MODELISEE,WORLDPOP_R2025A_CN_100M,GEOBOUNDARIES_CMR_ADM3_9469f09
9386221B33389441443912,Bazou,Bazou,Nde,Ouest,1.0,221.42,22861,103.2,23162,104.6,ESTIMATION_MODELISEE,WORLDPOP_R2025A_CN_100M,GEOBOUNDARIES_CMR_ADM3_9469f09
9386221B97546443963729,Tonga,Tonga,Nde,Ouest,0.825,532.91,14338,26.9,14513,27.2,ESTIMATION_MODELISEE,WORLDPOP_R2025A_CN_100M,GEOBOUNDARIES_CMR_ADM3_9469f09
9386221B70820426842243,Bangourain,Bangourain,Noun,Ouest,1.0,394.63,32126,81.4,32546,82.5,ESTIMATION_MODELISEE,WORLDPOP_R2025A_CN_100M,GEOBOUNDARIES_CMR_ADM3_9469f09
9386221B83477091865567,Foumban,Foumban,Noun,Ouest,1.0,560.23,148561,265.2,150498,268.6,ESTIMATION_MODELISEE,WORLDPOP_R2025A_CN_100M,GEOBOUNDARIES_CMR_ADM3_9469f09
9386221B60612307829975,Foumbot,Foumbot,Noun,Ouest,0.98,759.55,100489,132.3,101812,134.0,ESTIMATION_MODELISEE,WORLDPOP_R2025A_CN_100M,GEOBOUNDARIES_CMR_ADM3_9469f09
9386221B13524115596139,Kouoptamo,Kouoptamo,Noun,Ouest,0.963,312.43,43170,138.2,43713,139.9,ESTIMATION_MODELISEE,WORLDPOP_R2025A_CN_100M,GEOBOUNDARIES_CMR_ADM3_9469f09
9386221B44672958443925,Koutaba,Koutaba,Noun,Ouest,1.0,451.07,64262,142.5,65054,144.2,ESTIMATION_MODELISEE,WORLDPOP_R2025A_CN_100M,GEOBOUNDARIES_CMR_ADM3_9469f09
9386221B82819198957904,Magba,Magba,Noun,Ouest,0.998,1174.2,33059,28.2,33466,28.5,ESTIMATION_MODELISEE,WORLDPOP_R2025A_CN_100M,GEOBOUNDARIES_CMR_ADM3_9469f09
9386221B10065718607092,Malentouen,Malantouen,Noun,Ouest,0.997,1084.38,64393,59.4,65268,60.2,ESTIMATION_MODELISEE,WORLDPOP_R2025A_CN_100M,GEOBOUNDARIES_CMR_ADM3_9469f09
9386221B71016859337528,Massangam,Massangam,Noun,Ouest,0.991,2208.66,40440,18.3,40936,18.5,ESTIMATION_MODELISEE,WORLDPOP_R2025A_CN_100M,GEOBOUNDARIES_CMR_ADM3_9469f09
9386221B74476845624573,Njimom,Djimon,Noun,Ouest,0.998,700.59,29804,42.5,30210,43.1,ESTIMATION_MODELISEE,WORLDPOP_R2025A_CN_100M,GEOBOUNDARIES_CMR_ADM3_9469f09
9386221B82965334197463,Bengbis,Bengbis,Dja - Et - Lobo,Sud,0.996,2254.32,15593,6.9,15766,7.0,ESTIMATION_MODELISEE,WORLDPOP_R2025A_CN_100M,GEOBOUNDARIES_CMR_ADM3_9469f09
9386221B65701761886859,Djoum,Djoum,Dja - Et - Lobo,Sud,0.999,5441.67,19411,3.6,19604,3.6,ESTIMATION_MODELISEE,WORLDPOP_R2025A_CN_100M,GEOBOUNDARIES_CMR_ADM3_9469f09
9386221B24523767599714,Meyomessala,Meyomessala,Dja - Et - Lobo,Sud,0.996,2118.93,49990,23.6,50503,23.8,ESTIMATION_MODELISEE,WORLDPOP_R2025A_CN_100M,GEOBOUNDARIES_CMR_ADM3_9469f09
9386221B24588986307138,Meyomessi,Meyomessi,Dja - Et - Lobo,Sud,1.0,1240.6,7788,6.3,7862,6.3,ESTIMATION_MODELISEE,WORLDPOP_R2025A_CN_100M,GEOBOUNDARIES_CMR_ADM3_9469f09
9386221B12973403420020,Mintom,Mintom,Dja - Et - Lobo,Sud,0.994,4062.97,4681,1.2,4724,1.2,ESTIMATION_MODELISEE,WORLDPOP_R2025A_CN_100M,GEOBOUNDARIES_CMR_ADM3_9469f09
9386221B35442876083106,Oveng,Oveng,Dja - Et - Lobo,Sud,1.0,1781.6,3614,2.0,3647,2.0,ESTIMATION_MODELISEE,WORLDPOP_R2025A_CN_100M,GEOBOUNDARIES_CMR_ADM3_9469f09
9386221B66316183416370,Sangmélima,Sangmelima,Dja - Et - Lobo,Sud,0.999,1935.62,86990,44.9,87861,45.4,ESTIMATION_MODELISEE,WORLDPOP_R2025A_CN_100M,GEOBOUNDARIES_CMR_ADM3_9469f09
9386221B29116122691859,Zoétélé,Zoétélé,Dja - Et - Lobo,Sud,1.0,1086.58,38078,35.0,38445,35.4,ESTIMATION_MODELISEE,WORLDPOP_R2025A_CN_100M,GEOBOUNDARIES_CMR_ADM3_9469f09
9386221B30772177913824,Biwong-Bané,Biwong-Bane,Mvila,Sud,1.0,458.41,12682,27.7,12794,27.9,ESTIMATION_MODELISEE,WORLDPOP_R2025A_CN_100M,GEOBOUNDARIES_CMR_ADM3_9469f09
9386221B98938135077748,Biwong-Bulu,Biwong-Bulu,Mvila,Sud,1.0,977.65,8607,8.8,8681,8.9,ESTIMATION_MODELISEE,WORLDPOP_R2025A_CN_100M,GEOBOUNDARIES_CMR_ADM3_9469f09
9386221B7073519614207,Ebolowa I,Ebolowa 1,Mvila,Sud,1.0,734.72,26300,35.8,26586,36.2,ESTIMATION_MODELISEE,WORLDPOP_R2025A_CN_100M,GEOBOUNDARIES_CMR_ADM3_9469f09
9386221B20641552566497,Ebolowa II,Ebolowa 2,Mvila,Sud,0.998,1994.87,106685,53.5,107824,54.1,ESTIMATION_MODELISEE,WORLDPOP_R2025A_CN_100M,GEOBOUNDARIES_CMR_ADM3_9469f09
9386221B7423024064033,Efoulan,Efoulan,Mvila,Sud,0.999,856.42,11419,13.3,11521,13.5,ESTIMATION_MODELISEE,WORLDPOP_R2025A_CN_100M,GEOBOUNDARIES_CMR_ADM3_9469f09
9386221B58609331064519,Mengong,Mengong,Mvila,Sud,1.0,886.38,19749,22.3,19926,22.5,ESTIMATION_MODELISEE,WORLDPOP_R2025A_CN_100M,GEOBOUNDARIES_CMR_ADM3_9469f09
9386221B49119882002663,Mvangan,Mvangan,Mvila,Sud,0.999,2078.97,13347,6.4,13458,6.5,ESTIMATION_MODELISEE,WORLDPOP_R2025A_CN_100M,GEOBOUNDARIES_CMR_ADM3_9469f09
9386221B77960191185995,Ngoulémakong,Ngoulemakong,Mvila,Sud,1.0,690.35,15234,22.1,15368,22.3,ESTIMATION_MODELISEE,WORLDPOP_R2025A_CN_100M,GEOBOUNDARIES_CMR_ADM3_9469f09
9386221B54980510946318,Akom II,Akom II,Océan,Sud,1.0,1931.33,9695,5.0,9774,5.1,ESTIMATION_MODELISEE,WORLDPOP_R2025A_CN_100M,GEOBOUNDARIES_CMR_ADM3_9469f09
9386221B8422217320711,Bipindi,Bipindi,Océan,Sud,0.998,1319.63,14216,10.8,14332,10.9,ESTIMATION_MODELISEE,WORLDPOP_R2025A_CN_100M,GEOBOUNDARIES_CMR_ADM3_9469f09
9386221B29602702798924,Campo,Campo,Océan,Sud,0.994,2755.74,9431,3.4,9514,3.5,ESTIMATION_MODELISEE,WORLDPOP_R2025A_CN_100M,GEOBOUNDARIES_CMR_ADM3_9469f09
9386221B54038015059464,Kribi I,Kribi 1,Océan,Sud,0.981,203.17,25249,124.3,25543,125.7,ESTIMATION_MODELISEE,WORLDPOP_R2025A_CN_100M,GEOBOUNDARIES_CMR_ADM3_9469f09
9386221B97848366185586,Kribi II,Kribi 2,Océan,Sud,0.993,104.47,74218,710.4,75070,718.6,ESTIMATION_MODELISEE,WORLDPOP_R2025A_CN_100M,GEOBOUNDARIES_CMR_ADM3_9469f09
9386221B89412400808700,Lokoundjé,Lokoundje,Océan,Sud,0.996,2291.19,23119,10.1,23317,10.2,ESTIMATION_MODELISEE,WORLDPOP_R2025A_CN_100M,GEOBOUNDARIES_CMR_ADM3_9469f09
9386221B71446441287733,Lolodorf,Lolodorf,Océan,Sud,0.999,964.0,17780,18.4,17932,18.6,ESTIMATION_MODELISEE,WORLDPOP_R2025A_CN_100M,GEOBOUNDARIES_CMR_ADM3_9469f09
9386221B95710180016300,Mvengue,Mvengue,Océan,Sud,1.0,819.1,23166,28.3,23370,28.5,ESTIMATION_MODELISEE,WORLDPOP_R2025A_CN_100M,GEOBOUNDARIES_CMR_ADM3_9469f09
9386221B82405604372605,Niété,Niété,Océan,Sud,0.995,1000.64,12471,12.5,12579,12.6,ESTIMATION_MODELISEE,WORLDPOP_R2025A_CN_100M,GEOBOUNDARIES_CMR_ADM3_9469f09
9386221B33515010482661,Ambam,Ambam,Vallée - Du - Ntem,Sud,0.998,2452.41,34798,14.2,35159,14.3,ESTIMATION_MODELISEE,WORLDPOP_R2025A_CN_100M,GEOBOUNDARIES_CMR_ADM3_9469f09
9386221B29176402500611,Kyé-Ossi, Kyé Ossi,Vallée - Du - Ntem,Sud,0.99,268.39,23821,88.8,24045,89.6,ESTIMATION_MODELISEE,WORLDPOP_R2025A_CN_100M,GEOBOUNDARIES_CMR_ADM3_9469f09
9386221B80778369836459,Ma'an,Ma'an,Vallée - Du - Ntem,Sud,0.997,3987.07,17891,4.5,18073,4.5,ESTIMATION_MODELISEE,WORLDPOP_R2025A_CN_100M,GEOBOUNDARIES_CMR_ADM3_9469f09
9386221B63067369284542,Olamzé,Olamzé,Vallée - Du - Ntem,Sud,0.992,477.1,7557,15.8,7630,16.0,ESTIMATION_MODELISEE,WORLDPOP_R2025A_CN_100M,GEOBOUNDARIES_CMR_ADM3_9469f09
9386221B49194032263505,Buea,Buea,Fako,Sud - Ouest,0.999,534.22,273251,511.5,280516,525.1,ESTIMATION_MODELISEE,WORLDPOP_R2025A_CN_100M,GEOBOUNDARIES_CMR_ADM3_9469f09
9386221B44003243479598,Idenau,Idenau,Fako,Sud - Ouest,0.991,305.43,10730,35.1,11017,36.1,ESTIMATION_MODELISEE,WORLDPOP_R2025A_CN_100M,GEOBOUNDARIES_CMR_ADM3_9469f09
9386221B95365842181004,Limbé I,Limbe 1,Fako,Sud - Ouest,0.998,79.9,133460,1670.4,137000,1714.7,ESTIMATION_MODELISEE,WORLDPOP_R2025A_CN_100M,GEOBOUNDARIES_CMR_ADM3_9469f09
9386221B69899038770717,Limbé II,Limbe 2,Fako,Sud - Ouest,0.988,58.36,123484,2116.0,126901,2174.6,ESTIMATION_MODELISEE,WORLDPOP_R2025A_CN_100M,GEOBOUNDARIES_CMR_ADM3_9469f09
9386221B28684632711326,Limbé III,Limbe 3,Fako,Sud - Ouest,0.912,112.49,19799,176.0,20349,180.9,ESTIMATION_MODELISEE,WORLDPOP_R2025A_CN_100M,GEOBOUNDARIES_CMR_ADM3_9469f09
9386221B29102509952712,Muyuka,Muyuka,Fako,Sud - Ouest,0.999,476.34,105652,221.8,107923,226.6,ESTIMATION_MODELISEE,WORLDPOP_R2025A_CN_100M,GEOBOUNDARIES_CMR_ADM3_9469f09
9386221B76747018247940,Tiko,Tiko,Fako,Sud - Ouest,0.996,468.73,152570,325.5,156461,333.8,ESTIMATION_MODELISEE,WORLDPOP_R2025A_CN_100M,GEOBOUNDARIES_CMR_ADM3_9469f09
9386221B28277166506413,Bangem,Bangem,Kupé Manenguba,Sud - Ouest,0.999,572.48,43726,76.4,44887,78.4,ESTIMATION_MODELISEE,WORLDPOP_R2025A_CN_100M,GEOBOUNDARIES_CMR_ADM3_9469f09
9386221B66377305480257,Nguti,Nguti,Kupé Manenguba,Sud - Ouest,0.996,1850.56,37473,20.2,38464,20.8,ESTIMATION_MODELISEE,WORLDPOP_R2025A_CN_100M,GEOBOUNDARIES_CMR_ADM3_9469f09
9386221B13548901554044,Tombel,Tombel,Kupé Manenguba,Sud - Ouest,0.978,1029.34,91760,89.1,94007,91.3,ESTIMATION_MODELISEE,WORLDPOP_R2025A_CN_100M,GEOBOUNDARIES_CMR_ADM3_9469f09
9386221B80027112705333,Alou,Alou,Lebialem,Sud - Ouest,0.994,152.78,45401,297.2,45993,301.0,ESTIMATION_MODELISEE,WORLDPOP_R2025A_CN_100M,GEOBOUNDARIES_CMR_ADM3_9469f09
9386221B13423567851264,Menji,Fontem,Lebialem,Sud - Ouest,0.999,236.66,46211,195.3,46903,198.2,ESTIMATION_MODELISEE,WORLDPOP_R2025A_CN_100M,GEOBOUNDARIES_CMR_ADM3_9469f09
9386221B41994982310047,Wabane,Wabane,Lebialem,Sud - Ouest,1.0,252.29,44182,175.1,44775,177.5,ESTIMATION_MODELISEE,WORLDPOP_R2025A_CN_100M,GEOBOUNDARIES_CMR_ADM3_9469f09
9386221B97417747097064,Akwaya,Akwaya,Manyu,Sud - Ouest,0.996,3681.48,67042,18.2,68855,18.7,ESTIMATION_MODELISEE,WORLDPOP_R2025A_CN_100M,GEOBOUNDARIES_CMR_ADM3_9469f09
9386221B10114916038051,Eyumodjock,Eyumojock,Manyu,Sud - Ouest,0.994,1372.58,23409,17.1,24047,17.5,ESTIMATION_MODELISEE,WORLDPOP_R2025A_CN_100M,GEOBOUNDARIES_CMR_ADM3_9469f09
9386221B39826113805854,Mamfe,Mamfe,Manyu,Sud - Ouest,0.998,3199.42,187229,58.5,191855,60.0,ESTIMATION_MODELISEE,WORLDPOP_R2025A_CN_100M,GEOBOUNDARIES_CMR_ADM3_9469f09
9386221B4961932619134,Tinto,Upper Bayang,Manyu,Sud - Ouest,1.0,1217.44,43914,36.1,45091,37.0,ESTIMATION_MODELISEE,WORLDPOP_R2025A_CN_100M,GEOBOUNDARIES_CMR_ADM3_9469f09
9386221B73476553425751,Konye,Konye,Meme,Sud - Ouest,1.0,977.03,78457,80.3,80433,82.3,ESTIMATION_MODELISEE,WORLDPOP_R2025A_CN_100M,GEOBOUNDARIES_CMR_ADM3_9469f09
9386221B63553235506864,Kumba I,Kumba 1,Meme,Sud - Ouest,0.995,431.1,172177,399.4,176515,409.4,ESTIMATION_MODELISEE,WORLDPOP_R2025A_CN_100M,GEOBOUNDARIES_CMR_ADM3_9469f09
9386221B50258802774894,Kumba II,Kumba 2,Meme,Sud - Ouest,0.987,229.89,150422,654.3,154448,671.8,ESTIMATION_MODELISEE,WORLDPOP_R2025A_CN_100M,GEOBOUNDARIES_CMR_ADM3_9469f09
9386221B31915824394647,Kumba III,Kumba 3,Meme,Sud - Ouest,0.991,408.29,124693,305.4,128176,313.9,ESTIMATION_MODELISEE,WORLDPOP_R2025A_CN_100M,GEOBOUNDARIES_CMR_ADM3_9469f09
9386221B77010589979362,Mbonge,Mbonge,Meme,Sud - Ouest,0.998,802.75,69937,87.1,71557,89.1,ESTIMATION_MODELISEE,WORLDPOP_R2025A_CN_100M,GEOBOUNDARIES_CMR_ADM3_9469f09
9386221B49652047441621,Bamusso,Bamusso,Ndian,Sud - Ouest,0.982,658.15,27871,42.3,28626,43.5,ESTIMATION_MODELISEE,WORLDPOP_R2025A_CN_100M,GEOBOUNDARIES_CMR_ADM3_9469f09
9386221B75104218027540,Dikome-Balue,Dikoume-Balue,Ndian,Sud - Ouest,0.998,404.73,10351,25.6,10660,26.3,ESTIMATION_MODELISEE,WORLDPOP_R2025A_CN_100M,GEOBOUNDARIES_CMR_ADM3_9469f09
9386221B7911071193470,Ekondo-Titi,Ekondo Titi,Ndian,Sud - Ouest,0.988,695.96,66508,95.6,68145,97.9,ESTIMATION_MODELISEE,WORLDPOP_R2025A_CN_100M,GEOBOUNDARIES_CMR_ADM3_9469f09
9386221B9418579396637,Idabato,Idabato,Ndian,Sud - Ouest,0.945,120.06,10724,89.3,11061,92.1,ESTIMATION_MODELISEE,WORLDPOP_R2025A_CN_100M,GEOBOUNDARIES_CMR_ADM3_9469f09
9386221B67102516877537,Isanguele,Isangele,Ndian,Sud - Ouest,0.992,332.11,11784,35.5,12137,36.5,ESTIMATION_MODELISEE,WORLDPOP_R2025A_CN_100M,GEOBOUNDARIES_CMR_ADM3_9469f09
9386221B80502497294933,Kombo-Abedimo,Kombo Abedimo,Ndian,Sud - Ouest,1.0,248.44,1991,8.0,2028,8.2,ESTIMATION_MODELISEE,WORLDPOP_R2025A_CN_100M,GEOBOUNDARIES_CMR_ADM3_9469f09
9386221B54934718963778,Kombo-Itindi,Kombo Itindi,Ndian,Sud - Ouest,0.995,375.51,2586,6.9,2645,7.0,ESTIMATION_MODELISEE,WORLDPOP_R2025A_CN_100M,GEOBOUNDARIES_CMR_ADM3_9469f09
9386221B15912043956147,Mudemba,Mundemba,Ndian,Sud - Ouest,0.998,1857.02,36235,19.5,37109,20.0,ESTIMATION_MODELISEE,WORLDPOP_R2025A_CN_100M,GEOBOUNDARIES_CMR_ADM3_9469f09
9386221B52052898364822,Toko,Toko,Ndian,Sud - Ouest,0.998,1492.21,15242,10.2,15632,10.5,ESTIMATION_MODELISEE,WORLDPOP_R2025A_CN_100M,GEOBOUNDARIES_CMR_ADM3_9469f09
