niveau,code_ocha,nom_ocha,shape_id_gb,nom_gb,nom_en_ocha,type_ecart_nom,recouvrement_iou,nb_unites_ocha_sur_meme_unite_gb,remarque
ADM1,CM001,Adamaoua,27767025B32580592296844,Adamaoua,Adamawa,identique,0.947,1.0,
ADM1,CM002,Centre,27767025B11866847137657,Centre,Centre,identique,0.971,1.0,
ADM1,CM003,Est,27767025B81519146961984,East,East,identique,0.976,1.0,
ADM1,CM004,Extrême-Nord,27767025B65184844379073,Far North,Far-North,identique,0.957,1.0,
ADM1,CM005,Littoral,27767025B72594666306589,Littoral,Littoral,identique,0.926,1.0,
ADM1,CM006,Nord,27767025B7666404469333,North,North,identique,0.95,1.0,
ADM1,CM007,Nord-Ouest,27767025B74489197250691,North-West,North-West,identique,0.957,1.0,
ADM1,CM008,Ouest,27767025B65871807342439,West,West,identique,0.935,1.0,
ADM1,CM009,Sud,27767025B67924123829422,South,South,identique,0.977,1.0,
ADM1,CM010,Sud-Ouest,27767025B54850051814081,South-West,South-West,identique,0.952,1.0,
ADM2,CM001001,Djérem,32672807B72380332498823,Djerem,,identique,0.943,1.0,
ADM2,CM001002,Faro-et-Déo,32672807B79440248069412,Faro-et-Deo,,identique,0.912,1.0,
ADM2,CM001003,Mayo-Banyo,32672807B95498803014525,Mayo-Banyo,,identique,0.911,1.0,
ADM2,CM001004,Mbéré,32672807B16068661668461,Mbere,,identique,0.916,1.0,
ADM2,CM001005,Vina,32672807B59264134581656,Vina,,identique,0.942,1.0,
ADM2,CM002001,Haute-Sanaga,32672807B25561230915667,Haute-Sanaga,,identique,0.939,1.0,
ADM2,CM002002,Lekié,32672807B3101876589222,Lekie,,identique,0.833,1.0,
ADM2,CM002003,Mbam-et-Inoubou,32672807B45233775776188,Mbam-et-Inoubou,,identique,0.927,1.0,
ADM2,CM002004,Mbam-et-Kim,32672807B95944109326060,Mbam-et-Kim,,identique,0.971,1.0,
ADM2,CM002005,Mefou-et-Afamba,32672807B57773393916452,Mefou-et-Afamba,,identique,0.832,1.0,
ADM2,CM002006,Mefou-et-Akono,32672807B65731125326388,Mefou-et-Akono,,identique,0.811,1.0,
ADM2,CM002007,Mfoundi,32672807B36529963659187,Mfoundi,,identique,0.356,1.0,
ADM2,CM002008,Nyong-et-Kellé,32672807B27096701160694,Nyong-et-Kelle,,identique,0.937,1.0,
ADM2,CM002009,Nyong-et-Mfoumou,32672807B17257894448554,Nyong-et-Mfoumou,,identique,0.934,1.0,
ADM2,CM002010,Nyong-et-So'o,32672807B23369878558765,Nyong-et-So,,orthographe,0.903,1.0,
ADM2,CM003001,Boumba-et-Ngoko,32672807B40314964499081,Boumba-Et-Ngoko,,identique,0.951,1.0,
ADM2,CM003002,Haut-Nyong,32672807B24706785822934,Haut-Nyong,,identique,0.977,1.0,
ADM2,CM003003,Kadey,32672807B29047919086815,Kadei,,orthographe,0.972,1.0,
ADM2,CM003004,Lom-et-Djérem,32672807B76674513300734,Lom-Et-Djerem,,identique,0.963,1.0,
ADM2,CM004001,Diamaré,32672807B30054475581978,Diamare,,identique,0.72,1.0,
ADM2,CM004002,Logone-et-Chari,32672807B53801841297301,Logone-Et-Chari,,identique,0.912,1.0,
ADM2,CM004003,Mayo-Danay,32672807B23743986432811,Mayo-Danay,,identique,0.855,1.0,
ADM2,CM004004,Mayo-Kani,32672807B89855431664933,Mayo-Kani,,identique,0.832,1.0,
ADM2,CM004005,Mayo-Sava,32672807B4790524999002,Mayo-Sava,,identique,0.721,1.0,
ADM2,CM004006,Mayo-Tsanaga,32672807B48868778994443,Mayo-Tsanaga,,identique,0.776,1.0,
ADM2,CM005001,Moungo,32672807B47378783864223,Moungo,,identique,0.836,1.0,
ADM2,CM005002,Nkam,32672807B89475673783386,Nkam,,identique,0.884,1.0,
ADM2,CM005003,Sanaga-Maritime,32672807B95558278906476,Sanaga-Maritime,,identique,0.931,1.0,
ADM2,CM005004,Wouri,32672807B59545531100821,Wouri,,identique,0.644,1.0,
ADM2,CM006001,Bénoué,32672807B41938793250317,Benoue,,identique,0.921,1.0,
ADM2,CM006002,Faro,32672807B99512491314233,Faro,,identique,0.916,1.0,
ADM2,CM006003,Mayo-Louti,32672807B2656917895115,Mayo-Louti,,identique,0.832,1.0,
ADM2,CM006004,Mayo-Rey,32672807B45774164265008,Mayo-Rey,,identique,0.957,1.0,
ADM2,CM007001,Boyo,32672807B40523536040617,Boyo,,identique,0.837,1.0,
ADM2,CM007002,Bui,32672807B1542757875740,Bui,,identique,0.841,1.0,
ADM2,CM007003,Donga-Mantung,32672807B54432963078560,Donga-Mantung,,identique,0.927,1.0,
ADM2,CM007004,Menchum,32672807B61384913593218,Menchum,,identique,0.926,1.0,
ADM2,CM007005,Mezam,32672807B13167032786609,Mezam,,identique,0.772,1.0,
ADM2,CM007006,Momo,32672807B23500574999001,Momo,,identique,0.738,1.0,
ADM2,CM007007,Ngo-Ketunjia,32672807B14234433619225,Ngo-ketunjia,,identique,0.785,1.0,
ADM2,CM008001,Bamboutos,32672807B7261733805593,Bamboutos,,identique,0.848,1.0,
ADM2,CM008002,Haut-Nkam,32672807B36469761565883,Haut-Nkam,,identique,0.813,1.0,
ADM2,CM008003,Hauts-Plateaux,32672807B20400591725657,Hauts-Plateaux,,identique,0.628,1.0,
ADM2,CM008004,Koung-Khi,32672807B81686658173178,Koung-Khi,,identique,0.625,1.0,
ADM2,CM008005,Menoua,32672807B11213510980510,Menoua,,identique,0.871,1.0,
ADM2,CM008006,Mifi,32672807B3469332008383,Mifi,,identique,0.703,1.0,
ADM2,CM008007,Ndé,32672807B46712188555835,Nde,,identique,0.82,1.0,
ADM2,CM008008,Noun,32672807B7266662414716,Noun,,identique,0.959,1.0,
ADM2,CM009001,Dja-et-Lobo,32672807B39721432011370,Dja-Et-Lobo,,identique,0.978,1.0,
ADM2,CM009002,Mvila,32672807B58704883317804,Mvila,,identique,0.8,1.0,
ADM2,CM009003,Océan,32672807B78470526928215,Ocean,,identique,0.909,1.0,
ADM2,CM009004,Vallée-du-Ntem,32672807B18543980764744,Vallee-du-Ntem,,identique,0.867,1.0,
ADM2,CM010001,Fako,32672807B90592144632468,Fako,,identique,0.862,1.0,
ADM2,CM010002,Kupe-Manenguba,32672807B45405319599490,Kupe-Manenguba,,identique,0.832,1.0,
ADM2,CM010003,Lebialem,32672807B23253489436904,Lebialem,,identique,0.717,1.0,
ADM2,CM010004,Manyu,32672807B1261524164639,Manyu,,identique,0.915,1.0,
ADM2,CM010005,Meme,32672807B73139620026087,Meme,,identique,0.804,1.0,
ADM2,CM010006,Ndian,32672807B48556267066765,Ndian,,identique,0.878,1.0,
ADM2,,,32672807B64707946298331,Sanaga-Maritime,,,,,unité geoBoundaries sans unité OCHA de plus grand recouvrement
ADM2,,,32672807B79900399400197,Ndian,,,,,unité geoBoundaries sans unité OCHA de plus grand recouvrement
ADM3,CM001001001,Ngaoundal,9386221B79807514363005,Ngaoundal,,identique,1.0,1.0,
ADM3,CM001001002,Tibati,9386221B19712168109098,Tabati,,orthographe,1.0,1.0,
ADM3,CM001002001,Galim-Tignere,9386221B56423298576810,Galim-Tignère,,identique,1.0,1.0,
ADM3,CM001002002,Kontcha,9386221B83688438968911,Kontcha,,identique,1.0,1.0,
ADM3,CM001002003,Mayo-Baleo,9386221B75894342225273,Mayo-Baléo,,identique,1.0,1.0,
ADM3,CM001002004,Tignere,9386221B72186674772599,Tignère,,identique,1.0,1.0,
ADM3,CM001003001,Bankim,9386221B49690610034766,Bankim,,identique,1.0,1.0,
ADM3,CM001003002,Banyo,9386221B95759817871556,Banyo,,identique,1.0,1.0,
ADM3,CM001003003,Mayo-Darle,9386221B6377751179039,Mayo-Darlé,,identique,1.0,1.0,
ADM3,CM001004001,Dir,9386221B24523978405317,Dir,,identique,1.0,1.0,
ADM3,CM001004002,Djohong,9386221B43590333993773,Djohong,,identique,1.0,1.0,
ADM3,CM001004003,Meiganga,9386221B62336518359995,Meiganga,,identique,1.0,1.0,
ADM3,CM001004004,Ngaoui,9386221B20856421798014,Ngaoui,,identique,1.0,1.0,
ADM3,CM001005001,Belel,9386221B86555112377323,Bélel,,identique,1.0,1.0,
ADM3,CM001005002,Martap,9386221B45425107612408,Martap,,identique,1.0,1.0,
ADM3,CM001005003,Mbe,9386221B22617176648961,Mbé,,identique,1.0,1.0,
ADM3,CM001005004,Nganha,9386221B27808303815769,Ngan'ha,,identique,1.0,1.0,
ADM3,CM001005005,Ngaoundere 1er,9386221B41429831054042,Ngaoundéré I,,orthographe,1.0,1.0,
ADM3,CM001005006,Ngaoundere 2e,9386221B60959306764795,Ngaoundéré II,,orthographe,1.0,1.0,
ADM3,CM001005007,Ngaoundere 3e,9386221B16773551692395,Ngaoundéré III,,orthographe,1.0,1.0,
ADM3,CM001005008,Nyambaka,9386221B63558016528388,Nyambaka,,identique,1.0,1.0,
ADM3,CM002001001,Bibey,9386221B78288221055850,Bibey,,identique,1.0,1.0,
ADM3,CM002001002,Lembe Yezoum,9386221B12871175619007,Lembe Yezoum,,identique,1.0,1.0,
ADM3,CM002001003,Mbandjock,9386221B58725943813912,Mbandjock,,identique,1.0,1.0,
ADM3,CM002001004,Minta,9386221B72803640031739,Minta,,identique,1.0,1.0,
ADM3,CM002001005,Nanga-Eboko,9386221B30079152631265,Nanga-Eboko,,identique,1.0,1.0,
ADM3,CM002001006,Nkoteng,9386221B5549911640036,Nkoteng,,identique,1.0,1.0,
ADM3,CM002001007,Nsem,9386221B29439611167518,Nsem,,identique,1.0,1.0,
ADM3,CM002002001,Batchenga,9386221B67921036823798,Batchenga,,identique,1.0,1.0,
ADM3,CM002002002,Ebebda,9386221B8445615710789,Ebebda,,identique,1.0,1.0,
ADM3,CM002002003,Elig-Mfomo,9386221B4228377683115,Elig-Mfomo,,identique,1.0,1.0,
ADM3,CM002002004,Evodoula,9386221B99356149209388,Evodoula,,identique,1.0,1.0,
ADM3,CM002002005,Lobo,9386221B69382232714258,Lobo,,identique,1.0,1.0,
ADM3,CM002002006,Monatele,9386221B5949331525630,Monatélé,,identique,1.0,1.0,
ADM3,CM002002007,Obala,9386221B43764539734094,Obala,,identique,1.0,1.0,
ADM3,CM002002008,Okola,9386221B26371273513281,Okala,,orthographe,1.0,1.0,
ADM3,CM002002009,Saa,9386221B53456133696336,Sa'a,,identique,1.0,1.0,
ADM3,CM002003001,Bafia,9386221B67742438381032,Bafia,,identique,1.0,1.0,
ADM3,CM002003002,Bokito,9386221B25127746311543,Bokito,,identique,1.0,1.0,
ADM3,CM002003003,Deuk,9386221B29514066115612,Deuk,,identique,1.0,1.0,
ADM3,CM002003004,Kiiki,9386221B32510517972277,Kiiki,,identique,1.0,1.0,
ADM3,CM002003005,Kon Yambetta,9386221B75309730271740,Kon-Yambetta,,identique,1.0,1.0,
ADM3,CM002003006,Makenene,9386221B61437409238039,Makenene,,identique,1.0,1.0,
ADM3,CM002003007,Ndikinimeki,9386221B20872293533927,Ndikiniméki,,identique,1.0,1.0,
ADM3,CM002003008,Nitoukou,9386221B93171671675952,Nitoukou,,identique,1.0,1.0,
ADM3,CM002003009,Ombessa,9386221B77875599033444,Ombessa,,identique,1.0,1.0,
ADM3,CM002004001,Mbangassina,9386221B55468648796943,Mbangassina,,identique,1.0,1.0,
ADM3,CM002004002,Ngambe-Tikar,9386221B4287274397308,Ngambé-Tikar,,identique,1.0,1.0,
ADM3,CM002004003,Ngoro,9386221B86637045345596,Ngoro,,identique,1.0,1.0,
ADM3,CM002004004,Ntui,9386221B82954047932439,Ntui,,identique,1.0,1.0,
ADM3,CM002004005,Yoko,9386221B59641412270036,Yoko,,identique,1.0,1.0,
ADM3,CM002005001,Afanloum,9386221B36296170087254,Afanloum,,identique,1.0,1.0,
ADM3,CM002005002,Assamba,9386221B73833622274128,Olanguina,,nom_different,1.0,1.0,
ADM3,CM002005003,Awae,9386221B17144458864430,Awaé,,identique,1.0,1.0,
ADM3,CM002005004,Edzendouan,9386221B13087768970477,Edzendouan,,identique,1.0,1.0,
ADM3,CM002005005,Esse,9386221B89727534765120,Esse,,identique,1.0,1.0,
ADM3,CM002005006,Mfou,9386221B43080782869533,Mfou,,identique,1.0,1.0,
ADM3,CM002005007,Nkolafamba,9386221B53910864133927,Nkolafamba,,identique,1.0,1.0,
ADM3,CM002005008,Soa,9386221B87256972137423,Soa,,identique,1.0,1.0,
ADM3,CM002006001,Akono,9386221B59360466717937,Akono,,identique,1.0,1.0,
ADM3,CM002006002,Bikok,9386221B89274956330401,Bikok,,identique,1.0,1.0,
ADM3,CM002006003,Mbankomo,9386221B74669662055671,Mbankomo,,identique,1.0,1.0,
ADM3,CM002006004,Ngoumou,9386221B17458890045458,Ngoumou,,identique,1.0,1.0,
ADM3,CM002007001,Yaounde 1er,9386221B56027412894684,Yaoundé I,,orthographe,1.0,1.0,
ADM3,CM002007002,Yaounde 2e,9386221B66762903352612,Yaoundé II,,orthographe,1.0,1.0,
ADM3,CM002007003,Yaounde 3e,9386221B385560552798,Yaoundé III,,orthographe,1.0,1.0,
ADM3,CM002007004,Yaounde 4e,9386221B61842396914424,Yaoundé IV,,orthographe,1.0,1.0,
ADM3,CM002007005,Yaounde 5e,9386221B47531248617039,Yaoundé V,,orthographe,1.0,1.0,
ADM3,CM002007006,Yaounde 6e,9386221B408891228510,Yaoundé VI,,orthographe,1.0,1.0,
ADM3,CM002007007,Yaounde 7e,9386221B18291950390240,Yaoundé VII,,orthographe,1.0,1.0,
ADM3,CM002008001,Biyouha,9386221B27280428492001,Biyouha,,identique,1.0,1.0,
ADM3,CM002008002,Bondjock,9386221B94928335677765,Bondjock,,identique,1.0,1.0,
ADM3,CM002008003,Bot-Makak,9386221B14010727305862,Bot-Makak,,identique,1.0,1.0,
ADM3,CM002008004,Dibang,9386221B71477109713261,Dibang,,identique,1.0,1.0,
ADM3,CM002008005,Eseka,9386221B95873935234935,Éséka,,identique,1.0,1.0,
ADM3,CM002008006,Makak,9386221B85452461544268,Makak,,identique,1.0,1.0,
ADM3,CM002008007,Matomb,9386221B1245925446026,Matomb,,identique,1.0,1.0,
ADM3,CM002008008,Messondo,9386221B95176650211537,Messondo,,identique,1.0,1.0,
ADM3,CM002008009,Ngog-Mapubi,9386221B76190049410209,Ngog-Mapubi,,identique,1.0,1.0,
ADM3,CM002008010,Nguibassal,9386221B67839957602205,Nguibassal,,identique,1.0,1.0,
ADM3,CM002009001,Akonolinga,9386221B37954164953849,Akonolinga,,identique,1.0,1.0,
ADM3,CM002009002,Ayos,9386221B58704710272868,Ayos,,identique,1.0,1.0,
ADM3,CM002009003,Endom,9386221B91105582314493,Endom,,identique,1.0,1.0,
ADM3,CM002009004,Mengang,9386221B66792817741098,Mengang,,identique,1.0,1.0,
ADM3,CM002009005,Nyakokombo,9386221B86425664382828,Kobdombo,,nom_different,1.0,1.0,
ADM3,CM002010001,Akoeman,9386221B18243073945100,Akoéman,,identique,1.0,1.0,
ADM3,CM002010002,Dzeng,9386221B39879304680772,Dzeng,,identique,1.0,1.0,
ADM3,CM002010003,Mbalmayo,9386221B58745723770454,Mbalmayo,,identique,1.0,1.0,
ADM3,CM002010004,Mengueme,9386221B93294394992231,Mengueme,,identique,1.0,1.0,
ADM3,CM002010005,Ngomedzap,9386221B50506655196067,Ngomedzap,,identique,1.0,1.0,
ADM3,CM002010006,Nkolmetet,9386221B18747608346686,Nkol-Métet,,identique,1.0,1.0,
ADM3,CM003001001,Gari Gombo,9386221B12783546794801,Gari-Gombo,,identique,1.0,1.0,
ADM3,CM003001002,Moloundou,9386221B64770974028815,Mouloundou,,orthographe,1.0,1.0,
ADM3,CM003001003,Salapoumbe,9386221B27515073075422,Salapoumbé,,identique,1.0,1.0,
ADM3,CM003001004,Yokadouma,9386221B14880096394558,Yokadouma,,identique,1.0,1.0,
ADM3,CM003002001,Abong-Mbang,9386221B11002664391100,Abong-Mbang,,identique,1.0,1.0,
ADM3,CM003002002,Bebend,9386221B52133051917416,Atok,,nom_different,0.999,1.0,
ADM3,CM003002003,Dimako,9386221B37271729797840,Dimako,,identique,1.0,1.0,
ADM3,CM003002004,Dja,9386221B73164883386561,Mindourou,,nom_different,1.0,1.0,
ADM3,CM003002005,Doumaintang,9386221B18324110453831,Doumaintang,,identique,1.0,1.0,
ADM3,CM003002006,Doume,9386221B37966220698587,Doumé,,identique,1.0,1.0,
ADM3,CM003002007,Lomie,9386221B58945663298382,Lomié,,identique,1.0,1.0,
ADM3,CM003002008,Mboanz,9386221B48792868038204,Angossas,,nom_different,1.0,1.0,
ADM3,CM003002009,Mboma,9386221B43096066125495,Mboma,,identique,1.0,1.0,
ADM3,CM003002010,Messamena,9386221B82613512248769,Messaména,,identique,1.0,1.0,
ADM3,CM003002011,Messok,9386221B68314986466248,Messock,,orthographe,1.0,1.0,
ADM3,CM003002012,Ngoyla,9386221B65663858061851,Ngoyla,,identique,1.0,1.0,
ADM3,CM003002013,Nguelemendouka,9386221B10676195344752,Nguelemendouka,,identique,1.0,1.0,
ADM3,CM003002014,Somalomo,9386221B27682953548851,Somalomo,,identique,1.0,1.0,
ADM3,CM003003001,Batouri,9386221B69502983306293,Batouri,,identique,1.0,1.0,
ADM3,CM003003002,Bombe,9386221B45326950687577,Kentzou,,nom_different,1.0,1.0,
ADM3,CM003003003,Kette,9386221B55011074826496,Kétté,,identique,1.0,1.0,
ADM3,CM003003004,Mbang,9386221B33572677015820,Mbang,,identique,1.0,1.0,
ADM3,CM003003005,Mbotoro,9386221B21402585210419,Ouli,,nom_different,1.0,1.0,
ADM3,CM003003006,Ndelele,9386221B22697281755042,Ndélélé,,identique,1.0,1.0,
ADM3,CM003003007,Ndem Nam,9386221B37676907577094,Nguélébok,,nom_different,1.0,1.0,
ADM3,CM003004001,Belabo,9386221B49844150240276,Bélabo,,identique,1.0,1.0,
ADM3,CM003004002,Bertoua 1er,9386221B51081556140896,Bertoua I,,orthographe,1.0,1.0,
ADM3,CM003004003,Bertoua 2e,9386221B8023957088863,Bertoua II,,orthographe,1.0,1.0,
ADM3,CM003004004,Betare-Oya,9386221B82666420307712,Bétaré-Oya,,identique,1.0,1.0,
ADM3,CM003004005,Diang,9386221B16651803685150,Diang,,identique,1.0,1.0,
ADM3,CM003004006,Garoua-Boulai,9386221B24384451871957,Garoua-Boulaï,,identique,1.0,1.0,
ADM3,CM003004007,Mandjou,9386221B80147153922778,Mandjou,,identique,1.0,1.0,
ADM3,CM003004008,Ngoura,9386221B78668613240419,Ngoura,,identique,1.0,1.0,
ADM3,CM004001001,Bogo,9386221B75511298847900,Bogo,,identique,1.0,1.0,
ADM3,CM004001002,Dargala,9386221B64959093504079,Dargala,,identique,1.0,1.0,
ADM3,CM004001003,Gazawa,9386221B49150604315401,Gazawa,,identique,1.0,1.0,
ADM3,CM004001004,Maroua 1er,9386221B37888289163945,Maroua I,,orthographe,1.0,1.0,
ADM3,CM004001005,Maroua 2e,9386221B39841753878206,Maroua II,,orthographe,1.0,1.0,
ADM3,CM004001006,Maroua 3e,9386221B63234157800272,Maroua III,,orthographe,1.0,1.0,
ADM3,CM004001007,Meri,9386221B35606887625558,Meri,,identique,1.0,1.0,
ADM3,CM004001008,Ndoukoula,9386221B68680045868620,Ndoukoula,,identique,1.0,1.0,
ADM3,CM004001009,Pette,9386221B72848385976679,Pétté,,identique,1.0,1.0,
ADM3,CM004002001,Blangoua,9386221B63686862212730,Blangoua,,identique,1.0,1.0,
ADM3,CM004002002,Darak,9386221B58524800443339,Darak,,identique,1.0,1.0,
ADM3,CM004002003,Fotokol,9386221B46316017991506,Fotokol,,identique,1.0,1.0,
ADM3,CM004002004,Goulfey,9386221B32586311123071,Goulfey,,identique,1.0,1.0,
ADM3,CM004002005,Hile-Alifa,9386221B39773642764490,Hilé - Alifa,,identique,1.0,1.0,
ADM3,CM004002006,Kousseri,9386221B62355710838031,Kousséri,,identique,1.0,1.0,
ADM3,CM004002007,Logone-Birni,9386221B75151477977368,Logone-Birni,,identique,1.0,1.0,
ADM3,CM004002008,Makary,9386221B23103159398534,Makary,,identique,1.0,1.0,
ADM3,CM004002009,Waza,9386221B67115727666707,Waza,,identique,1.0,1.0,
ADM3,CM004002010,Zina,9386221B59068819347143,Zina,,identique,1.0,1.0,
ADM3,CM004003001,Datcheka,9386221B19870181654988,Datchéka,,identique,1.0,1.0,
ADM3,CM004003002,Gobo,9386221B55243571105857,Gobo,,identique,1.0,1.0,
ADM3,CM004003003,Guere,9386221B37656642959733,Guéré,,identique,1.0,1.0,
ADM3,CM004003004,Kai-Kai,9386221B32858528046602,Kai-Kai,,identique,1.0,1.0,
ADM3,CM004003005,Kalfou,9386221B8700999624976,Kalfou,,identique,1.0,1.0,
ADM3,CM004003006,Kar-Hay,9386221B62771652118747,Kar-Hay,,identique,1.0,1.0,
ADM3,CM004003007,Maga,9386221B80738734605470,Maga,,identique,1.0,1.0,
ADM3,CM004003008,Tchatibali,9386221B48086632722257,Tchatibali,,identique,1.0,1.0,
ADM3,CM004003009,Vele,9386221B6258875435792,Guémé,,nom_different,1.0,1.0,
ADM3,CM004003010,Wina,9386221B6590721428979,Wina,,identique,1.0,1.0,
ADM3,CM004003011,Yagoua,9386221B77038757135535,Yagoua,,identique,1.0,1.0,
ADM3,CM004004001,Guidiguis,9386221B96404990454766,Guidiguis,,identique,1.0,1.0,
ADM3,CM004004002,Kaele,9386221B95656062401724,Kaélé,,identique,1.0,1.0,
ADM3,CM004004003,Mindif,9386221B5072173387856,Mindif,,identique,1.0,1.0,
ADM3,CM004004004,Moulvoudaye,9386221B62243000391182,Moulvoudaye,,identique,1.0,1.0,
ADM3,CM004004005,Moutourwa,9386221B19787450988767,Moutourwa,,identique,1.0,1.0,
ADM3,CM004004006,Porhi,9386221B93722401530066,Touloum,,nom_different,1.0,1.0,
ADM3,CM004004007,Taibong,9386221B74984703788986,Dziguilao,,nom_different,1.0,1.0,
ADM3,CM004005001,Kolofata,9386221B97708588482854,Kolofata,,identique,1.0,1.0,
ADM3,CM004005002,Mora,9386221B10315738090869,Mora,,identique,1.0,1.0,
ADM3,CM004005003,Tokombere,9386221B16078017148885,Tokombéré,,identique,1.0,1.0,
ADM3,CM004006001,Bourrha,9386221B55088340014824,Bourha,,orthographe,1.0,1.0,
ADM3,CM004006002,Hina,9386221B17595337609897,Hina,,identique,1.0,1.0,
ADM3,CM004006003,Koza,9386221B39531153128231,Koza,,identique,1.0,1.0,
ADM3,CM004006004,Mayo-Moskota,9386221B20564328998936,Mozogo,,nom_different,1.0,1.0,
ADM3,CM004006005,Mogode,9386221B8963081327305,Mogodé,,identique,1.0,1.0,
ADM3,CM004006006,Mokolo,9386221B6080891067496,Mokolo,,identique,1.0,1.0,
ADM3,CM004006007,Soulede-Roua,9386221B78963061859533,Soulèdé-Roua,,identique,1.0,1.0,
ADM3,CM005001001,Bare-Bakem,9386221B30051434650044,Baré,,nom_different,1.0,1.0,
ADM3,CM005001002,Dibombari,9386221B75550401149106,Dibombari,,identique,1.0,1.0,
ADM3,CM005001003,Fiko,9386221B30894039862111,Bonaléa,,nom_different,1.0,1.0,
ADM3,CM005001004,Loum,9386221B16283257097983,Loum,,identique,1.0,1.0,
ADM3,CM005001005,Manjo,9386221B10867948981136,Manjo,,identique,1.0,1.0,
ADM3,CM005001006,Mbanga,9386221B75611895729261,Mbanga,,identique,1.0,1.0,
ADM3,CM005001007,Melong,9386221B94264369685837,Mélong,,identique,1.0,1.0,
ADM3,CM005001008,Mombo,9386221B80647528880621,Mombo,,identique,1.0,1.0,
ADM3,CM005001009,Njombe-Penja,9386221B67580120120564,Penja,,nom_different,1.0,1.0,
ADM3,CM005001010,Nkongsamba 1er,9386221B96447253023617,Nkongsamba I,,orthographe,1.0,1.0,
ADM3,CM005001011,Nkongsamba 2e,9386221B60241356719243,Nkongsamba II,,orthographe,1.0,1.0,
ADM3,CM005001012,Nkongsamba 3e,9386221B619753199247,Nkongsamba III,,orthographe,1.0,1.0,
ADM3,CM005001013,Nlonako,9386221B35328439826691,Ebone,,nom_different,1.0,1.0,
ADM3,CM005002001,Nkondjock,9386221B1059457996109,Nkondjock,,identique,1.0,1.0,
ADM3,CM005002002,Nord-Makombe,9386221B75922798345656,Ndobian,,nom_different,1.0,1.0,
ADM3,CM005002003,Yabassi,9386221B93246025819017,Yabassi,,identique,1.0,1.0,
ADM3,CM005002004,Yingui,9386221B6787106821282,Yingui,,identique,1.0,1.0,
ADM3,CM005003001,Dibamba,9386221B8043626447015,Dibamba,,identique,1.0,1.0,
ADM3,CM005003002,Dizangue,9386221B56269474384543,Dizangué,,identique,0.97,1.0,
ADM3,CM005003003,Edea 1er,9386221B54279120074144,Édéa I,,orthographe,0.998,1.0,
ADM3,CM005003004,Edea 2e,9386221B90884324129928,Édéa II,,orthographe,1.0,1.0,
ADM3,CM005003005,Massock-Songloulou,9386221B96736670924353,Massok,,nom_different,1.0,1.0,
ADM3,CM005003006,Mouanko,9386221B92648663236889,Mouanko,,identique,0.995,1.0,
ADM3,CM005003007,Ndom,9386221B96867606026862,Ndom,,identique,1.0,1.0,
ADM3,CM005003008,Ngambe,9386221B12377496581345,Ngambé,,identique,1.0,1.0,
ADM3,CM005003009,Ngwei,9386221B40010227149023,Ngwei,,identique,1.0,1.0,
ADM3,CM005003010,Nyanon,9386221B28277455363944,Nyanon,,identique,1.0,1.0,
ADM3,CM005003011,Pouma,9386221B99754301414299,Pouma,,identique,1.0,1.0,
ADM3,CM005004001,Douala 1er,9386221B53666537605784,Douala I,,orthographe,1.0,1.0,
ADM3,CM005004002,Douala 2e,9386221B25211619894918,Douala II,,orthographe,1.0,1.0,
ADM3,CM005004003,Douala 3e,9386221B90089366081240,Douala III,,orthographe,1.0,1.0,
ADM3,CM005004004,Douala 4e,9386221B2109018232138,Douala IV,,orthographe,1.0,1.0,
ADM3,CM005004005,Douala 5e,9386221B75147253795582,Douala V,,orthographe,1.0,1.0,
ADM3,CM005004006,Douala 6e,9386221B83686298967433,Douala VI,,orthographe,0.988,1.0,
ADM3,CM006001001,Bascheo,9386221B52857545604026,Baschéo,,identique,1.0,1.0,
ADM3,CM006001002,Bibemi,9386221B93864141471804,Bibemi,,identique,1.0,1.0,
ADM3,CM006001003,Dembo,9386221B46085147008796,Dembo,,identique,1.0,1.0,
ADM3,CM006001004,Demsa,9386221B7054821525392,Gachiga,,nom_different,1.0,1.0,
ADM3,CM006001005,Garoua 1er,9386221B20253498547252,Garoua I,,orthographe,1.0,1.0,
ADM3,CM006001006,Garoua 2e,9386221B68625330517672,Garoua II,,orthographe,1.0,1.0,
ADM3,CM006001007,Garoua 3e,9386221B8479962630576,Garoua III,,orthographe,1.0,1.0,
ADM3,CM006001008,Lagdo,9386221B73292182549514,Lagdo,,identique,1.0,1.0,
ADM3,CM006001009,Mayo-Hourna,9386221B72066933414683,Mayo-Hourna,,identique,1.0,1.0,
ADM3,CM006001010,Pitoa,9386221B57757990262555,Pitoa,,identique,1.0,1.0,
ADM3,CM006001011,Tcheboa,9386221B55259405982197,Ngong,,nom_different,1.0,1.0,
ADM3,CM006001012,Touroua,9386221B50142475459144,Touroua,,identique,1.0,1.0,
ADM3,CM006002001,Beka,9386221B817394517114,Béka,,identique,1.0,1.0,
ADM3,CM006002002,Poli,9386221B87764224122808,Poli,,identique,1.0,1.0,
ADM3,CM006003001,Figuil,9386221B74492421948677,Figuil,,identique,1.0,1.0,
ADM3,CM006003002,Guider,9386221B94640622657798,Guider,,identique,1.0,1.0,
ADM3,CM006003003,Mayo-Oulo,9386221B4855998486519,Mayo-Oulo,,identique,1.0,1.0,
ADM3,CM006004001,Madingring,9386221B44986910492464,Madingring,,identique,1.0,1.0,
ADM3,CM006004002,Rey-Bouba,9386221B32496835290273,Rey-Bouba,,identique,1.0,1.0,
ADM3,CM006004003,Tchollire,9386221B53888650456668,Tcholliré,,identique,1.0,1.0,
ADM3,CM006004004,Touboro,9386221B49027895017551,Touboro,,identique,1.0,1.0,
ADM3,CM007001001,Belo,9386221B10584910060209,Belo,,identique,1.0,1.0,
ADM3,CM007001002,Bum,9386221B27912146401862,Fonfuka,,nom_different,1.0,1.0,
ADM3,CM007001003,Fundong,9386221B41960338837393,Fundong,,identique,1.0,1.0,
ADM3,CM007001004,Njinikom,9386221B38813643560197,Njinikom,,identique,1.0,1.0,
ADM3,CM007002001,Jakiri,9386221B49407975684578,Jakiri,,identique,1.0,1.0,
ADM3,CM007002002,Kumbo,9386221B47273112743331,Kumbo,,identique,1.0,1.0,
ADM3,CM007002003,Mbven,9386221B83227007130233,Mbiame,,nom_different,1.0,1.0,
ADM3,CM007002004,Nkum,9386221B54304647872910,Nkum,,identique,1.0,1.0,
ADM3,CM007002005,Noni,9386221B8269091336277,Nkor,,nom_different,1.0,1.0,
ADM3,CM007002006,Oku,9386221B24367359264110,Elak,,nom_different,1.0,1.0,
ADM3,CM007003001,Ako,9386221B4723313213024,Ako,,identique,1.0,1.0,
ADM3,CM007003002,Misaje,9386221B66919178729406,Misaje,,identique,1.0,1.0,
ADM3,CM007003003,Ndu,9386221B34101725844769,Ndu,,identique,1.0,1.0,
ADM3,CM007003004,Nkambe,9386221B99383594947631,Nkambe,,identique,1.0,1.0,
ADM3,CM007003005,Nwa,9386221B79899623199002,Nwa,,identique,1.0,1.0,
ADM3,CM007004001,Fungom,9386221B16560289387491,Zhoa,,nom_different,1.0,1.0,
ADM3,CM007004002,Furu-Awa,9386221B70320783365301,Furu-Awa,,identique,1.0,1.0,
ADM3,CM007004003,Menchum-Valley,9386221B71813555449952,Benakuma,,nom_different,1.0,1.0,
ADM3,CM007004004,Wum,9386221B20951962555395,Wum,,identique,1.0,1.0,
ADM3,CM007005001,Bafut,9386221B4734208437172,Bafut,,identique,1.0,1.0,
ADM3,CM007005002,Bali,9386221B7414256229789,Bali,,identique,1.0,1.0,
ADM3,CM007005003,Bamenda 1st,9386221B54476981941176,Bamenda I,,orthographe,1.0,1.0,
ADM3,CM007005004,Bamenda 2nd,9386221B22071899137589,Bamenda II,,orthographe,1.0,1.0,
ADM3,CM007005005,Bamenda 3rd,9386221B66993756052315,Bamenda III,,orthographe,1.0,1.0,
ADM3,CM007005006,Santa,9386221B73734183269269,Santa,,identique,1.0,1.0,
ADM3,CM007005007,Tubah,9386221B66292272127124,Tubah,,identique,1.0,1.0,
ADM3,CM007006001,Batibo,9386221B97595327714942,Batibo,,identique,1.0,1.0,
ADM3,CM007006002,Mbengwi,9386221B24752046114571,Mbengwi,,identique,1.0,1.0,
ADM3,CM007006003,Ngie,9386221B56926695389051,Andek,,nom_different,1.0,1.0,
ADM3,CM007006004,Njikwa,9386221B63165166777879,Nijkwa,,orthographe,1.0,1.0,
ADM3,CM007006005,Widikum,9386221B90023713674660,Widikum-Boffé,,nom_different,1.0,1.0,
ADM3,CM007007001,Babessi,9386221B1232759127079,Babessi,,identique,1.0,1.0,
ADM3,CM007007002,Balikumbat,9386221B73412311901092,Balikumbat,,identique,1.0,1.0,
ADM3,CM007007003,Ndop,9386221B52857634221291,Ndop,,identique,1.0,1.0,
ADM3,CM008001001,Babadjou,9386221B15408498931793,Babadjou,,identique,1.0,1.0,
ADM3,CM008001002,Batcham,9386221B66622647198337,Batcham,,identique,1.0,1.0,
ADM3,CM008001003,Galim,9386221B76047173440366,Galim,,identique,1.0,1.0,
ADM3,CM008001004,Mbouda,9386221B73831476099133,Mbouda,,identique,1.0,1.0,
ADM3,CM008002001,Bafang,9386221B6452785602175,Bafang,,identique,1.0,1.0,
ADM3,CM008002002,Bakou,9386221B23383906860590,Bakou,,identique,1.0,1.0,
ADM3,CM008002003,Bana,9386221B50086624665316,Bana,,identique,1.0,1.0,
ADM3,CM008002004,Bandja,9386221B27766107417226,Bandja,,identique,1.0,1.0,
ADM3,CM008002005,Banka,9386221B4140050568988,Banka,,identique,1.0,1.0,
ADM3,CM008002006,Banwa,9386221B59470473521882,Banwa,,identique,1.0,1.0,
ADM3,CM008002007,Kekem,9386221B2927160517789,Kékem,,identique,1.0,1.0,
ADM3,CM008003001,Baham,9386221B13052337540758,Baham,,identique,1.0,1.0,
ADM3,CM008003002,Bamendjou,9386221B16898911948989,Bamendjou,,identique,1.0,1.0,
ADM3,CM008003003,Bangou,9386221B64905947036525,Bangou,,identique,1.0,1.0,
ADM3,CM008003004,Batie,9386221B62047908599091,Batié,,identique,1.0,1.0,
ADM3,CM008004001,Bayangam,9386221B5277654027539,Bayangam,,identique,1.0,1.0,
ADM3,CM008004002,Djebem,9386221B51714275611940,Demding,,nom_different,1.0,1.0,
ADM3,CM008004003,Poumougne,9386221B26431625132712,Pete-Bandjoun,,nom_different,1.0,1.0,
ADM3,CM008005001,Dschang,9386221B56259764543168,Dschang,,identique,1.0,1.0,
ADM3,CM008005002,Fokoue,9386221B74025270926471,Fokoué,,identique,1.0,1.0,
ADM3,CM008005003,Fongo-Tongo,9386221B6439132868909,Fongo-Tongo,,identique,1.0,1.0,
ADM3,CM008005004,Nkong-Ni,9386221B77491959623204,Nkong-Zem,,nom_different,1.0,1.0,
ADM3,CM008005005,Penka-Michel,9386221B82158937470673,Penka-Michel,,identique,1.0,1.0,
ADM3,CM008005006,Santchou,9386221B8295787720899,Santchou,,identique,1.0,1.0,
ADM3,CM008006001,Bafoussam 1er,9386221B80338140747406,Bafoussam I,,orthographe,1.0,1.0,
ADM3,CM008006002,Bafoussam 2e,9386221B96388488143337,Bafoussam II,,orthographe,1.0,1.0,
ADM3,CM008006003,Bafoussam 3e,9386221B85177558697600,Bafoussam III,,orthographe,1.0,1.0,
ADM3,CM008007001,Bangangte,9386221B81292069967457,Bangangté,,identique,1.0,1.0,
ADM3,CM008007002,Bassamba,9386221B42608226924665,Bassamba,,identique,1.0,1.0,
ADM3,CM008007003,Bazou,9386221B33389441443912,Bazou,,identique,1.0,1.0,
ADM3,CM008007004,Tonga,9386221B97546443963729,Tonga,,identique,1.0,1.0,
ADM3,CM008008001,Bangourain,9386221B70820426842243,Bangourain,,identique,1.0,1.0,
ADM3,CM008008002,Foumban,9386221B83477091865567,Foumban,,identique,1.0,1.0,
ADM3,CM008008003,Foumbot,9386221B60612307829975,Foumbot,,identique,1.0,1.0,
ADM3,CM008008004,Kouoptamo,9386221B13524115596139,Kouoptamo,,identique,1.0,1.0,
ADM3,CM008008005,Koutaba,9386221B44672958443925,Koutaba,,identique,1.0,1.0,
ADM3,CM008008006,Magba,9386221B82819198957904,Magba,,identique,1.0,1.0,
ADM3,CM008008007,Malantouen,9386221B10065718607092,Malentouen,,orthographe,1.0,1.0,
ADM3,CM008008008,Massangam,9386221B71016859337528,Massangam,,identique,1.0,1.0,
ADM3,CM008008009,Njimom,9386221B74476845624573,Njimom,,identique,1.0,1.0,
ADM3,CM009001001,Bengbis,9386221B82965334197463,Bengbis,,identique,1.0,1.0,
ADM3,CM009001002,Djoum,9386221B65701761886859,Djoum,,identique,1.0,1.0,
ADM3,CM009001003,Meyomessala,9386221B24523767599714,Meyomessala,,identique,1.0,1.0,
ADM3,CM009001004,Meyomessi,9386221B24588986307138,Meyomessi,,identique,1.0,1.0,
ADM3,CM009001005,Mintom,9386221B12973403420020,Mintom,,identique,1.0,1.0,
ADM3,CM009001006,Oveng,9386221B35442876083106,Oveng,,identique,1.0,1.0,
ADM3,CM009001007,Sangmelima,9386221B66316183416370,Sangmélima,,identique,1.0,1.0,
ADM3,CM009001008,Zoetele,9386221B29116122691859,Zoétélé,,identique,1.0,1.0,
ADM3,CM009002001,Biwong-Bane,9386221B30772177913824,Biwong-Bané,,identique,1.0,1.0,
ADM3,CM009002002,Biwong-Bulu,9386221B98938135077748,Biwong-Bulu,,identique,1.0,1.0,
ADM3,CM009002003,Ebolowa 1er,9386221B7073519614207,Ebolowa I,,orthographe,1.0,1.0,
ADM3,CM009002004,Ebolowa 2e,9386221B20641552566497,Ebolowa II,,orthographe,1.0,1.0,
ADM3,CM009002005,Efoulan,9386221B7423024064033,Efoulan,,identique,1.0,1.0,
ADM3,CM009002006,Mengong,9386221B58609331064519,Mengong,,identique,1.0,1.0,
ADM3,CM009002007,Mvangane,9386221B49119882002663,Mvangan,,orthographe,1.0,1.0,
ADM3,CM009002008,Ngoulemakong,9386221B77960191185995,Ngoulémakong,,identique,1.0,1.0,
ADM3,CM009003001,Akom 2,9386221B54980510946318,Akom II,,orthographe,1.0,1.0,
ADM3,CM009003002,Bipindi,9386221B8422217320711,Bipindi,,identique,1.0,1.0,
ADM3,CM009003003,Campo,9386221B29602702798924,Campo,,identique,1.0,1.0,
ADM3,CM009003004,Kribi 1er,9386221B54038015059464,Kribi I,,orthographe,0.999,1.0,
ADM3,CM009003005,Kribi 2e,9386221B97848366185586,Kribi II,,orthographe,0.996,1.0,
ADM3,CM009003006,Lokoundje,9386221B89412400808700,Lokoundjé,,identique,0.999,1.0,
ADM3,CM009003007,Lolodorf,9386221B71446441287733,Lolodorf,,identique,1.0,1.0,
ADM3,CM009003008,Mvengue,9386221B95710180016300,Mvengue,,identique,1.0,1.0,
ADM3,CM009003009,Niete,9386221B82405604372605,Niété,,identique,1.0,1.0,
ADM3,CM009004001,Ambam,9386221B33515010482661,Ambam,,identique,1.0,1.0,
ADM3,CM009004002,Kye-Ossi,9386221B29176402500611,Kyé-Ossi,,identique,1.0,1.0,
ADM3,CM009004003,Maan,9386221B80778369836459,Ma'an,,identique,1.0,1.0,
ADM3,CM009004004,Olamze,9386221B63067369284542,Olamzé,,identique,1.0,1.0,
ADM3,CM010001001,Buea,9386221B49194032263505,Buea,,identique,1.0,1.0,
ADM3,CM010001002,Limbe 1st,9386221B95365842181004,Limbé I,,orthographe,1.0,1.0,
ADM3,CM010001003,Limbe 2nd,9386221B69899038770717,Limbé II,,orthographe,1.0,1.0,
ADM3,CM010001004,Limbe 3rd,9386221B28684632711326,Limbé III,,orthographe,0.995,1.0,
ADM3,CM010001005,Muyuka,9386221B29102509952712,Muyuka,,identique,1.0,1.0,
ADM3,CM010001006,Tiko,9386221B76747018247940,Tiko,,identique,1.0,1.0,
ADM3,CM010001007,West-Coast,9386221B44003243479598,Idenau,,nom_different,0.999,1.0,
ADM3,CM010002001,Bangem,9386221B28277166506413,Bangem,,identique,1.0,1.0,
ADM3,CM010002002,Nguti,9386221B66377305480257,Nguti,,identique,1.0,1.0,
ADM3,CM010002003,Tombel,9386221B13548901554044,Tombel,,identique,1.0,1.0,
ADM3,CM010003001,Alou,9386221B80027112705333,Alou,,identique,1.0,1.0,
ADM3,CM010003002,Fontem,9386221B13423567851264,Menji,,nom_different,1.0,1.0,
ADM3,CM010003003,Wabane,9386221B41994982310047,Wabane,,identique,1.0,1.0,
ADM3,CM010004001,Akwaya,9386221B97417747097064,Akwaya,,identique,1.0,1.0,
ADM3,CM010004002,Eyumodjock,9386221B10114916038051,Eyumodjock,,identique,1.0,1.0,
ADM3,CM010004003,Mamfe,9386221B39826113805854,Mamfe,,identique,1.0,1.0,
ADM3,CM010004004,Upper Bayang,9386221B4961932619134,Tinto,,nom_different,1.0,1.0,
ADM3,CM010005001,Konye,9386221B73476553425751,Konye,,identique,1.0,1.0,
ADM3,CM010005002,Kumba 1st,9386221B63553235506864,Kumba I,,orthographe,1.0,1.0,
ADM3,CM010005003,Kumba 2nd,9386221B50258802774894,Kumba II,,orthographe,1.0,1.0,
ADM3,CM010005004,Kumba 3rd,9386221B31915824394647,Kumba III,,orthographe,1.0,1.0,
ADM3,CM010005005,Mbonge,9386221B77010589979362,Mbonge,,identique,1.0,1.0,
ADM3,CM010006001,Bamusso,9386221B49652047441621,Bamusso,,identique,0.982,1.0,
ADM3,CM010006002,Dikome Balue,9386221B75104218027540,Dikome-Balue,,identique,1.0,1.0,
ADM3,CM010006003,Ekondo Titi,9386221B7911071193470,Ekondo-Titi,,identique,0.989,1.0,
ADM3,CM010006004,Idabato,9386221B9418579396637,Idabato,,identique,0.905,1.0,
ADM3,CM010006005,Isangele,9386221B67102516877537,Isanguele,,orthographe,0.896,1.0,
ADM3,CM010006006,Kombo Abedimo,9386221B80502497294933,Kombo-Abedimo,,identique,0.931,1.0,
ADM3,CM010006007,Kombo Itindi,9386221B54934718963778,Kombo-Itindi,,identique,0.904,1.0,
ADM3,CM010006008,Mundemba,9386221B15912043956147,Mudemba,,orthographe,1.0,1.0,
ADM3,CM010006009,Toko,9386221B52052898364822,Toko,,identique,1.0,1.0,
