niveau,code,nom,parent_code,parent_nom,superficie_km2,superficie_ocha_km2,nb_localites_osm,nb_city,nb_town,nb_village,nb_hamlet,nb_suburb,nb_neighbourhood
ADM0,CM,Cameroun,,,466544.11,466543.96,12739,52,351,10702,1430,141,63
ADM1,CM001,Adamaoua,CM,Cameroun,63994.09,63994.67,660,5,23,558,70,0,4
ADM1,CM002,Centre,CM,Cameroun,68721.83,68721.75,2300,8,66,2157,54,3,12
ADM1,CM003,Est,CM,Cameroun,109992.07,109991.45,1539,6,40,1265,223,3,2
ADM1,CM004,Extrême-Nord,CM,Cameroun,34160.87,34160.81,2145,6,66,1487,561,25,0
ADM1,CM005,Littoral,CM,Cameroun,20210.05,20210.05,937,4,28,774,33,94,4
ADM1,CM006,Nord,CM,Cameroun,66155.94,66155.82,1561,5,26,1358,171,0,1
ADM1,CM007,Nord-Ouest,CM,Cameroun,17417.61,17417.59,488,2,19,445,9,7,6
ADM1,CM008,Ouest,CM,Cameroun,13954.38,13954.38,634,6,37,546,21,1,23
ADM1,CM009,Sud,CM,Cameroun,47172.98,47173.17,1448,4,31,1360,47,2,4
ADM1,CM010,Sud-Ouest,CM,Cameroun,24764.29,24764.28,1027,6,15,752,241,6,7
ADM2,CM001001,Djérem,CM001,Adamaoua,13311.5,13311.84,135,1,2,116,16,0,0
ADM2,CM001002,Faro-et-Déo,CM001,Adamaoua,10652.01,10652.01,26,1,4,19,2,0,0
ADM2,CM001003,Mayo-Banyo,CM001,Adamaoua,8474.88,8474.88,131,1,3,124,3,0,0
ADM2,CM001004,Mbéré,CM001,Adamaoua,14409.65,14409.89,200,1,9,160,30,0,0
ADM2,CM001005,Vina,CM001,Adamaoua,17146.05,17146.05,168,1,5,139,19,0,4
ADM2,CM002001,Haute-Sanaga,CM002,Centre,11734.19,11734.19,259,0,6,248,5,0,0
ADM2,CM002002,Lekié,CM002,Centre,3036.43,3036.43,524,1,8,515,0,0,0
ADM2,CM002003,Mbam-et-Inoubou,CM002,Centre,6831.5,6831.5,284,1,9,274,0,0,0
ADM2,CM002004,Mbam-et-Kim,CM002,Centre,26060.23,26060.13,211,1,4,193,13,0,0
ADM2,CM002005,Mefou-et-Afamba,CM002,Centre,3359.22,3359.22,163,1,7,152,1,0,2
ADM2,CM002006,Mefou-et-Akono,CM002,Centre,1336.25,1336.25,136,0,7,128,0,1,0
ADM2,CM002007,Mfoundi,CM002,Centre,289.41,289.41,34,1,0,24,1,0,8
ADM2,CM002008,Nyong-et-Kellé,CM002,Centre,6353.41,6353.43,220,1,10,200,5,2,2
ADM2,CM002009,Nyong-et-Mfoumou,CM002,Centre,6131.64,6131.65,218,1,7,194,16,0,0
ADM2,CM002010,Nyong-et-So'o,CM002,Centre,3589.54,3589.55,251,1,8,229,13,0,0
ADM2,CM003001,Boumba-et-Ngoko,CM003,Est,31753.6,31753.23,259,2,4,170,83,0,0
ADM2,CM003002,Haut-Nyong,CM003,Est,36051.4,36051.35,589,2,13,537,33,3,1
ADM2,CM003003,Kadey,CM003,Est,16122.91,16123.17,432,1,14,346,71,0,0
ADM2,CM003004,Lom-et-Djérem,CM003,Est,26064.16,26063.69,259,1,9,212,36,0,1
ADM2,CM004001,Diamaré,CM004,Extrême-Nord,4761.11,4761.14,363,1,7,290,59,6,0
ADM2,CM004002,Logone-et-Chari,CM004,Extrême-Nord,12081.85,12081.73,833,1,17,346,468,1,0
ADM2,CM004003,Mayo-Danay,CM004,Extrême-Nord,5311.2,5311.24,229,1,14,209,5,0,0
ADM2,CM004004,Mayo-Kani,CM004,Extrême-Nord,4997.38,4997.36,286,1,10,251,6,18,0
ADM2,CM004005,Mayo-Sava,CM004,Extrême-Nord,2630.94,2630.94,156,1,6,144,5,0,0
ADM2,CM004006,Mayo-Tsanaga,CM004,Extrême-Nord,4378.4,4378.4,278,1,12,247,18,0,0
ADM2,CM005001,Moungo,CM005,Littoral,3882.68,3882.68,258,1,12,225,18,0,2
ADM2,CM005002,Nkam,CM005,Littoral,6161.56,6161.56,174,1,3,165,3,2,0
ADM2,CM005003,Sanaga-Maritime,CM005,Littoral,9190.24,9190.24,358,1,10,339,7,0,1
ADM2,CM005004,Wouri,CM005,Littoral,975.57,975.57,147,1,3,45,5,92,1
ADM2,CM006001,Bénoué,CM006,Nord,13668.2,13668.22,735,2,13,658,61,0,1
ADM2,CM006002,Faro,CM006,Nord,11703.99,11703.97,56,1,1,54,0,0,0
ADM2,CM006003,Mayo-Louti,CM006,Nord,4207.36,4207.36,307,1,3,287,16,0,0
ADM2,CM006004,Mayo-Rey,CM006,Nord,36576.39,36576.26,463,1,9,359,94,0,0
ADM2,CM007001,Boyo,CM007,Nord-Ouest,1651.03,1651.03,40,0,1,39,0,0,0
ADM2,CM007002,Bui,CM007,Nord-Ouest,2211.38,2211.38,76,1,3,72,0,0,0
ADM2,CM007003,Donga-Mantung,CM007,Nord-Ouest,4309.94,4309.94,133,0,1,122,8,0,2
ADM2,CM007004,Menchum,CM007,Nord-Ouest,4541.84,4541.82,66,0,4,62,0,0,0
ADM2,CM007005,Mezam,CM007,Nord-Ouest,1848.95,1848.95,59,1,3,43,1,7,4
ADM2,CM007006,Momo,CM007,Nord-Ouest,1792.14,1792.14,93,0,5,88,0,0,0
ADM2,CM007007,Ngo-Ketunjia,CM007,Nord-Ouest,1062.34,1062.34,21,0,2,19,0,0,0
ADM2,CM008001,Bamboutos,CM008,Ouest,1172.6,1172.6,60,1,3,48,7,0,1
ADM2,CM008002,Haut-Nkam,CM008,Ouest,968.99,968.99,74,1,6,66,1,0,0
ADM2,CM008003,Hauts-Plateaux,CM008,Ouest,433.69,433.69,49,0,7,38,4,0,0
ADM2,CM008004,Koung-Khi,CM008,Ouest,344.01,344.01,37,0,3,34,0,0,0
ADM2,CM008005,Menoua,CM008,Ouest,1384.94,1384.94,83,1,5,62,5,0,10
ADM2,CM008006,Mifi,CM008,Ouest,409.98,409.98,51,1,2,40,1,1,6
ADM2,CM008007,Ndé,CM008,Ouest,1594.44,1594.44,54,1,3,49,0,0,1
ADM2,CM008008,Noun,CM008,Ouest,7645.73,7645.73,226,1,8,209,3,0,5
ADM2,CM009001,Dja-et-Lobo,CM009,Sud,19922.2,19922.31,561,1,9,536,15,0,0
ADM2,CM009002,Mvila,CM009,Sud,8677.68,8677.84,409,1,8,398,0,2,0
ADM2,CM009003,Océan,CM009,Sud,11388.09,11388.12,275,1,10,229,31,0,4
ADM2,CM009004,Vallée-du-Ntem,CM009,Sud,7185.01,7184.89,203,1,4,197,1,0,0
ADM2,CM010001,Fako,CM010,Sud-Ouest,2036.29,2036.29,146,4,6,119,9,6,2
ADM2,CM010002,Kupe-Manenguba,CM010,Sud-Ouest,3452.38,3452.37,170,0,2,118,50,0,0
ADM2,CM010003,Lebialem,CM010,Sud-Ouest,641.74,641.74,78,0,1,55,17,0,5
ADM2,CM010004,Manyu,CM010,Sud-Ouest,9470.91,9470.92,221,0,3,165,53,0,0
ADM2,CM010005,Meme,CM010,Sud-Ouest,2849.06,2849.06,135,2,0,132,1,0,0
ADM2,CM010006,Ndian,CM010,Sud-Ouest,6313.91,6313.91,277,0,3,163,111,0,0
ADM3,CM001001001,Ngaoundal,CM001001,Djérem,3710.84,3711.08,20,0,2,12,6,0,0
ADM3,CM001001002,Tibati,CM001001,Djérem,9600.66,9600.77,115,1,0,104,10,0,0
ADM3,CM001002001,Galim-Tignere,CM001002,Faro-et-Déo,1806.95,1806.95,2,0,1,1,0,0,0
ADM3,CM001002002,Kontcha,CM001002,Faro-et-Déo,393.39,393.39,1,0,1,0,0,0,0
ADM3,CM001002003,Mayo-Baleo,CM001002,Faro-et-Déo,3579.57,3579.57,5,0,1,4,0,0,0
ADM3,CM001002004,Tignere,CM001002,Faro-et-Déo,4872.09,4872.09,18,1,1,14,2,0,0
ADM3,CM001003001,Bankim,CM001003,Mayo-Banyo,2442.41,2442.41,53,0,2,48,3,0,0
ADM3,CM001003002,Banyo,CM001003,Mayo-Banyo,5066.49,5066.47,63,1,0,62,0,0,0
ADM3,CM001003003,Mayo-Darle,CM001003,Mayo-Banyo,965.98,966.0,15,0,1,14,0,0,0
ADM3,CM001004001,Dir,CM001004,Mbéré,4911.44,4911.65,14,0,0,14,0,0,0
ADM3,CM001004002,Djohong,CM001004,Mbéré,2470.52,2470.53,54,0,4,44,6,0,0
ADM3,CM001004003,Meiganga,CM001004,Mbéré,6761.1,6761.13,127,1,4,99,23,0,0
ADM3,CM001004004,Ngaoui,CM001004,Mbéré,266.59,266.59,5,0,1,3,1,0,0
ADM3,CM001005001,Belel,CM001005,Vina,2029.97,2029.97,22,0,1,20,1,0,0
ADM3,CM001005002,Martap,CM001005,Vina,4627.77,4627.77,25,0,1,20,4,0,0
ADM3,CM001005003,Mbe,CM001005,Vina,1716.95,1716.95,20,0,2,17,1,0,0
ADM3,CM001005004,Nganha,CM001005,Vina,2077.82,2077.82,52,0,1,50,1,0,0
ADM3,CM001005005,Ngaoundere 1er,CM001005,Vina,323.79,323.79,4,0,0,2,1,0,1
ADM3,CM001005006,Ngaoundere 2e,CM001005,Vina,257.14,257.14,2,1,0,0,0,0,1
ADM3,CM001005007,Ngaoundere 3e,CM001005,Vina,237.59,237.59,5,0,0,3,0,0,2
ADM3,CM001005008,Nyambaka,CM001005,Vina,5875.02,5875.02,38,0,0,27,11,0,0
ADM3,CM002001001,Bibey,CM002001,Haute-Sanaga,1236.99,1236.99,30,0,1,29,0,0,0
ADM3,CM002001002,Lembe Yezoum,CM002001,Haute-Sanaga,1018.15,1018.15,4,0,0,3,1,0,0
ADM3,CM002001003,Mbandjock,CM002001,Haute-Sanaga,936.19,936.19,15,0,1,14,0,0,0
ADM3,CM002001004,Minta,CM002001,Haute-Sanaga,2063.1,2063.1,51,0,1,48,2,0,0
ADM3,CM002001005,Nanga-Eboko,CM002001,Haute-Sanaga,5396.81,5396.81,111,0,1,109,1,0,0
ADM3,CM002001006,Nkoteng,CM002001,Haute-Sanaga,762.51,762.51,25,0,1,24,0,0,0
ADM3,CM002001007,Nsem,CM002001,Haute-Sanaga,320.44,320.44,23,0,1,21,1,0,0
ADM3,CM002002001,Batchenga,CM002002,Lekié,233.74,233.74,17,0,1,16,0,0,0
ADM3,CM002002002,Ebebda,CM002002,Lekié,217.87,217.88,39,0,1,38,0,0,0
ADM3,CM002002003,Elig-Mfomo,CM002002,Lekié,203.16,203.16,31,0,1,30,0,0,0
ADM3,CM002002004,Evodoula,CM002002,Lekié,184.09,184.09,46,0,1,45,0,0,0
ADM3,CM002002005,Lobo,CM002002,Lekié,302.43,302.43,39,0,1,38,0,0,0
ADM3,CM002002006,Monatele,CM002002,Lekié,415.89,415.89,97,1,0,96,0,0,0
ADM3,CM002002007,Obala,CM002002,Lekié,400.6,400.6,76,0,1,75,0,0,0
ADM3,CM002002008,Okola,CM002002,Lekié,577.96,577.96,85,0,1,84,0,0,0
ADM3,CM002002009,Saa,CM002002,Lekié,500.7,500.7,94,0,1,93,0,0,0
ADM3,CM002003001,Bafia,CM002003,Mbam-et-Inoubou,238.94,238.94,39,1,0,38,0,0,0
ADM3,CM002003002,Bokito,CM002003,Mbam-et-Inoubou,1509.24,1509.24,64,0,1,63,0,0,0
ADM3,CM002003003,Deuk,CM002003,Mbam-et-Inoubou,1447.37,1447.37,35,0,1,34,0,0,0
ADM3,CM002003004,Kiiki,CM002003,Mbam-et-Inoubou,227.83,227.83,19,0,1,18,0,0,0
ADM3,CM002003005,Kon Yambetta,CM002003,Mbam-et-Inoubou,349.51,349.51,31,0,1,30,0,0,0
ADM3,CM002003006,Makenene,CM002003,Mbam-et-Inoubou,703.33,703.33,20,0,1,19,0,0,0
ADM3,CM002003007,Ndikinimeki,CM002003,Mbam-et-Inoubou,1825.05,1825.05,26,0,2,24,0,0,0
ADM3,CM002003008,Nitoukou,CM002003,Mbam-et-Inoubou,170.92,170.92,5,0,1,4,0,0,0
ADM3,CM002003009,Ombessa,CM002003,Mbam-et-Inoubou,359.32,359.32,45,0,1,44,0,0,0
ADM3,CM002004001,Mbangassina,CM002004,Mbam-et-Kim,484.58,484.58,8,0,1,7,0,0,0
ADM3,CM002004002,Ngambe-Tikar,CM002004,Mbam-et-Kim,6901.44,6901.83,67,0,1,63,3,0,0
ADM3,CM002004003,Ngoro,CM002004,Mbam-et-Kim,1990.88,1990.87,28,0,1,25,2,0,0
ADM3,CM002004004,Ntui,CM002004,Mbam-et-Kim,993.68,993.67,24,1,0,23,0,0,0
ADM3,CM002004005,Yoko,CM002004,Mbam-et-Kim,15689.65,15689.18,84,0,1,75,8,0,0
ADM3,CM002005001,Afanloum,CM002005,Mefou-et-Afamba,252.93,252.93,2,0,1,1,0,0,0
ADM3,CM002005002,Assamba,CM002005,Mefou-et-Afamba,230.05,230.05,2,0,1,1,0,0,0
ADM3,CM002005003,Awae,CM002005,Mefou-et-Afamba,532.19,532.19,32,0,1,31,0,0,0
ADM3,CM002005004,Edzendouan,CM002005,Mefou-et-Afamba,403.5,403.5,8,0,1,7,0,0,0
ADM3,CM002005005,Esse,CM002005,Mefou-et-Afamba,838.9,838.9,8,0,1,5,0,0,2
ADM3,CM002005006,Mfou,CM002005,Mefou-et-Afamba,499.93,499.93,58,1,0,56,1,0,0
ADM3,CM002005007,Nkolafamba,CM002005,Mefou-et-Afamba,329.47,329.47,28,0,1,27,0,0,0
ADM3,CM002005008,Soa,CM002005,Mefou-et-Afamba,272.25,272.25,25,0,1,24,0,0,0
ADM3,CM002006001,Akono,CM002006,Mefou-et-Akono,182.75,182.75,35,0,1,34,0,0,0
ADM3,CM002006002,Bikok,CM002006,Mefou-et-Akono,458.42,458.42,40,0,3,37,0,0,0
ADM3,CM002006003,Mbankomo,CM002006,Mefou-et-Akono,445.05,445.05,27,0,1,26,0,0,0
ADM3,CM002006004,Ngoumou,CM002006,Mefou-et-Akono,250.03,250.03,34,0,2,31,0,1,0
ADM3,CM002007001,Yaounde 1er,CM002007,Mfoundi,56.18,56.18,9,1,0,7,0,0,1
ADM3,CM002007002,Yaounde 2e,CM002007,Mfoundi,22.96,22.96,3,0,0,1,0,0,2
ADM3,CM002007003,Yaounde 3e,CM002007,Mfoundi,68.16,68.16,7,0,0,4,1,0,2
ADM3,CM002007004,Yaounde 4e,CM002007,Mfoundi,58.8,58.8,8,0,0,6,0,0,2
ADM3,CM002007005,Yaounde 5e,CM002007,Mfoundi,25.85,25.85,2,0,0,2,0,0,0
ADM3,CM002007006,Yaounde 6e,CM002007,Mfoundi,22.16,22.16,2,0,0,1,0,0,1
ADM3,CM002007007,Yaounde 7e,CM002007,Mfoundi,35.31,35.31,3,0,0,3,0,0,0
ADM3,CM002008001,Biyouha,CM002008,Nyong-et-Kellé,203.74,203.74,4,0,1,3,0,0,0
ADM3,CM002008002,Bondjock,CM002008,Nyong-et-Kellé,283.96,283.96,3,0,1,2,0,0,0
ADM3,CM002008003,Bot-Makak,CM002008,Nyong-et-Kellé,467.88,467.88,31,0,1,30,0,0,0
ADM3,CM002008004,Dibang,CM002008,Nyong-et-Kellé,467.08,467.08,21,0,1,20,0,0,0
ADM3,CM002008005,Eseka,CM002008,Nyong-et-Kellé,840.05,840.05,26,1,0,23,2,0,0
ADM3,CM002008006,Makak,CM002008,Nyong-et-Kellé,1002.91,1002.91,36,0,1,34,1,0,0
ADM3,CM002008007,Matomb,CM002008,Nyong-et-Kellé,593.31,593.31,22,0,1,21,0,0,0
ADM3,CM002008008,Messondo,CM002008,Nyong-et-Kellé,1944.07,1944.08,44,0,1,39,2,0,2
ADM3,CM002008009,Ngog-Mapubi,CM002008,Nyong-et-Kellé,271.34,271.34,16,0,2,14,0,0,0
ADM3,CM002008010,Nguibassal,CM002008,Nyong-et-Kellé,279.07,279.07,17,0,1,14,0,2,0
ADM3,CM002009001,Akonolinga,CM002009,Nyong-et-Mfoumou,2848.1,2848.1,122,1,2,103,16,0,0
ADM3,CM002009002,Ayos,CM002009,Nyong-et-Mfoumou,1650.09,1650.08,34,0,2,32,0,0,0
ADM3,CM002009003,Endom,CM002009,Nyong-et-Mfoumou,836.15,836.15,35,0,1,34,0,0,0
ADM3,CM002009004,Mengang,CM002009,Nyong-et-Mfoumou,511.3,511.3,14,0,1,13,0,0,0
ADM3,CM002009005,Nyakokombo,CM002009,Nyong-et-Mfoumou,286.01,286.01,13,0,1,12,0,0,0
ADM3,CM002010001,Akoeman,CM002010,Nyong-et-So'o,663.95,663.95,48,0,1,44,3,0,0
ADM3,CM002010002,Dzeng,CM002010,Nyong-et-So'o,763.17,763.17,62,0,2,59,1,0,0
ADM3,CM002010003,Mbalmayo,CM002010,Nyong-et-So'o,494.3,494.3,45,1,0,36,8,0,0
ADM3,CM002010004,Mengueme,CM002010,Nyong-et-So'o,532.18,532.19,23,0,1,21,1,0,0
ADM3,CM002010005,Ngomedzap,CM002010,Nyong-et-So'o,660.31,660.31,46,0,3,43,0,0,0
ADM3,CM002010006,Nkolmetet,CM002010,Nyong-et-So'o,475.63,475.63,27,0,1,26,0,0,0
ADM3,CM003001001,Gari Gombo,CM003001,Boumba-et-Ngoko,3452.96,3453.24,32,0,1,31,0,0,0
ADM3,CM003001002,Moloundou,CM003001,Boumba-et-Ngoko,9954.57,9948.53,85,1,0,42,42,0,0
ADM3,CM003001003,Salapoumbe,CM003001,Boumba-et-Ngoko,5499.11,5503.82,29,0,1,8,20,0,0
ADM3,CM003001004,Yokadouma,CM003001,Boumba-et-Ngoko,12846.96,12847.64,113,1,2,89,21,0,0
ADM3,CM003002001,Abong-Mbang,CM003002,Haut-Nyong,1695.98,1695.98,52,1,0,48,3,0,0
ADM3,CM003002002,Bebend,CM003002,Haut-Nyong,889.17,889.17,36,0,1,34,1,0,0
ADM3,CM003002003,Dimako,CM003002,Haut-Nyong,721.41,721.41,13,0,1,12,0,0,0
ADM3,CM003002004,Dja,CM003002,Haut-Nyong,5338.7,5338.62,20,0,1,17,2,0,0
ADM3,CM003002005,Doumaintang,CM003002,Haut-Nyong,1910.98,1910.94,40,0,1,39,0,0,0
ADM3,CM003002006,Doume,CM003002,Haut-Nyong,1203.39,1203.43,21,0,1,20,0,0,0
ADM3,CM003002007,Lomie,CM003002,Haut-Nyong,7313.16,7313.06,82,1,0,76,5,0,0
ADM3,CM003002008,Mboanz,CM003002,Haut-Nyong,404.83,404.83,26,0,1,25,0,0,0
ADM3,CM003002009,Mboma,CM003002,Haut-Nyong,194.83,194.83,15,0,1,14,0,0,0
ADM3,CM003002010,Messamena,CM003002,Haut-Nyong,3102.97,3103.16,148,0,1,134,9,3,1
ADM3,CM003002011,Messok,CM003002,Haut-Nyong,2638.14,2638.14,29,0,1,27,1,0,0
ADM3,CM003002012,Ngoyla,CM003002,Haut-Nyong,7817.13,7817.2,39,0,2,31,6,0,0
ADM3,CM003002013,Nguelemendouka,CM003002,Haut-Nyong,1057.87,1057.87,34,0,1,33,0,0,0
ADM3,CM003002014,Somalomo,CM003002,Haut-Nyong,1762.82,1762.7,34,0,1,27,6,0,0
ADM3,CM003003001,Batouri,CM003003,Kadey,3710.26,3710.26,128,1,0,103,24,0,0
ADM3,CM003003002,Bombe,CM003003,Kadey,1014.03,1014.03,64,0,3,39,22,0,0
ADM3,CM003003003,Kette,CM003003,Kadey,1943.04,1943.03,61,0,4,49,8,0,0
ADM3,CM003003004,Mbang,CM003003,Kadey,5324.42,5324.68,59,0,1,55,3,0,0
ADM3,CM003003005,Mbotoro,CM003003,Kadey,659.08,659.08,25,0,2,18,5,0,0
ADM3,CM003003006,Ndelele,CM003003,Kadey,1983.56,1983.56,68,0,3,62,3,0,0
ADM3,CM003003007,Ndem Nam,CM003003,Kadey,1488.53,1488.52,27,0,1,20,6,0,0
ADM3,CM003004001,Belabo,CM003004,Lom-et-Djérem,6641.12,6641.33,60,0,1,56,3,0,0
ADM3,CM003004002,Bertoua 1er,CM003004,Lom-et-Djérem,167.56,167.56,4,0,0,4,0,0,0
ADM3,CM003004003,Bertoua 2e,CM003004,Lom-et-Djérem,91.14,91.14,4,1,0,2,0,0,1
ADM3,CM003004004,Betare-Oya,CM003004,Lom-et-Djérem,11754.31,11754.13,77,0,2,73,2,0,0
ADM3,CM003004005,Diang,CM003004,Lom-et-Djérem,826.47,826.39,26,0,1,25,0,0,0
ADM3,CM003004006,Garoua-Boulai,CM003004,Lom-et-Djérem,2221.27,2221.26,49,0,1,27,21,0,0
ADM3,CM003004007,Mandjou,CM003004,Lom-et-Djérem,2643.25,2642.95,18,0,1,17,0,0,0
ADM3,CM003004008,Ngoura,CM003004,Lom-et-Djérem,1719.06,1718.94,21,0,3,8,10,0,0
ADM3,CM004001001,Bogo,CM004001,Diamaré,1016.46,1016.47,24,0,0,24,0,0,0
ADM3,CM004001002,Dargala,CM004001,Diamaré,388.75,388.76,14,0,1,13,0,0,0
ADM3,CM004001003,Gazawa,CM004001,Diamaré,188.7,188.7,46,0,1,25,20,0,0
ADM3,CM004001004,Maroua 1er,CM004001,Diamaré,367.62,367.63,94,0,1,71,16,6,0
ADM3,CM004001005,Maroua 2e,CM004001,Diamaré,42.82,42.82,5,1,0,4,0,0,0
ADM3,CM004001006,Maroua 3e,CM004001,Diamaré,726.43,726.43,37,0,0,37,0,0,0
ADM3,CM004001007,Meri,CM004001,Diamaré,647.82,647.82,37,0,1,36,0,0,0
ADM3,CM004001008,Ndoukoula,CM004001,Diamaré,502.37,502.38,71,0,2,46,23,0,0
ADM3,CM004001009,Pette,CM004001,Diamaré,880.14,880.14,35,0,1,34,0,0,0
ADM3,CM004002001,Blangoua,CM004002,Logone-et-Chari,220.86,220.86,27,0,1,17,9,0,0
ADM3,CM004002002,Darak,CM004002,Logone-et-Chari,1876.69,1876.58,31,0,1,17,13,0,0
ADM3,CM004002003,Fotokol,CM004002,Logone-et-Chari,363.01,363.01,48,0,1,30,17,0,0
ADM3,CM004002004,Goulfey,CM004002,Logone-et-Chari,1638.81,1638.81,274,0,1,94,179,0,0
ADM3,CM004002005,Hile-Alifa,CM004002,Logone-et-Chari,272.19,272.19,24,0,1,20,3,0,0
ADM3,CM004002006,Kousseri,CM004002,Logone-et-Chari,143.2,143.2,26,1,0,9,15,1,0
ADM3,CM004002007,Logone-Birni,CM004002,Logone-et-Chari,2807.22,2807.22,139,0,7,52,80,0,0
ADM3,CM004002008,Makary,CM004002,Logone-et-Chari,1175.62,1175.62,215,0,3,79,133,0,0
ADM3,CM004002009,Waza,CM004002,Logone-et-Chari,2479.17,2479.17,21,0,1,16,4,0,0
ADM3,CM004002010,Zina,CM004002,Logone-et-Chari,1105.08,1105.08,28,0,1,12,15,0,0
ADM3,CM004003001,Datcheka,CM004003,Mayo-Danay,119.87,119.87,17,0,1,13,3,0,0
ADM3,CM004003002,Gobo,CM004003,Mayo-Danay,600.16,600.18,66,0,1,64,1,0,0
ADM3,CM004003003,Guere,CM004003,Mayo-Danay,266.24,266.24,22,0,1,21,0,0,0
ADM3,CM004003004,Kai-Kai,CM004003,Mayo-Danay,810.15,810.15,10,0,1,9,0,0,0
ADM3,CM004003005,Kalfou,CM004003,Mayo-Danay,720.77,720.77,20,0,1,19,0,0,0
ADM3,CM004003006,Kar-Hay,CM004003,Mayo-Danay,286.66,286.66,28,0,3,25,0,0,0
ADM3,CM004003007,Maga,CM004003,Mayo-Danay,1058.54,1058.54,11,0,3,7,1,0,0
ADM3,CM004003008,Tchatibali,CM004003,Mayo-Danay,96.72,96.74,9,0,0,9,0,0,0
ADM3,CM004003009,Vele,CM004003,Mayo-Danay,496.04,496.04,10,0,1,9,0,0,0
ADM3,CM004003010,Wina,CM004003,Mayo-Danay,95.99,95.99,6,0,0,6,0,0,0
ADM3,CM004003011,Yagoua,CM004003,Mayo-Danay,760.06,760.06,30,1,2,27,0,0,0
ADM3,CM004004001,Guidiguis,CM004004,Mayo-Kani,385.35,385.36,18,0,1,17,0,0,0
ADM3,CM004004002,Kaele,CM004004,Mayo-Kani,1316.31,1316.32,107,1,1,86,1,18,0
ADM3,CM004004003,Mindif,CM004004,Mayo-Kani,995.21,995.19,33,0,1,32,0,0,0
ADM3,CM004004004,Moulvoudaye,CM004004,Mayo-Kani,1139.66,1139.64,31,0,1,30,0,0,0
ADM3,CM004004005,Moutourwa,CM004004,Mayo-Kani,545.16,545.15,44,0,3,40,1,0,0
ADM3,CM004004006,Porhi,CM004004,Mayo-Kani,288.57,288.57,29,0,1,24,4,0,0
ADM3,CM004004007,Taibong,CM004004,Mayo-Kani,327.11,327.12,24,0,2,22,0,0,0
ADM3,CM004005001,Kolofata,CM004005,Mayo-Sava,631.05,631.06,42,0,2,38,2,0,0
ADM3,CM004005002,Mora,CM004005,Mayo-Sava,1690.24,1690.24,78,1,3,71,3,0,0
ADM3,CM004005003,Tokombere,CM004005,Mayo-Sava,309.65,309.65,36,0,1,35,0,0,0
ADM3,CM004006001,Bourrha,CM004006,Mayo-Tsanaga,689.76,689.76,14,0,1,13,0,0,0
ADM3,CM004006002,Hina,CM004006,Mayo-Tsanaga,474.45,474.45,29,0,2,27,0,0,0
ADM3,CM004006003,Koza,CM004006,Mayo-Tsanaga,356.25,356.25,36,0,1,34,1,0,0
ADM3,CM004006004,Mayo-Moskota,CM004006,Mayo-Tsanaga,271.84,271.84,22,0,2,18,2,0,0
ADM3,CM004006005,Mogode,CM004006,Mayo-Tsanaga,562.31,562.3,11,0,2,9,0,0,0
ADM3,CM004006006,Mokolo,CM004006,Mayo-Tsanaga,1783.69,1783.7,150,1,2,133,14,0,0
ADM3,CM004006007,Soulede-Roua,CM004006,Mayo-Tsanaga,240.11,240.11,16,0,2,13,1,0,0
ADM3,CM005001001,Bare-Bakem,CM005001,Moungo,237.06,237.06,18,0,1,15,2,0,0
ADM3,CM005001002,Dibombari,CM005001,Moungo,428.29,428.29,87,0,2,85,0,0,0
ADM3,CM005001003,Fiko,CM005001,Moungo,561.83,561.83,28,0,1,27,0,0,0
ADM3,CM005001004,Loum,CM005001,Moungo,283.29,283.29,10,0,1,9,0,0,0
ADM3,CM005001005,Manjo,CM005001,Moungo,333.16,333.16,36,0,1,21,14,0,0
ADM3,CM005001006,Mbanga,CM005001,Moungo,451.69,451.68,12,0,1,11,0,0,0
ADM3,CM005001007,Melong,CM005001,Moungo,589.76,589.75,30,0,1,27,2,0,0
ADM3,CM005001008,Mombo,CM005001,Moungo,117.29,117.29,8,0,1,7,0,0,0
ADM3,CM005001009,Njombe-Penja,CM005001,Moungo,261.93,261.93,4,0,2,2,0,0,0
ADM3,CM005001010,Nkongsamba 1er,CM005001,Moungo,150.48,150.48,0,0,0,0,0,0,0
ADM3,CM005001011,Nkongsamba 2e,CM005001,Moungo,25.4,25.4,0,0,0,0,0,0,0
ADM3,CM005001012,Nkongsamba 3e,CM005001,Moungo,48.55,48.55,1,1,0,0,0,0,0
ADM3,CM005001013,Nlonako,CM005001,Moungo,393.96,393.96,24,0,1,21,0,0,2
ADM3,CM005002001,Nkondjock,CM005002,Nkam,966.82,966.82,28,0,1,24,1,2,0
ADM3,CM005002002,Nord-Makombe,CM005002,Nkam,505.45,505.45,22,0,1,21,0,0,0
ADM3,CM005002003,Yabassi,CM005002,Nkam,3031.46,3031.46,77,1,0,74,2,0,0
ADM3,CM005002004,Yingui,CM005002,Nkam,1657.83,1657.83,47,0,1,46,0,0,0
ADM3,CM005003001,Dibamba,CM005003,Sanaga-Maritime,845.7,845.7,16,0,1,14,1,0,0
ADM3,CM005003002,Dizangue,CM005003,Sanaga-Maritime,982.49,982.49,35,0,1,34,0,0,0
ADM3,CM005003003,Edea 1er,CM005003,Sanaga-Maritime,1009.12,1009.13,34,1,0,32,0,0,1
ADM3,CM005003004,Edea 2e,CM005003,Sanaga-Maritime,780.8,780.8,19,0,1,15,3,0,0
ADM3,CM005003005,Massock-Songloulou,CM005003,Sanaga-Maritime,576.2,576.2,29,0,1,28,0,0,0
ADM3,CM005003006,Mouanko,CM005003,Sanaga-Maritime,1287.27,1287.27,68,0,1,66,1,0,0
ADM3,CM005003007,Ndom,CM005003,Sanaga-Maritime,670.12,670.12,44,0,1,43,0,0,0
ADM3,CM005003008,Ngambe,CM005003,Sanaga-Maritime,937.33,937.33,39,0,1,37,1,0,0
ADM3,CM005003009,Ngwei,CM005003,Sanaga-Maritime,876.16,876.16,18,0,1,17,0,0,0
ADM3,CM005003010,Nyanon,CM005003,Sanaga-Maritime,520.83,520.83,31,0,1,29,1,0,0
ADM3,CM005003011,Pouma,CM005003,Sanaga-Maritime,704.21,704.21,25,0,1,24,0,0,0
ADM3,CM005004001,Douala 1er,CM005004,Wouri,32.06,32.06,19,0,1,0,0,18,0
ADM3,CM005004002,Douala 2e,CM005004,Wouri,16.12,16.12,16,1,0,0,0,14,1
ADM3,CM005004003,Douala 3e,CM005004,Wouri,167.4,167.4,35,0,0,10,0,25,0
ADM3,CM005004004,Douala 4e,CM005004,Wouri,204.0,204.0,26,0,0,9,1,16,0
ADM3,CM005004005,Douala 5e,CM005004,Wouri,160.81,160.8,27,0,1,7,0,19,0
ADM3,CM005004006,Douala 6e,CM005004,Wouri,395.18,395.18,24,0,1,19,4,0,0
ADM3,CM006001001,Bascheo,CM006001,Bénoué,1049.32,1049.35,37,0,1,36,0,0,0
ADM3,CM006001002,Bibemi,CM006001,Bénoué,2566.1,2566.1,153,0,1,113,39,0,0
ADM3,CM006001003,Dembo,CM006001,Bénoué,602.59,602.59,21,0,1,19,1,0,0
ADM3,CM006001004,Demsa,CM006001,Bénoué,565.06,565.16,26,0,2,24,0,0,0
ADM3,CM006001005,Garoua 1er,CM006001,Bénoué,89.79,89.79,6,1,0,5,0,0,0
ADM3,CM006001006,Garoua 2e,CM006001,Bénoué,74.39,74.39,2,0,0,1,0,0,1
ADM3,CM006001007,Garoua 3e,CM006001,Bénoué,260.56,260.56,28,0,0,28,0,0,0
ADM3,CM006001008,Lagdo,CM006001,Bénoué,2231.72,2231.74,110,0,2,89,19,0,0
ADM3,CM006001009,Mayo-Hourna,CM006001,Bénoué,957.25,957.13,29,0,1,28,0,0,0
ADM3,CM006001010,Pitoa,CM006001,Bénoué,1538.62,1538.62,169,1,2,164,2,0,0
ADM3,CM006001011,Tcheboa,CM006001,Bénoué,2634.04,2634.04,126,0,2,124,0,0,0
ADM3,CM006001012,Touroua,CM006001,Bénoué,1098.76,1098.76,28,0,1,27,0,0,0
ADM3,CM006002001,Beka,CM006002,Faro,1655.71,1655.71,8,0,1,7,0,0,0
ADM3,CM006002002,Poli,CM006002,Faro,10048.27,10048.25,48,1,0,47,0,0,0
ADM3,CM006003001,Figuil,CM006003,Mayo-Louti,866.84,866.85,78,0,1,75,2,0,0
ADM3,CM006003002,Guider,CM006003,Mayo-Louti,1945.66,1945.66,169,1,1,153,14,0,0
ADM3,CM006003003,Mayo-Oulo,CM006003,Mayo-Louti,1394.85,1394.85,60,0,1,59,0,0,0
ADM3,CM006004001,Madingring,CM006004,Mayo-Rey,3079.64,3079.57,37,0,1,36,0,0,0
ADM3,CM006004002,Rey-Bouba,CM006004,Mayo-Rey,8821.72,8821.62,205,0,3,118,84,0,0
ADM3,CM006004003,Tchollire,CM006004,Mayo-Rey,14612.77,14612.83,73,1,2,70,0,0,0
ADM3,CM006004004,Touboro,CM006004,Mayo-Rey,10062.26,10062.25,148,0,3,135,10,0,0
ADM3,CM007001001,Belo,CM007001,Boyo,251.06,251.06,7,0,0,7,0,0,0
ADM3,CM007001002,Bum,CM007001,Boyo,706.98,706.98,11,0,0,11,0,0,0
ADM3,CM007001003,Fundong,CM007001,Boyo,412.16,412.16,15,0,1,14,0,0,0
ADM3,CM007001004,Njinikom,CM007001,Boyo,280.84,280.84,7,0,0,7,0,0,0
ADM3,CM007002001,Jakiri,CM007002,Bui,404.33,404.33,10,0,1,9,0,0,0
ADM3,CM007002002,Kumbo,CM007002,Bui,227.06,227.06,31,1,1,29,0,0,0
ADM3,CM007002003,Mbven,CM007002,Bui,693.71,693.71,11,0,0,11,0,0,0
ADM3,CM007002004,Nkum,CM007002,Bui,260.31,260.31,9,0,0,9,0,0,0
ADM3,CM007002005,Noni,CM007002,Bui,310.65,310.65,8,0,1,7,0,0,0
ADM3,CM007002006,Oku,CM007002,Bui,315.32,315.32,7,0,0,7,0,0,0
ADM3,CM007003001,Ako,CM007003,Donga-Mantung,1100.68,1100.68,33,0,0,33,0,0,0
ADM3,CM007003002,Misaje,CM007003,Donga-Mantung,814.9,814.9,17,0,0,14,3,0,0
ADM3,CM007003003,Ndu,CM007003,Donga-Mantung,480.27,480.27,25,0,0,22,1,0,2
ADM3,CM007003004,Nkambe,CM007003,Donga-Mantung,469.92,469.92,21,0,1,17,3,0,0
ADM3,CM007003005,Nwa,CM007003,Donga-Mantung,1444.18,1444.18,37,0,0,36,1,0,0
ADM3,CM007004001,Fungom,CM007004,Menchum,2098.07,2098.07,42,0,1,41,0,0,0
ADM3,CM007004002,Furu-Awa,CM007004,Menchum,1186.12,1186.1,11,0,1,10,0,0,0
ADM3,CM007004003,Menchum-Valley,CM007004,Menchum,956.5,956.5,6,0,1,5,0,0,0
ADM3,CM007004004,Wum,CM007004,Menchum,301.15,301.15,7,0,1,6,0,0,0
ADM3,CM007005001,Bafut,CM007005,Mezam,486.09,486.09,11,0,0,10,1,0,0
ADM3,CM007005002,Bali,CM007005,Mezam,111.31,111.31,3,0,1,2,0,0,0
ADM3,CM007005003,Bamenda 1st,CM007005,Mezam,87.46,87.46,3,0,0,0,0,1,2
ADM3,CM007005004,Bamenda 2nd,CM007005,Mezam,172.61,172.61,8,0,0,4,0,2,2
ADM3,CM007005005,Bamenda 3rd,CM007005,Mezam,69.62,69.62,10,1,0,5,0,4,0
ADM3,CM007005006,Santa,CM007005,Mezam,532.95,532.95,13,0,2,11,0,0,0
ADM3,CM007005007,Tubah,CM007005,Mezam,388.89,388.89,11,0,0,11,0,0,0
ADM3,CM007006001,Batibo,CM007006,Momo,347.75,347.75,34,0,1,33,0,0,0
ADM3,CM007006002,Mbengwi,CM007006,Momo,468.36,468.36,19,0,3,16,0,0,0
ADM3,CM007006003,Ngie,CM007006,Momo,221.55,221.55,15,0,0,15,0,0,0
ADM3,CM007006004,Njikwa,CM007006,Momo,313.88,313.88,2,0,0,2,0,0,0
ADM3,CM007006005,Widikum,CM007006,Momo,440.6,440.6,23,0,1,22,0,0,0
ADM3,CM007007001,Babessi,CM007007,Ngo-Ketunjia,372.59,372.59,11,0,1,10,0,0,0
ADM3,CM007007002,Balikumbat,CM007007,Ngo-Ketunjia,337.18,337.18,3,0,0,3,0,0,0
ADM3,CM007007003,Ndop,CM007007,Ngo-Ketunjia,352.56,352.56,7,0,1,6,0,0,0
ADM3,CM008001001,Babadjou,CM008001,Bamboutos,196.78,196.78,9,0,1,6,2,0,0
ADM3,CM008001002,Batcham,CM008001,Bamboutos,210.54,210.54,13,0,1,10,1,0,1
ADM3,CM008001003,Galim,CM008001,Bamboutos,504.47,504.47,20,0,1,17,2,0,0
ADM3,CM008001004,Mbouda,CM008001,Bamboutos,260.81,260.81,18,1,0,15,2,0,0
ADM3,CM008002001,Bafang,CM008002,Haut-Nkam,106.92,106.92,11,1,0,10,0,0,0
ADM3,CM008002002,Bakou,CM008002,Haut-Nkam,176.76,176.76,14,0,1,13,0,0,0
ADM3,CM008002003,Bana,CM008002,Haut-Nkam,114.26,114.26,5,0,1,4,0,0,0
ADM3,CM008002004,Bandja,CM008002,Haut-Nkam,213.46,213.46,11,0,1,9,1,0,0
ADM3,CM008002005,Banka,CM008002,Haut-Nkam,120.83,120.83,13,0,1,12,0,0,0
ADM3,CM008002006,Banwa,CM008002,Haut-Nkam,107.69,107.69,11,0,1,10,0,0,0
ADM3,CM008002007,Kekem,CM008002,Haut-Nkam,129.08,129.08,9,0,1,8,0,0,0
ADM3,CM008003001,Baham,CM008003,Hauts-Plateaux,76.03,76.03,15,0,1,14,0,0,0
ADM3,CM008003002,Bamendjou,CM008003,Hauts-Plateaux,129.49,129.49,16,0,2,12,2,0,0
ADM3,CM008003003,Bangou,CM008003,Hauts-Plateaux,155.84,155.84,11,0,3,8,0,0,0
ADM3,CM008003004,Batie,CM008003,Hauts-Plateaux,72.33,72.33,7,0,1,4,2,0,0
ADM3,CM008004001,Bayangam,CM008004,Koung-Khi,77.95,77.95,10,0,1,9,0,0,0
ADM3,CM008004002,Djebem,CM008004,Koung-Khi,122.3,122.3,10,0,1,9,0,0,0
ADM3,CM008004003,Poumougne,CM008004,Koung-Khi,143.75,143.75,17,0,1,16,0,0,0
ADM3,CM008005001,Dschang,CM008005,Menoua,221.14,221.14,14,1,0,3,2,0,8
ADM3,CM008005002,Fokoue,CM008005,Menoua,169.07,169.07,10,0,1,7,2,0,0
ADM3,CM008005003,Fongo-Tongo,CM008005,Menoua,151.5,151.5,6,0,1,5,0,0,0
ADM3,CM008005004,Nkong-Ni,CM008005,Menoua,210.73,210.73,19,0,1,17,0,0,1
ADM3,CM008005005,Penka-Michel,CM008005,Menoua,269.98,269.98,22,0,1,19,1,0,1
ADM3,CM008005006,Santchou,CM008005,Menoua,362.53,362.53,12,0,1,11,0,0,0
ADM3,CM008006001,Bafoussam 1er,CM008006,Mifi,140.95,140.95,25,1,0,20,0,1,3
ADM3,CM008006002,Bafoussam 2e,CM008006,Mifi,178.46,178.47,14,0,1,12,1,0,0
ADM3,CM008006003,Bafoussam 3e,CM008006,Mifi,90.57,90.57,12,0,1,8,0,0,3
ADM3,CM008007001,Bangangte,CM008007,Ndé,828.74,828.74,31,1,0,29,0,0,1
ADM3,CM008007002,Bassamba,CM008007,Ndé,11.37,11.37,2,0,1,1,0,0,0
ADM3,CM008007003,Bazou,CM008007,Ndé,221.42,221.42,9,0,1,8,0,0,0
ADM3,CM008007004,Tonga,CM008007,Ndé,532.91,532.91,12,0,1,11,0,0,0
ADM3,CM008008001,Bangourain,CM008008,Noun,394.63,394.63,8,0,1,7,0,0,0
ADM3,CM008008002,Foumban,CM008008,Noun,560.23,560.23,29,1,0,23,0,0,5
ADM3,CM008008003,Foumbot,CM008008,Noun,759.55,759.55,31,0,1,30,0,0,0
ADM3,CM008008004,Kouoptamo,CM008008,Noun,312.43,312.43,20,0,1,18,1,0,0
ADM3,CM008008005,Koutaba,CM008008,Noun,451.07,451.07,32,0,1,29,2,0,0
ADM3,CM008008006,Magba,CM008008,Noun,1174.2,1174.2,42,0,1,41,0,0,0
ADM3,CM008008007,Malantouen,CM008008,Noun,1084.38,1084.39,27,0,1,26,0,0,0
ADM3,CM008008008,Massangam,CM008008,Noun,2208.66,2208.65,24,0,1,23,0,0,0
ADM3,CM008008009,Njimom,CM008008,Noun,700.59,700.59,13,0,1,12,0,0,0
ADM3,CM009001001,Bengbis,CM009001,Dja-et-Lobo,2254.33,2254.3,79,0,1,77,1,0,0
ADM3,CM009001002,Djoum,CM009001,Dja-et-Lobo,5441.67,5441.67,51,0,1,50,0,0,0
ADM3,CM009001003,Meyomessala,CM009001,Dja-et-Lobo,2118.88,2118.99,130,0,1,124,5,0,0
ADM3,CM009001004,Meyomessi,CM009001,Dja-et-Lobo,1240.66,1240.55,34,0,1,33,0,0,0
ADM3,CM009001005,Mintom,CM009001,Dja-et-Lobo,4062.89,4062.99,59,0,1,49,9,0,0
ADM3,CM009001006,Oveng,CM009001,Dja-et-Lobo,1781.6,1781.6,28,0,1,27,0,0,0
ADM3,CM009001007,Sangmelima,CM009001,Dja-et-Lobo,1935.61,1935.63,112,1,1,110,0,0,0
ADM3,CM009001008,Zoetele,CM009001,Dja-et-Lobo,1086.58,1086.57,68,0,2,66,0,0,0
ADM3,CM009002001,Biwong-Bane,CM009002,Mvila,458.41,458.41,27,0,1,26,0,0,0
ADM3,CM009002002,Biwong-Bulu,CM009002,Mvila,977.66,977.64,37,0,0,37,0,0,0
ADM3,CM009002003,Ebolowa 1er,CM009002,Mvila,734.72,734.72,40,0,3,37,0,0,0
ADM3,CM009002004,Ebolowa 2e,CM009002,Mvila,1994.74,1994.99,93,1,0,90,0,2,0
ADM3,CM009002005,Efoulan,CM009002,Mvila,856.43,856.39,32,0,1,31,0,0,0
ADM3,CM009002006,Mengong,CM009002,Mvila,886.37,886.39,61,0,1,60,0,0,0
ADM3,CM009002007,Mvangane,CM009002,Mvila,2078.98,2078.96,72,0,1,71,0,0,0
ADM3,CM009002008,Ngoulemakong,CM009002,Mvila,690.35,690.35,47,0,1,46,0,0,0
ADM3,CM009003001,Akom 2,CM009003,Océan,1931.33,1931.34,32,0,1,31,0,0,0
ADM3,CM009003002,Bipindi,CM009003,Océan,1319.64,1319.63,25,0,1,23,1,0,0
ADM3,CM009003003,Campo,CM009003,Océan,2755.75,2755.74,39,0,1,32,6,0,0
ADM3,CM009003004,Kribi 1er,CM009003,Océan,203.28,203.28,25,0,0,24,1,0,0
ADM3,CM009003005,Kribi 2e,CM009003,Océan,104.91,104.91,22,1,1,15,1,0,4
ADM3,CM009003006,Lokoundje,CM009003,Océan,2289.48,2289.48,51,0,2,47,2,0,0
ADM3,CM009003007,Lolodorf,CM009003,Océan,963.99,964.03,24,0,2,22,0,0,0
ADM3,CM009003008,Mvengue,CM009003,Océan,819.1,819.1,27,0,1,26,0,0,0
ADM3,CM009003009,Niete,CM009003,Océan,1000.62,1000.62,30,0,1,9,20,0,0
ADM3,CM009004001,Ambam,CM009004,Vallée-du-Ntem,2452.53,2452.28,94,1,0,93,0,0,0
ADM3,CM009004002,Kye-Ossi,CM009004,Vallée-du-Ntem,268.39,268.39,23,0,1,22,0,0,0
ADM3,CM009004003,Maan,CM009004,Vallée-du-Ntem,3987.04,3987.09,51,0,1,50,0,0,0
ADM3,CM009004004,Olamze,CM009004,Vallée-du-Ntem,477.05,477.13,35,0,2,32,1,0,0
ADM3,CM010001001,Buea,CM010001,Fako,534.22,534.22,39,3,0,35,0,1,0
ADM3,CM010001002,Limbe 1st,CM010001,Fako,79.9,79.9,6,1,0,2,0,1,2
ADM3,CM010001003,Limbe 2nd,CM010001,Fako,58.36,58.36,15,0,0,10,2,3,0
ADM3,CM010001004,Limbe 3rd,CM010001,Fako,113.02,113.02,13,0,0,11,1,1,0
ADM3,CM010001005,Muyuka,CM010001,Fako,476.34,476.35,28,0,1,27,0,0,0
ADM3,CM010001006,Tiko,CM010001,Fako,468.73,468.73,37,0,5,27,5,0,0
ADM3,CM010001007,West-Coast,CM010001,Fako,305.71,305.71,8,0,0,7,1,0,0
ADM3,CM010002001,Bangem,CM010002,Kupe-Manenguba,572.48,572.48,36,0,1,32,3,0,0
ADM3,CM010002002,Nguti,CM010002,Kupe-Manenguba,1850.56,1850.54,98,0,0,51,47,0,0
ADM3,CM010002003,Tombel,CM010002,Kupe-Manenguba,1029.34,1029.34,36,0,1,35,0,0,0
ADM3,CM010003001,Alou,CM010003,Lebialem,152.78,152.78,26,0,0,21,0,0,5
ADM3,CM010003002,Fontem,CM010003,Lebialem,236.66,236.66,36,0,1,18,17,0,0
ADM3,CM010003003,Wabane,CM010003,Lebialem,252.29,252.29,16,0,0,16,0,0,0
ADM3,CM010004001,Akwaya,CM010004,Manyu,3681.47,3681.47,65,0,1,32,32,0,0
ADM3,CM010004002,Eyumodjock,CM010004,Manyu,1372.58,1372.58,32,0,1,18,13,0,0
ADM3,CM010004003,Mamfe,CM010004,Manyu,3199.42,3199.42,87,0,1,78,8,0,0
ADM3,CM010004004,Upper Bayang,CM010004,Manyu,1217.44,1217.45,37,0,0,37,0,0,0
ADM3,CM010005001,Konye,CM010005,Meme,977.03,977.03,47,1,0,46,0,0,0
ADM3,CM010005002,Kumba 1st,CM010005,Meme,431.1,431.1,29,0,0,28,1,0,0
ADM3,CM010005003,Kumba 2nd,CM010005,Meme,229.9,229.9,7,1,0,6,0,0,0
ADM3,CM010005004,Kumba 3rd,CM010005,Meme,408.28,408.28,13,0,0,13,0,0,0
ADM3,CM010005005,Mbonge,CM010005,Meme,802.75,802.75,39,0,0,39,0,0,0
ADM3,CM010006001,Bamusso,CM010006,Ndian,670.3,670.3,26,0,0,25,1,0,0
ADM3,CM010006002,Dikome Balue,CM010006,Ndian,404.73,404.73,15,0,0,15,0,0,0
ADM3,CM010006003,Ekondo Titi,CM010006,Ndian,703.47,703.47,24,0,1,19,4,0,0
ADM3,CM010006004,Idabato,CM010006,Ndian,132.68,132.68,44,0,0,14,30,0,0
ADM3,CM010006005,Isangele,CM010006,Ndian,370.63,370.63,28,0,0,20,8,0,0
ADM3,CM010006006,Kombo Abedimo,CM010006,Ndian,266.92,266.92,48,0,0,12,36,0,0
ADM3,CM010006007,Kombo Itindi,CM010006,Ndian,415.41,415.41,30,0,0,16,14,0,0
ADM3,CM010006008,Mundemba,CM010006,Ndian,1857.55,1857.55,44,0,1,28,15,0,0
ADM3,CM010006009,Toko,CM010006,Ndian,1492.21,1492.21,18,0,1,14,3,0,0
