id,company,entity,fiscal_year,period_end,period_months,statement,item,value,currency,scale,fx_to_usd,fx_note,use,publisher,url,date_published,status,grade,notes,country,page
DB001,M-KOPA,M-KOPA Holdings Ltd (CH 10891868),2024,2024-12-31,12,IS,REV,416,USD,1000000,1,Source USD figure (KES 53.7bn),0,TechCabal (citing UK filings),https://techcabal.com/2025/10/07/m-kopa-turns-first-ever-profit-revenue-surges-66-416/,2025-10-07,CONFLICTING SOURCES,C,"CONFLICT with DB002 (USD 253.5m). Excluded until the Companies House filing is read. Suspended 3 Oct 2026 (register E4): the entity attribution to CH 10891868 is unverified, and the filing held is M-KOPA UK LIMITED (10229661), a subsidiary whose revenue is carbon credit sales.",TO VERIFY,PAGE TO VERIFY
DB002,M-KOPA,M-KOPA Holdings Ltd (CH 10891868),2024,2024-12-31,12,IS,REV,253.5,USD,1000000,1,Source USD figure,0,Kenyan Wall Street / Dabafinance,https://kenyanwallstreet.com/m-kopa-posts-first-ever-profit-bets-on-e-mobility-for-next-growth-phase/,2025,CONFLICTING SOURCES,C,"CONFLICT with DB001: may be a different revenue line (e.g. excluding interest income). Excluded until resolved. Suspended 3 Oct 2026 (register E4): the entity attribution to CH 10891868 is unverified, and the filing held is M-KOPA UK LIMITED (10229661), a subsidiary whose revenue is carbon credit sales.",TO VERIFY,PAGE TO VERIFY
DB003,M-KOPA,M-KOPA Holdings Ltd (CH 10891868),2024,2024-12-31,12,KPI,REV_GROWTH,0.66,ratio,1,,Reported growth,0,TechCabal; Kenyan Wall Street,https://techcabal.com/2025/10/07/m-kopa-turns-first-ever-profit-revenue-surges-66-416/,2025-10-07,PENDING PRIMARY DOCUMENT,C,"Both sources report +66%. Suspended 3 Oct 2026 (register E4): the entity attribution to CH 10891868 is unverified, and the filing held is M-KOPA UK LIMITED (10229661), a subsidiary whose revenue is carbon credit sales.",TO VERIFY,PAGE TO VERIFY
DB004,M-KOPA,M-KOPA Holdings Ltd (CH 10891868),2024,2024-12-31,12,IS,NI,9.2,USD,1000000,1,Source USD figure (KES 1.2bn),0,TechCabal; Kenya Times,https://thekenyatimes.com/business/m-kopa-records-ksh-1-2-billion-profit/,2025-10,PENDING PRIMARY DOCUMENT,C,"First reported profit. Suspended 3 Oct 2026 (register E4): the entity attribution to CH 10891868 is unverified, and the filing held is M-KOPA UK LIMITED (10229661), a subsidiary whose revenue is carbon credit sales.",TO VERIFY,PAGE TO VERIFY
DB005,M-KOPA,M-KOPA Holdings Ltd (CH 10891868),2023,2023-12-31,12,IS,NI,-24.7,USD,1000000,1,Source USD figure (KES -3.2bn),0,TechCabal,https://techcabal.com/2025/10/07/m-kopa-turns-first-ever-profit-revenue-surges-66-416/,2025-10-07,CONFLICTING SOURCES,C,"CONFLICT with DB006 (USD -20.6m). Excluded until resolved. Suspended 3 Oct 2026 (register E4): the entity attribution to CH 10891868 is unverified, and the filing held is M-KOPA UK LIMITED (10229661), a subsidiary whose revenue is carbon credit sales.",TO VERIFY,PAGE TO VERIFY
DB006,M-KOPA,M-KOPA Holdings Ltd (CH 10891868),2023,2023-12-31,12,IS,NI,-20.6,USD,1000000,1,Source USD figure,0,Kenyan Wall Street,https://kenyanwallstreet.com/m-kopa-posts-first-ever-profit-bets-on-e-mobility-for-next-growth-phase/,2025,CONFLICTING SOURCES,C,"CONFLICT with DB005. Excluded until resolved. Suspended 3 Oct 2026 (register E4): the entity attribution to CH 10891868 is unverified, and the filing held is M-KOPA UK LIMITED (10229661), a subsidiary whose revenue is carbon credit sales.",TO VERIFY,PAGE TO VERIFY
DB007,M-KOPA,M-KOPA Holdings Ltd (CH 10891868),2024,2024-12-31,12,IS,REV_FIN,164.5,USD,1000000,1,Source USD figure,0,Kenyan Wall Street,https://kenyanwallstreet.com/m-kopa-posts-first-ever-profit-bets-on-e-mobility-for-next-growth-phase/,2025,PENDING PRIMARY DOCUMENT,C,"Interest income on customer repayments. Suspended 3 Oct 2026 (register E4): the entity attribution to CH 10891868 is unverified, and the filing held is M-KOPA UK LIMITED (10229661), a subsidiary whose revenue is carbon credit sales.",TO VERIFY,PAGE TO VERIFY
DB008,M-KOPA,M-KOPA Holdings Ltd (CH 10891868),2024,2024-12-31,12,IS,ECL,63,USD,1000000,1,Source USD figure,0,Kenyan Wall Street,https://kenyanwallstreet.com/m-kopa-posts-first-ever-profit-bets-on-e-mobility-for-next-growth-phase/,2025,PENDING PRIMARY DOCUMENT,C,"Expected credit losses on loans (about 2x 2023). Suspended 3 Oct 2026 (register E4): the entity attribution to CH 10891868 is unverified, and the filing held is M-KOPA UK LIMITED (10229661), a subsidiary whose revenue is carbon credit sales.",TO VERIFY,PAGE TO VERIFY
DB009,M-KOPA,M-KOPA Holdings Ltd (CH 10891868),2024,2024-12-31,12,IS,EBIT,51,USD,1000000,1,Source USD figure,0,Dabafinance / Kenyan Wall Street,https://dabafinance.com/en/news/m-kopa-profit-2024-digital-finance-africa,2025,PENDING PRIMARY DOCUMENT,C,"Reported as operating income (about 5x 2023). Suspended 3 Oct 2026 (register E4): the entity attribution to CH 10891868 is unverified, and the filing held is M-KOPA UK LIMITED (10229661), a subsidiary whose revenue is carbon credit sales.",TO VERIFY,PAGE TO VERIFY
DB010,M-KOPA,M-KOPA Holdings Ltd (CH 10891868),2024,2024-12-31,12,KPI,RAGP,173,USD,1000000,1,Source USD figure,0,Dabafinance / Kenyan Wall Street,https://dabafinance.com/en/news/m-kopa-profit-2024-digital-finance-africa,2025,PENDING PRIMARY DOCUMENT,C,"Risk-adjusted gross profit: NON-IFRS measure (+80%). Suspended 3 Oct 2026 (register E4): the entity attribution to CH 10891868 is unverified, and the filing held is M-KOPA UK LIMITED (10229661), a subsidiary whose revenue is carbon credit sales.",TO VERIFY,PAGE TO VERIFY
DB011,M-KOPA,M-KOPA Holdings Ltd (CH 10891868),2024,2024-12-31,12,BS,TOTAL_ASSETS,363,USD,1000000,1,Source USD figure,0,Kenyan Wall Street,https://kenyanwallstreet.com/m-kopa-posts-first-ever-profit-bets-on-e-mobility-for-next-growth-phase/,2025,PENDING PRIMARY DOCUMENT,C,"Suspended 3 Oct 2026 (register E4): the entity attribution to CH 10891868 is unverified, and the filing held is M-KOPA UK LIMITED (10229661), a subsidiary whose revenue is carbon credit sales.",TO VERIFY,PAGE TO VERIFY
DB012,M-KOPA,M-KOPA Holdings Ltd (CH 10891868),2024,2024-12-31,12,BS,TOTAL_LIAB,281,USD,1000000,1,Source USD figure,0,Kenyan Wall Street,https://kenyanwallstreet.com/m-kopa-posts-first-ever-profit-bets-on-e-mobility-for-next-growth-phase/,2025,PENDING PRIMARY DOCUMENT,C,"Equity is derived in Benchmark_KPIs (assets: liabilities); not reported. Suspended 3 Oct 2026 (register E4): the entity attribution to CH 10891868 is unverified, and the filing held is M-KOPA UK LIMITED (10229661), a subsidiary whose revenue is carbon credit sales.",TO VERIFY,PAGE TO VERIFY
DB013,M-KOPA,M-KOPA Holdings Ltd (CH 10891868),2024,2024-12-31,12,OP,CUST_CUM,7,count,1000000,,Count,0,Kenyan Wall Street,https://kenyanwallstreet.com/m-kopa-posts-first-ever-profit-bets-on-e-mobility-for-next-growth-phase/,2025,PENDING PRIMARY DOCUMENT,C,"Cumulative customers (7m+); KES 310bn+ cumulative credit disbursed. Suspended 3 Oct 2026 (register E4): the entity attribution to CH 10891868 is unverified, and the filing held is M-KOPA UK LIMITED (10229661), a subsidiary whose revenue is carbon credit sales.",TO VERIFY,PAGE TO VERIFY
DB014,M-KOPA,M-KOPA Holdings Ltd (CH 10891868),2023,2023-12-31,12,IS,REV,248,USD,1000000,1,Source USD figure,0,Search summary (source unclear),https://en.wikipedia.org/wiki/M-Kopa,n/d,NOT USED,D,"Source unclear: excluded. Suspended 3 Oct 2026 (register E4): the entity attribution to CH 10891868 is unverified, and the filing held is M-KOPA UK LIMITED (10229661), a subsidiary whose revenue is carbon credit sales.",TO VERIFY,PAGE TO VERIFY
DB015,Bboxx,BBOXX LTD (CH 07177839),2022,2022-12-31,12,IS,REV,31.9,GBP,1000000,,No verified FX,0,Tracxn (aggregator),https://tracxn.com/d/legal-entities/united-kingdom/bboxx-ltd/__xMziLabWpSIZlMZbPsYe8bYftVfk4Wfa5ezh0gqc4Ak,n/d,secondary aggregator; source to confirm,D,CONFLICT with DB016 (USD 21.34m). Extract filed accounts.,TO VERIFY,PAGE TO VERIFY
DB016,Bboxx,BBOXX LTD (CH 07177839),2022,2022-12-31,12,IS,REV,21.34,USD,1000000,1,Source USD figure,0,CB Insights (aggregator),https://www.cbinsights.com/company/bboxx/financials,n/d,secondary aggregator; source to confirm,D,CONFLICT with DB015.,TO VERIFY,PAGE TO VERIFY
DB017,Bboxx,BBOXX LTD (CH 07177839),2018,2018-12-31,12,IS,REV,13.2,GBP,1000000,,No verified FX,0,Aggregator (search summary),http://companycheck.co.uk/company/07177839/BBOXX-LTD,n/d,secondary summary; source to confirm,D,Source unclear.,TO VERIFY,PAGE TO VERIFY
DB018,Bboxx,BBOXX LTD (CH 07177839),2018,2018-12-31,12,IS,NI,-17.3,GBP,1000000,,No verified FX,0,Aggregator (search summary),http://companycheck.co.uk/company/07177839/BBOXX-LTD,n/d,secondary summary; source to confirm,D,Source unclear.,TO VERIFY,PAGE TO VERIFY
DB019,Bboxx,Bboxx group,2019,2019-12-31,12,OP,CUST_ACTIVE,188000,count,1,,Count,1,Bboxx Annual Report 2019,https://www.bboxx.com/wp-content/uploads/Bboxx_Annual_Report_2019.pdf,2020,company report,B,11 markets. Financials in the PDF not accessed.,TO VERIFY,PAGE TO VERIFY
DB020,Bboxx,Bboxx group,2022,2022-12-31,12,OP,UNITS,176000,count,1,,Count,0,Search summary (source unclear),https://impactalpha.com/?p=95466,2023,secondary summary; source to confirm,D,">176,000 products sold incl. PEG after Sep-2022 acquisition.",TO VERIFY,PAGE TO VERIFY
DB021,Sun King,Greenlight Planet group,,,,IS,REV,814.7,USD,1000000,1,Source USD figure,0,ZoomInfo / CB Insights (aggregator),https://www.cbinsights.com/company/greenlight-planet/financials,n/d,aggregator; source to confirm,D,Period not stated: excluded.,TO VERIFY,PAGE TO VERIFY
DB022,Sun King,Greenlight Planet group,2025,2025-07-31,12,OP,LOANS_CUM,1300,USD,1000000,1,Source USD figure,1,Citigroup; African Business,https://african.business/2025/10/energy-resources/sun-king-targets-next-growth-phase-after-156m-securitisation,2025-10,secondary source; primary document not yet reviewed,C,Cumulative solar loans to Jul 2025.,TO VERIFY,PAGE TO VERIFY
DB023,Sun King,Greenlight Planet group,2025,2025-07-31,12,OP,CUST_CUM,10,count,1000000,,Count,1,Citigroup; African Business,https://african.business/2025/10/energy-resources/sun-king-targets-next-growth-phase-after-156m-securitisation,2025-10,secondary source; primary document not yet reviewed,C,"""Almost 10 million"" cumulative loan customers: not active.",TO VERIFY,PAGE TO VERIFY
DB024,Sun King,Sun King Kenya SPV,2025,2025-07-31,12,CF,SECURITISATION,156,USD,1000000,1,Source USD figure (KES 20.1bn),1,Sun King / Citi,https://sunking.com/news-blog/156m-sun-king-securitisation-to-deliver-solar-for-over-a-million-kenyans/,2025-07,company release,B,125 senior (5 banks) + 31 mezzanine (DFIs).,TO VERIFY,PAGE TO VERIFY
DB025,Sun King,Sun King Kenya SPV,2023,2023-05-31,12,CF,SECURITISATION,130,USD,1000000,1,Source USD figure,1,Sun King,https://sunking.com/news-blog/sun-king-and-citi-close-first-130-million-securitisation-to-broaden-access-to-finance-for-off-grid-solar-in-kenya/,2023,company release,B,KES-denominated.,TO VERIFY,PAGE TO VERIFY
DB026,d.light,d.light group,2024,2024-07-31,12,CF,SECURITISATION,176,USD,1000000,1,Source USD figure,1,Techpoint Africa,https://techpoint.africa/2024/07/17/d-light-raises-176m/,2024-07-17,secondary source; primary document not yet reviewed,C,Multi-currency (Kenya / Tanzania / Uganda). 718m purchase value across 5 facilities since 2020.,TO VERIFY,PAGE TO VERIFY
DB027,d.light,d.light group,2023,2023-08-31,12,CF,SECURITISATION,30,USD,1000000,1,Source USD figure,1,Mercom,https://www.mercomindia.com/d-light-secures-30-million-securitization-facility,2023,secondary,C,From TDB; purchase capacity up to 125m of receivables.,TO VERIFY,PAGE TO VERIFY
DB028,d.light,d.light group,2023,2023-06-30,6,KPI,REV_GROWTH,0.41,ratio,1,,Reported growth,1,d.light via PR Newswire,https://www.prnewswire.co.uk/news-releases/dlight-revenues-surge-by-41-percent-in-first-six-months-of-2023-driven-by-143-percent-growth-in-nigeria-301919233.html,2023-09,company release,B,Half-year: never mixed into annual KPIs.,TO VERIFY,PAGE TO VERIFY
DB029,d.light,d.light group,2023,2023-12-31,12,IS,REV,301.2,USD,1000000,1,Source USD figure,0,Third-party database,https://www.bitscale.ai/directory/dlight,n/d,ESTIMATE,D,Do not use as a hard benchmark.,TO VERIFY,PAGE TO VERIFY
DB030,Watu,Watu Credit / Holdings,2025,2025-12-31,12,IS,REV,28.3,KES,1000000000,0.007746,Implied by TechCabal USD conversion (USD 219.2m); replace with CBK average rate,1,TechCabal,https://techcabal.com/2026/05/11/watu-posts-37-million-profit-smartphone-boom/,2026-05-11,secondary source; primary document not yet reviewed,C,Asset-finance comparable (motorcycles / smartphones): not solar. +92.7% reported.,TO VERIFY,PAGE TO VERIFY
DB031,Watu,Watu Credit / Holdings,2025,2025-12-31,12,IS,NI,4.8,KES,1000000000,0.007746,Implied by TechCabal USD conversion (USD 37m),1,TechCabal,https://techcabal.com/2026/05/11/watu-posts-37-million-profit-smartphone-boom/,2026-05-11,secondary source; primary document not yet reviewed,C,,TO VERIFY,PAGE TO VERIFY
DB032,Watu,Watu Credit / Holdings,2025,2025-12-31,12,KPI,REV_GROWTH,0.927,ratio,1,,Reported growth,1,TechCabal,https://techcabal.com/2026/05/11/watu-posts-37-million-profit-smartphone-boom/,2026-05-11,secondary source; primary document not yet reviewed,C,Inconsistent with FY2024 gross revenue of KES 29.9bn (different definition).,TO VERIFY,PAGE TO VERIFY
DB033,Watu,Watu Credit / Holdings,2024,2024-12-31,12,IS,REV,29.9,KES,1000000000,0.007746,Approximation (FY2025-implied rate),0,TechCabal,https://techcabal.com/2025/05/22/watu-profits-drop-85-1-2-million/,2025-05-22,secondary source; primary document not yet reviewed,C,"""Gross revenue"": definition differs from FY2025 revenue; excluded from the matrix.",TO VERIFY,PAGE TO VERIFY
DB034,Watu,Watu Credit / Holdings,2024,2024-12-31,12,IS,NI,0.157,KES,1000000000,0.007746,Approximation (FY2025-implied rate),1,TechCabal,https://techcabal.com/2025/05/22/watu-profits-drop-85-1-2-million/,2025-05-22,secondary source; primary document not yet reviewed,C,-85% vs FY2023. 1.9m active loans.,TO VERIFY,PAGE TO VERIFY
DB035,Engie Energy Access,Fenix International (Uganda),,,,CF,DEBT_DRAW,12.5,USD,1000000,1,Source USD figure,0,Afrik21,https://afrik21.africa/en/uganda-eib-lends-12-5m-to-fenix-for-solar-electrification-via-solar-kits/amp,n/d,secondary,C,EIB loan; date not stated: excluded from year matrix.,TO VERIFY,PAGE TO VERIFY
DB036,ZOLA Electric,ZOLA Electric,2021,2021-09-30,12,CF,EQUITY_RAISED,45,USD,1000000,1,Source USD figure,1,TechCrunch,https://techcrunch.com/2021/09/23/zola-electric-closes-90m-funding-round-to-scale-technology-and-enter-new-markets,2021-09-23,secondary,C,Part of USD 90m round (45 equity + 45 debt).,TO VERIFY,PAGE TO VERIFY
DB037,ZOLA Electric,ZOLA Electric,2021,2021-09-30,12,CF,DEBT_DRAW,45,USD,1000000,1,Source USD figure,1,TechCrunch,https://techcrunch.com/2021/09/23/zola-electric-closes-90m-funding-round-to-scale-technology-and-enter-new-markets,2021-09-23,secondary,C,Debt from FMO and SunFunder.,TO VERIFY,PAGE TO VERIFY
